{
  "fold_scores": [
    {
      "tick": 200,
      "recall_rate": 0.7055214723926381,
      "precision_rate": 0.2343558282208589,
      "activation_recall_correlation": 0.9893138511592371,
      "fact_episode_delta": 0.3760828625235405,
      "forgetting_curve_smoothness": 0.0026910171991183915,
      "storage_std": 0.2057897902722598,
      "storage_iqr": 0.1847635688849137,
      "storage_gini": 0.3031433548122013,
      "retrieval_std": 0.20574904885598475,
      "retrieval_iqr": 0.1847635688849137,
      "retrieval_gini": 0.3031173705414633,
      "activation_std": 0.2057897902722598,
      "activation_iqr": 0.1847635688849137,
      "activation_gini": 0.3031433548122013,
      "threshold_metrics": {
        "0.1": {
          "recall_rate": 0.7055214723926381,
          "precision_rate": 0.2343558282208589
        },
        "0.2": {
          "recall_rate": 0.7055214723926381,
          "precision_rate": 0.2343558282208589
        },
        "0.3": {
          "recall_rate": 0.7055214723926381,
          "precision_rate": 0.2343558282208589
        },
        "0.4": {
          "recall_rate": 0.7055214723926381,
          "precision_rate": 0.2343558282208589
        },
        "0.5": {
          "recall_rate": 0.7055214723926381,
          "precision_rate": 0.2343558282208589
        },
        "0.6": {
          "recall_rate": 0.7055214723926381,
          "precision_rate": 0.2343558282208589
        },
        "0.7": {
          "recall_rate": 0.7055214723926381,
          "precision_rate": 0.19877300613496932
        },
        "0.8": {
          "recall_rate": 0.7055214723926381,
          "precision_rate": 0.19141104294478528
        },
        "0.9": {
          "recall_rate": 0.6993865030674846,
          "precision_rate": 0.1705521472392638
        }
      },
      "recall_mean": 0.7048398091342877,
      "precision_mean": 0.21854124062713018,
      "threshold_discrimination": 0.00613496932515345,
      "threshold_summary": {
        "threshold_auc": 0.7048398091342877,
        "slope": -0.00613496932515345
      },
      "corr_mean": 0.8452545850174125,
      "corr_score": 0.8452545850174125,
      "smoothness_score": 0.973089828008816,
      "retrieval_score": 0.6496506475800955,
      "forgetting_score": 0.6787064821913827,
      "non_target_mean_storage": 0.32129351780861726,
      "plausibility_score": 0.8452545850174125,
      "overall_score": 0.7087211740533752,
      "composite_score": 0.7087211740533752,
      "mrr_mean": 0.5821972279027494,
      "precision_strict": 0.14096796182685753,
      "precision_lift": 0.0,
      "precision_associative": 0.21854124062713018,
      "similarity_recall_rate": 0.7055214723926381,
      "retention_curve": {
        "40": 1.0,
        "80": 1.0,
        "120": 0.9375,
        "160": 0.7077922077922078,
        "200": 0.7055214723926381
      },
      "retention_auc": 0.8701627360369691,
      "selectivity_score": 0.06339468302658488,
      "robustness_score": 0.0
    },
    {
      "tick": 200,
      "recall_rate": 0.6666666666666666,
      "precision_rate": 0.23647798742138365,
      "activation_recall_correlation": 0.9741691472823536,
      "fact_episode_delta": 0.3987155963302752,
      "forgetting_curve_smoothness": 0.10550849431441782,
      "storage_std": 0.20432591584215548,
      "storage_iqr": 0.1847635688849137,
      "storage_gini": 0.3021266923782161,
      "retrieval_std": 0.2043011507789992,
      "retrieval_iqr": 0.1847635688849137,
      "retrieval_gini": 0.3021116369755665,
      "activation_std": 0.20432591584215548,
      "activation_iqr": 0.1847635688849137,
      "activation_gini": 0.3021266923782161,
      "threshold_metrics": {
        "0.1": {
          "recall_rate": 0.6666666666666666,
          "precision_rate": 0.23647798742138365
        },
        "0.2": {
          "recall_rate": 0.6666666666666666,
          "precision_rate": 0.23647798742138365
        },
        "0.3": {
          "recall_rate": 0.6666666666666666,
          "precision_rate": 0.23647798742138365
        },
        "0.4": {
          "recall_rate": 0.6666666666666666,
          "precision_rate": 0.23647798742138365
        },
        "0.5": {
          "recall_rate": 0.6666666666666666,
          "precision_rate": 0.23647798742138365
        },
        "0.6": {
          "recall_rate": 0.6666666666666666,
          "precision_rate": 0.23647798742138365
        },
        "0.7": {
          "recall_rate": 0.6666666666666666,
          "precision_rate": 0.189937106918239
        },
        "0.8": {
          "recall_rate": 0.6729559748427673,
          "precision_rate": 0.1811320754716981
        },
        "0.9": {
          "recall_rate": 0.6729559748427673,
          "precision_rate": 0.15849056603773584
        }
      },
      "recall_mean": 0.6680642907058002,
      "precision_mean": 0.21649196366177498,
      "threshold_discrimination": 0.0062893081761006275,
      "threshold_summary": {
        "threshold_auc": 0.6680642907058002,
        "slope": 0.0062893081761006275
      },
      "corr_mean": 0.9391730590912528,
      "corr_score": 0.9391730590912528,
      "smoothness_score": 0.0,
      "retrieval_score": 0.622922781271838,
      "forgetting_score": 0.6790633861739424,
      "non_target_mean_storage": 0.32093661382605765,
      "plausibility_score": 0.9391730590912528,
      "overall_score": 0.7216345624424283,
      "composite_score": 0.7216345624424283,
      "mrr_mean": 0.5677498252969951,
      "precision_strict": 0.13361285814116003,
      "precision_lift": 0.0,
      "precision_associative": 0.21649196366177498,
      "similarity_recall_rate": 0.6666666666666666,
      "retention_curve": {
        "40": 0.0,
        "80": 1.0,
        "120": 0.7,
        "160": 0.6827586206896552,
        "200": 0.6666666666666666
      },
      "retention_auc": 0.6098850574712643,
      "selectivity_score": 0.05073375262054508,
      "robustness_score": 0.0
    },
    {
      "tick": 200,
      "recall_rate": 0.65,
      "precision_rate": 0.24888888888888888,
      "activation_recall_correlation": 0.9735551949803486,
      "fact_episode_delta": 0.29454545454545444,
      "forgetting_curve_smoothness": 0.10090636519035798,
      "storage_std": 0.20635440683447975,
      "storage_iqr": 0.1847635688849137,
      "storage_gini": 0.3037007968242657,
      "retrieval_std": 0.20626496222896054,
      "retrieval_iqr": 0.1847635688849137,
      "retrieval_gini": 0.3036443343632549,
      "activation_std": 0.20635440683447975,
      "activation_iqr": 0.1847635688849137,
      "activation_gini": 0.3037007968242657,
      "threshold_metrics": {
        "0.1": {
          "recall_rate": 0.65,
          "precision_rate": 0.24888888888888888
        },
        "0.2": {
          "recall_rate": 0.65,
          "precision_rate": 0.24888888888888888
        },
        "0.3": {
          "recall_rate": 0.65,
          "precision_rate": 0.24888888888888888
        },
        "0.4": {
          "recall_rate": 0.65,
          "precision_rate": 0.24888888888888888
        },
        "0.5": {
          "recall_rate": 0.65,
          "precision_rate": 0.24888888888888888
        },
        "0.6": {
          "recall_rate": 0.65,
          "precision_rate": 0.24888888888888888
        },
        "0.7": {
          "recall_rate": 0.6555555555555556,
          "precision_rate": 0.20777777777777778
        },
        "0.8": {
          "recall_rate": 0.65,
          "precision_rate": 0.2
        },
        "0.9": {
          "recall_rate": 0.65,
          "precision_rate": 0.17222222222222222
        }
      },
      "recall_mean": 0.6506172839506174,
      "precision_mean": 0.23037037037037036,
      "threshold_discrimination": 0.005555555555555536,
      "threshold_summary": {
        "threshold_auc": 0.6506172839506174,
        "slope": 0.0
      },
      "corr_mean": 0.8623161761210741,
      "corr_score": 0.8623161761210741,
      "smoothness_score": 0.0,
      "retrieval_score": 0.6076867283950618,