{
  "fold_scores": [
    {
      "tick": 200,
      "recall_rate": 0.6932515337423313,
      "precision_rate": 0.2687116564417178,
      "activation_recall_correlation": 0.9435870201237156,
      "fact_episode_delta": 0.3316384180790961,
      "forgetting_curve_smoothness": 0.004064961116402913,
      "storage_std": 0.2064565322927305,
      "storage_iqr": 0.299746874601266,
      "storage_gini": 0.21825987938066507,
      "retrieval_std": 0.20644717989222366,
      "retrieval_iqr": 0.299746874601266,
      "retrieval_gini": 0.21825403455093823,
      "activation_std": 0.2064565322927305,
      "activation_iqr": 0.299746874601266,
      "activation_gini": 0.21825987938066507,
      "threshold_metrics": {
        "0.1": {
          "recall_rate": 0.6932515337423313,
          "precision_rate": 0.2687116564417178
        },
        "0.2": {
          "recall_rate": 0.6932515337423313,
          "precision_rate": 0.2687116564417178
        },
        "0.3": {
          "recall_rate": 0.6932515337423313,
          "precision_rate": 0.2687116564417178
        },
        "0.4": {
          "recall_rate": 0.6932515337423313,
          "precision_rate": 0.2687116564417178
        },
        "0.5": {
          "recall_rate": 0.6932515337423313,
          "precision_rate": 0.2687116564417178
        },
        "0.6": {
          "recall_rate": 0.6932515337423313,
          "precision_rate": 0.2687116564417178
        },
        "0.7": {
          "recall_rate": 0.7116564417177914,
          "precision_rate": 0.27975460122699386
        },
        "0.8": {
          "recall_rate": 0.7239263803680982,
          "precision_rate": 0.20736196319018405
        },
        "0.9": {
          "recall_rate": 0.6993865030674846,
          "precision_rate": 0.19141104294478528
        }
      },
      "recall_mean": 0.6993865030674846,
      "precision_mean": 0.25453306066802994,
      "threshold_discrimination": 0.030674846625766916,
      "threshold_summary": {
        "threshold_auc": 0.6993865030674846,
        "slope": 0.006134969325153339
      },
      "corr_mean": 0.8739971276011503,
      "corr_score": 0.8739971276011503,
      "smoothness_score": 0.9593503888359709,
      "retrieval_score": 0.4396898432174505,
      "plausibility_score": 0.9166737582185607,
      "overall_score": 0.6781818007180056,
      "composite_score": 0.6781818007180056,
      "mrr_mean": 0.5331174733015224,
      "precision_strict": 0.13987730061349696,
      "precision_lift": 2.7755575615628914e-17,
      "precision_associative": 0.25453306066802994,
      "similarity_recall_rate": 0.6932515337423313,
      "retention_curve": {
        "40": 1.0,
        "80": 1.0,
        "120": 0.8125,
        "160": 0.6623376623376623,
        "200": 0.6932515337423313
      },
      "retention_auc": 0.8336178392159986,
      "selectivity_score": 0.025221540558963973,
      "robustness_score": 0.0,
      "eval_v2_score": 0.38395556684283677
    },
    {
      "tick": 200,
      "recall_rate": 0.6415094339622641,
      "precision_rate": 0.2578616352201258,
      "activation_recall_correlation": 0.913049929473931,
      "fact_episode_delta": 0.28954128440366966,
      "forgetting_curve_smoothness": 0.10131413210398865,
      "storage_std": 0.20610103394947338,
      "storage_iqr": 0.299746874601266,
      "storage_gini": 0.21813643210404343,
      "retrieval_std": 0.2060647367023582,
      "retrieval_iqr": 0.299746874601266,
      "retrieval_gini": 0.21811258455748855,
      "activation_std": 0.20610103394947338,
      "activation_iqr": 0.299746874601266,
      "activation_gini": 0.21813643210404343,
      "threshold_metrics": {
        "0.1": {
          "recall_rate": 0.6415094339622641,
          "precision_rate": 0.2578616352201258
        },
        "0.2": {
          "recall_rate": 0.6415094339622641,
          "precision_rate": 0.2578616352201258
        },
        "0.3": {
          "recall_rate": 0.6415094339622641,
          "precision_rate": 0.2578616352201258
        },
        "0.4": {
          "recall_rate": 0.6415094339622641,
          "precision_rate": 0.2578616352201258
        },
        "0.5": {
          "recall_rate": 0.6415094339622641,
          "precision_rate": 0.2578616352201258
        },
        "0.6": {
          "recall_rate": 0.6415094339622641,
          "precision_rate": 0.2578616352201258
        },
        "0.7": {
          "recall_rate": 0.660377358490566,
          "precision_rate": 0.2679245283018868
        },
        "0.8": {
          "recall_rate": 0.7044025157232704,
          "precision_rate": 0.2088050314465409
        },
        "0.9": {
          "recall_rate": 0.6729559748427673,
          "precision_rate": 0.19119496855345913
        }
      },
      "recall_mean": 0.6540880503144654,
      "precision_mean": 0.24612159329140462,
      "threshold_discrimination": 0.06289308176100628,
      "threshold_summary": {
        "threshold_auc": 0.6540880503144654,
        "slope": 0.03144654088050314
      },
      "corr_mean": 0.8576254105168647,
      "corr_score": 0.8576254105168647,
      "smoothness_score": 0.0,
      "retrieval_score": 0.40897973445143254,
      "plausibility_score": 0.42881270525843235,
      "overall_score": 0.4188962198549324,
      "composite_score": 0.4188962198549324,
      "mrr_mean": 0.49114838108548803,
      "precision_strict": 0.13081761006289308,
      "precision_lift": 0.0,
      "precision_associative": 0.24612159329140462,
      "similarity_recall_rate": 0.6415094339622641,
      "retention_curve": {
        "40": 0.0,
        "80": 1.0,
        "120": 0.8,
        "160": 0.6344827586206897,
        "200": 0.6415094339622641
      },
      "retention_auc": 0.6151984385165907,
      "selectivity_score": 0.015513626834381539,
      "robustness_score": 0.0,
      "eval_v2_score": 0.28226906672449936
    },
    {
      "tick": 200,
      "recall_rate": 0.6111111111111112,
      "precision_rate": 0.2677777777777778,
      "activation_recall_correlation": 0.9033824294875167,
      "fact_episode_delta": 0.19345454545454543,
      "forgetting_curve_smoothness": 0.10695955557429257,
      "storage_std": 0.20645837546378099,
      "storage_iqr": 0.299746874601266,
      "storage_gini": 0.21839587656582843,
      "retrieval_std": 0.20638523002015655,
      "retrieval_iqr": 0.299746874601266,
      "retrieval_gini": 0.21834788849863418,
      "activation_std": 0.20645837546378099,
      "activation_iqr": 0.299746874601266,
      "activation_gini": 0.21839587656582843,
      "threshold_metrics": {
        "0.1": {
          "recall_rate": 0.6111111111111112,
          "precision_rate": 0.2677777777777778
        },
        "0.2": {
          "recall_rate": 0.6111111111111112,
          "precision_rate": 0.2677777777777778
        },
        "0.3": {
          "recall_rate": 0.6111111111111112,
          "precision_rate": 0.2677777777777778
        },
        "0.4": {
          "recall_rate": 0.6111111111111112,
          "precision_rate": 0.2677777777777778
        },
        "0.5": {
          "recall_rate": 0.6111111111111112,
          "precision_rate": 0.2677777777777778
        },
        "0.6": {
          "recall_rate": 0.6166666666666667,
          "precision_rate": 0.2688888888888889
        },
        "0.7": {
          "recall_rate": 0.6333333333333333,
          "precision_rate": 0.2777777777777778
        },
        "0.8": {
          "recall_rate": 0.6555555555555556,
          "precision_rate": 0.20666666666666667
        },
        "0.9": {
          "recall_rate": 0.6388888888888888,
          "precision_rate": 0.19444444444444445
        }
      },
      "recall_mean": 0.6222222222222222,
      "precision_mean": 0.2540740740740741,
      "threshold_discrimination": 0.0444444444444444,
      "threshold_summary": {
        "threshold_auc": 0.6222222222222222,
        "slope": 0.02777777777777768
      },
      "corr_mean": 0.8737160543728,
      "corr_score": 0.8737160543728,
      "smoothness_score": 0.0,