{
  "status": "completed",
  "tick": 200,
  "recall_rate": 0.6013071895424836,
  "precision_rate": 0.27058823529411763,
  "activation_recall_correlation": 0.38889902820970224,
  "fact_episode_delta": 0.4291666666666667,
  "forgetting_curve_smoothness": 0.023421702809672058,
  "storage_std": 0.1900818073475672,
  "storage_iqr": 0.1847635688849137,
  "storage_gini": 0.29167663138580907,
  "retrieval_std": 0.1900818073475672,
  "retrieval_iqr": 0.1847635688849137,
  "retrieval_gini": 0.29167663138580907,
  "activation_std": 0.1900818073475672,
  "activation_iqr": 0.1847635688849137,
  "activation_gini": 0.29167663138580907,
  "threshold_metrics": {
    "0.1": {
      "recall_rate": 0.6013071895424836,
      "precision_rate": 0.27058823529411763
    },
    "0.2": {
      "recall_rate": 0.6013071895424836,
      "precision_rate": 0.27058823529411763
    },
    "0.3": {
      "recall_rate": 0.6013071895424836,
      "precision_rate": 0.27058823529411763
    },
    "0.4": {
      "recall_rate": 0.6013071895424836,
      "precision_rate": 0.27058823529411763
    },
    "0.5": {
      "recall_rate": 0.6013071895424836,
      "precision_rate": 0.27058823529411763
    },
    "0.6": {
      "recall_rate": 0.5947712418300654,
      "precision_rate": 0.2679738562091503
    },
    "0.7": {
      "recall_rate": 0.29411764705882354,
      "precision_rate": 0.10980392156862745
    },
    "0.8": {
      "recall_rate": 0.27450980392156865,
      "precision_rate": 0.09542483660130718
    },
    "0.9": {
      "recall_rate": 0.013071895424836602,
      "precision_rate": 0.00784313725490196
    }
  },
  "recall_mean": 0.4647785039941902,
  "precision_mean": 0.2037763253449528,
  "threshold_discrimination": 0.5882352941176471,
  "threshold_summary": {
    "threshold_auc": 0.4647785039941902,
    "slope": -0.5882352941176471
  },
  "corr_mean": 0.3797321748472158,
  "corr_score": 0.3797321748472158,
  "smoothness_score": 0.7657829719032794,
  "retrieval_score": 0.4066358024691358,
  "forgetting_score": 0.6783972421519033,
  "non_target_mean_storage": 0.3216027578480967,
  "plausibility_score": 0.3797321748472158,
  "overall_score": 0.49502639945262444,
  "composite_score": 0.49502639945262444,
  "mrr_mean": 0.3355725006051803,
  "precision_strict": 0.09295570079883804,
  "precision_lift": 0.0,
  "precision_associative": 0.2037763253449528,
  "similarity_recall_rate": 0.5686274509803921,
  "retention_curve": {
    "40": 1.0,
    "80": 1.0,
    "120": 0.5454545454545454,
    "160": 0.6330935251798561,
    "200": 0.6013071895424836
  },
  "retention_auc": 0.7559710520353771,
  "selectivity_score": 0.0,
  "robustness_score": 0.0,
  "snapshots": [
    {
      "tick": 0,
      "recall_rate": 1.0,
      "precision_rate": 0.2,
      "activation_recall_correlation": 0.0,
      "fact_episode_delta": 1.0,
      "forgetting_curve_smoothness": 0.0
    },
    {
      "tick": 20,
      "recall_rate": 1.0,
      "precision_rate": 0.2,
      "activation_recall_correlation": 0.0,
      "fact_episode_delta": 1.0,
      "forgetting_curve_smoothness": 0.0
    },
    {
      "tick": 40,
      "recall_rate": 1.0,
      "precision_rate": 0.2,
      "activation_recall_correlation": 0.0,
      "fact_episode_delta": 1.0,
      "forgetting_curve_smoothness": 0.0
    },
    {
      "tick": 60,
      "recall_rate": 1.0,
      "precision_rate": 0.45,
      "activation_recall_correlation": 0.0,
      "fact_episode_delta": 1.0,
      "forgetting_curve_smoothness": 0.0
    },
    {
      "tick": 80,
      "recall_rate": 1.0,
      "precision_rate": 0.44,
      "activation_recall_correlation": 0.0,
      "fact_episode_delta": 1.0,
      "forgetting_curve_smoothness": 0.0
    },
    {
      "tick": 100,
      "recall_rate": 1.0,
      "precision_rate": 0.43333333333333335,
      "activation_recall_correlation": 0.0,
      "fact_episode_delta": 1.0,
      "forgetting_curve_smoothness": 0.0
    },
    {
      "tick": 120,
      "recall_rate": 0.5454545454545454,
      "precision_rate": 0.18181818181818182,
      "activation_recall_correlation": 0.20936248374948163,
      "fact_episode_delta": 0.5,
      "forgetting_curve_smoothness": 0.0
    },
    {
      "tick": 140,
      "recall_rate": 0.7291666666666666,
      "precision_rate": 0.3375,
      "activation_recall_correlation": 0.395530095888198,
      "fact_episode_delta": 0.28888888888888886,
      "forgetting_curve_smoothness": 0.028696051423324157
    },
    {
      "tick": 160,
      "recall_rate": 0.6330935251798561,
      "precision_rate": 0.2733812949640288,
      "activation_recall_correlation": 0.29100895765585694,
      "fact_episode_delta": 0.3158452570217276,
      "forgetting_curve_smoothness": 0.03284043472761005
    },
    {
      "tick": 180,
      "recall_rate": 0.62,
      "precision_rate": 0.27066666666666667,
      "activation_recall_correlation": 0.40955486621175197,
      "fact_episode_delta": 0.3913043478260869,
      "forgetting_curve_smoothness": 0.029095527135652208
    },
    {
      "tick": 200,
      "recall_rate": 0.6013071895424836,
      "precision_rate": 0.27058823529411763,
      "activation_recall_correlation": 0.38889902820970224,
      "fact_episode_delta": 0.4291666666666667,
      "forgetting_curve_smoothness": 0.02596875091116965
    }
  ],
  "duration_seconds": 49.1,
  "timing_breakdown": {
    "simulation_seconds": 38.374,
    "final_score_summary_seconds": 13.028,
    "query_similarity_total_seconds": 42.351,
    "query_similarity_call_count": 594
  }
}