{
  "fold_scores": [
    {
      "tick": 200,
      "recall_rate": 0.6748466257668712,
      "precision_rate": 0.23680981595092024,
      "activation_recall_correlation": 0.9800818652133793,
      "fact_episode_delta": 0.38775894538606404,
      "forgetting_curve_smoothness": 0.0039186028201977086,
      "storage_std": 0.2981445843629392,
      "storage_iqr": 0.5140640974959924,
      "storage_gini": 0.5087669881626659,
      "retrieval_std": 0.2970834404269569,
      "retrieval_iqr": 0.5140640974959924,
      "retrieval_gini": 0.5080622443941756,
      "activation_std": 0.2981445843629392,
      "activation_iqr": 0.5140640974959924,
      "activation_gini": 0.5087669881626659,
      "threshold_metrics": {
        "0.1": {
          "recall_rate": 0.6748466257668712,
          "precision_rate": 0.23680981595092024
        },
        "0.2": {
          "recall_rate": 0.6748466257668712,
          "precision_rate": 0.23680981595092024
        },
        "0.3": {
          "recall_rate": 0.6748466257668712,
          "precision_rate": 0.23680981595092024
        },
        "0.4": {
          "recall_rate": 0.6748466257668712,
          "precision_rate": 0.23680981595092024
        },
        "0.5": {
          "recall_rate": 0.6748466257668712,
          "precision_rate": 0.2343558282208589
        },
        "0.6": {
          "recall_rate": 0.6993865030674846,
          "precision_rate": 0.19877300613496932
        },
        "0.7": {
          "recall_rate": 0.6809815950920245,
          "precision_rate": 0.19263803680981595
        },
        "0.8": {
          "recall_rate": 0.6809815950920245,
          "precision_rate": 0.18527607361963191
        },
        "0.9": {
          "recall_rate": 0.6748466257668712,
          "precision_rate": 0.16441717791411042
        }
      },
      "recall_mean": 0.6789366053169733,
      "precision_mean": 0.2136332651670075,
      "threshold_discrimination": 0.024539877300613466,
      "threshold_summary": {
        "threshold_auc": 0.6789366053169733,
        "slope": 0.0
      },
      "corr_mean": 0.8038510028142548,
      "corr_score": 0.8038510028142548,
      "smoothness_score": 0.9608139717980229,
      "retrieval_score": 0.43533401499659163,
      "plausibility_score": 0.8823324873061389,
      "overall_score": 0.6588332511513653,
      "composite_score": 0.6588332511513653,
      "mrr_mean": 0.5458645762326744,
      "precision_strict": 0.1357873210633947,
      "precision_lift": 2.7755575615628914e-17,
      "precision_associative": 0.2136332651670075,
      "similarity_recall_rate": 0.6748466257668712,
      "retention_curve": {
        "40": 1.0,
        "80": 1.0,
        "120": 0.8125,
        "160": 0.6558441558441559,
        "200": 0.6748466257668712
      },
      "retention_auc": 0.8286381563222054,
      "selectivity_score": 0.05794137695978188,
      "robustness_score": 0.0,
      "eval_v2_score": 0.3931666522809161
    },
    {
      "tick": 200,
      "recall_rate": 0.660377358490566,
      "precision_rate": 0.24150943396226415,
      "activation_recall_correlation": 0.946730423261323,
      "fact_episode_delta": 0.3495412844036697,
      "forgetting_curve_smoothness": 0.10660730306551172,
      "storage_std": 0.29712967500940063,
      "storage_iqr": 0.5140640974959924,
      "storage_gini": 0.5084046270957867,
      "retrieval_std": 0.29596225549351757,
      "retrieval_iqr": 0.5140640974959924,
      "retrieval_gini": 0.5076218168599925,
      "activation_std": 0.29712967500940063,
      "activation_iqr": 0.5140640974959924,
      "activation_gini": 0.5084046270957867,
      "threshold_metrics": {
        "0.1": {
          "recall_rate": 0.660377358490566,
          "precision_rate": 0.24150943396226415
        },
        "0.2": {
          "recall_rate": 0.660377358490566,
          "precision_rate": 0.24150943396226415
        },
        "0.3": {
          "recall_rate": 0.660377358490566,
          "precision_rate": 0.24150943396226415
        },
        "0.4": {
          "recall_rate": 0.660377358490566,
          "precision_rate": 0.24150943396226415
        },
        "0.5": {
          "recall_rate": 0.660377358490566,
          "precision_rate": 0.24025157232704403
        },
        "0.6": {
          "recall_rate": 0.6855345911949685,
          "precision_rate": 0.2
        },
        "0.7": {
          "recall_rate": 0.6792452830188679,
          "precision_rate": 0.19371069182389938
        },
        "0.8": {
          "recall_rate": 0.6666666666666666,
          "precision_rate": 0.18490566037735848
        },
        "0.9": {
          "recall_rate": 0.660377358490566,
          "precision_rate": 0.15723270440251572
        }
      },
      "recall_mean": 0.6659678546470998,
      "precision_mean": 0.21579315164220825,
      "threshold_discrimination": 0.02515723270440251,
      "threshold_summary": {
        "threshold_auc": 0.6659678546470998,
        "slope": 0.0
      },
      "corr_mean": 0.7732808388425578,
      "corr_score": 0.7732808388425578,
      "smoothness_score": 0.0,
      "retrieval_score": 0.42112159329140453,
      "plausibility_score": 0.3866404194212789,
      "overall_score": 0.4038810063563417,
      "composite_score": 0.4038810063563417,
      "mrr_mean": 0.5157815047752154,
      "precision_strict": 0.13319357092941997,
      "precision_lift": 0.0,
      "precision_associative": 0.21579315164220825,
      "similarity_recall_rate": 0.660377358490566,
      "retention_curve": {
        "40": 0.0,
        "80": 1.0,
        "120": 0.7,
        "160": 0.6,
        "200": 0.660377358490566
      },
      "retention_auc": 0.5920754716981131,
      "selectivity_score": 0.05059399021663169,
      "robustness_score": 0.0,
      "eval_v2_score": 0.28414185883997206
    },
    {
      "tick": 200,
      "recall_rate": 0.5777777777777777,
      "precision_rate": 0.22555555555555556,
      "activation_recall_correlation": 0.9464651787599079,
      "fact_episode_delta": 0.32000000000000006,
      "forgetting_curve_smoothness": 0.10690032670337372,
      "storage_std": 0.29740012944160626,
      "storage_iqr": 0.5140640974959924,
      "storage_gini": 0.5084092248324114,
      "retrieval_std": 0.2964439339088059,
      "retrieval_iqr": 0.5140640974959924,
      "retrieval_gini": 0.5077748120707455,
      "activation_std": 0.29740012944160626,
      "activation_iqr": 0.5140640974959924,
      "activation_gini": 0.5084092248324114,
      "threshold_metrics": {
        "0.1": {
          "recall_rate": 0.5777777777777777,
          "precision_rate": 0.22555555555555556
        },
        "0.2": {
          "recall_rate": 0.5777777777777777,
          "precision_rate": 0.22555555555555556
        },
        "0.3": {
          "recall_rate": 0.5777777777777777,
          "precision_rate": 0.22555555555555556
        },
        "0.4": {
          "recall_rate": 0.5777777777777777,
          "precision_rate": 0.22555555555555556
        },
        "0.5": {
          "recall_rate": 0.5777777777777777,
          "precision_rate": 0.22333333333333333
        },
        "0.6": {
          "recall_rate": 0.6,
          "precision_rate": 0.1811111111111111
        },
        "0.7": {
          "recall_rate": 0.5944444444444444,
          "precision_rate": 0.17888888888888888
        },
        "0.8": {
          "recall_rate": 0.5888888888888889,
          "precision_rate": 0.17444444444444446
        },
        "0.9": {
          "recall_rate": 0.5777777777777777,
          "precision_rate": 0.14666666666666667
        }
      },
      "recall_mean": 0.5833333333333333,
      "precision_mean": 0.20074074074074078,
      "threshold_discrimination": 0.022222222222222254,
      "threshold_summary": {
        "threshold_auc": 0.5833333333333333,
        "slope": 0.0
      },
      "corr_mean": 0.7950777276403378,
      "corr_score": 0.7950777276403378,
      "smoothness_score": 0.0,
      "retrieval_score": 0.37520679012345676,