{
  "fold_scores": [
    {
      "tick": 200,
      "recall_rate": 0.6932515337423313,
      "precision_rate": 0.2687116564417178,
      "activation_recall_correlation": 0.96046148400533,
      "fact_episode_delta": 0.3316384180790961,
      "forgetting_curve_smoothness": 0.004029055241028372,
      "storage_std": 0.20639591183675993,
      "storage_iqr": 0.299746874601266,
      "storage_gini": 0.21824057797052956,
      "retrieval_std": 0.20659059682665779,
      "retrieval_iqr": 0.299746874601266,
      "retrieval_gini": 0.2183653795756052,
      "activation_std": 0.20639591183675993,
      "activation_iqr": 0.299746874601266,
      "activation_gini": 0.21824057797052956,
      "threshold_metrics": {
        "0.1": {
          "recall_rate": 0.6932515337423313,
          "precision_rate": 0.2687116564417178
        },
        "0.2": {
          "recall_rate": 0.6932515337423313,
          "precision_rate": 0.2687116564417178
        },
        "0.3": {
          "recall_rate": 0.6932515337423313,
          "precision_rate": 0.2687116564417178
        },
        "0.4": {
          "recall_rate": 0.6932515337423313,
          "precision_rate": 0.2687116564417178
        },
        "0.5": {
          "recall_rate": 0.6932515337423313,
          "precision_rate": 0.2687116564417178
        },
        "0.6": {
          "recall_rate": 0.6932515337423313,
          "precision_rate": 0.2687116564417178
        },
        "0.7": {
          "recall_rate": 0.7116564417177914,
          "precision_rate": 0.27975460122699386
        },
        "0.8": {
          "recall_rate": 0.7239263803680982,
          "precision_rate": 0.2085889570552147
        },
        "0.9": {
          "recall_rate": 0.6993865030674846,
          "precision_rate": 0.19141104294478528
        }
      },
      "recall_mean": 0.6993865030674846,
      "precision_mean": 0.25466939331970007,
      "threshold_discrimination": 0.030674846625766916,
      "threshold_summary": {
        "threshold_auc": 0.6993865030674846,
        "slope": 0.006134969325153339
      },
      "corr_mean": 0.8778112469249469,
      "corr_score": 0.8778112469249469,
      "smoothness_score": 0.9597094475897163,
      "retrieval_score": 0.6232566462167689,
      "forgetting_score": 0.5036167696069722,
      "non_target_mean_storage": 0.49638323039302784,
      "plausibility_score": 0.8778112469249469,
      "overall_score": 0.6450213395803845,
      "composite_score": 0.6450213395803845,
      "mrr_mean": 0.5302090433992274,
      "precision_strict": 0.13987730061349696,
      "precision_lift": 2.7755575615628914e-17,
      "precision_associative": 0.25466939331970007,
      "similarity_recall_rate": 0.6932515337423313,
      "retention_curve": {
        "40": 1.0,
        "80": 1.0,
        "120": 0.8125,
        "160": 0.6623376623376623,
        "200": 0.6932515337423313
      },
      "retention_auc": 0.8336178392159986,
      "selectivity_score": 0.02508520790729385,
      "robustness_score": 0.0
    },
    {
      "tick": 200,
      "recall_rate": 0.6477987421383647,
      "precision_rate": 0.25660377358490566,
      "activation_recall_correlation": 0.918568137012428,
      "fact_episode_delta": 0.3095412844036697,
      "forgetting_curve_smoothness": 0.10142966509607503,
      "storage_std": 0.20560230800496995,
      "storage_iqr": 0.299746874601266,
      "storage_gini": 0.2177711042244897,
      "retrieval_std": 0.20571276340002242,
      "retrieval_iqr": 0.299746874601266,
      "retrieval_gini": 0.21784248050015073,
      "activation_std": 0.20560230800496995,
      "activation_iqr": 0.299746874601266,
      "activation_gini": 0.2177711042244897,
      "threshold_metrics": {
        "0.1": {
          "recall_rate": 0.6477987421383647,
          "precision_rate": 0.25660377358490566
        },
        "0.2": {
          "recall_rate": 0.6477987421383647,
          "precision_rate": 0.25660377358490566
        },
        "0.3": {
          "recall_rate": 0.6477987421383647,
          "precision_rate": 0.25660377358490566
        },
        "0.4": {
          "recall_rate": 0.6477987421383647,
          "precision_rate": 0.25660377358490566
        },
        "0.5": {
          "recall_rate": 0.6477987421383647,
          "precision_rate": 0.25660377358490566
        },
        "0.6": {
          "recall_rate": 0.6477987421383647,
          "precision_rate": 0.25660377358490566
        },
        "0.7": {
          "recall_rate": 0.660377358490566,
          "precision_rate": 0.2641509433962264
        },
        "0.8": {
          "recall_rate": 0.6981132075471698,
          "precision_rate": 0.2037735849056604
        },
        "0.9": {
          "recall_rate": 0.6666666666666666,
          "precision_rate": 0.1861635220125786
        }
      },
      "recall_mean": 0.6568832983927324,
      "precision_mean": 0.2437456324248777,
      "threshold_discrimination": 0.05031446540880502,
      "threshold_summary": {
        "threshold_auc": 0.6568832983927324,
        "slope": 0.018867924528301883
      },
      "corr_mean": 0.8576346052250984,
      "corr_score": 0.8576346052250984,
      "smoothness_score": 0.0,
      "retrieval_score": 0.5834032145352901,
      "forgetting_score": 0.5040403442657161,
      "non_target_mean_storage": 0.4959596557342839,
      "plausibility_score": 0.8576346052250984,
      "overall_score": 0.6241840576133912,
      "composite_score": 0.6241840576133912,
      "mrr_mean": 0.4935942231539716,
      "precision_strict": 0.13137665967854648,
      "precision_lift": 0.0,
      "precision_associative": 0.2437456324248777,
      "similarity_recall_rate": 0.6477987421383647,
      "retention_curve": {
        "40": 0.0,
        "80": 1.0,
        "120": 0.8,
        "160": 0.6275862068965518,
        "200": 0.6477987421383647
      },
      "retention_auc": 0.6150769898069833,
      "selectivity_score": 0.019007686932215245,
      "robustness_score": 0.0
    },
    {
      "tick": 200,
      "recall_rate": 0.6111111111111112,
      "precision_rate": 0.26555555555555554,
      "activation_recall_correlation": 0.8924559209751589,
      "fact_episode_delta": 0.19345454545454543,
      "forgetting_curve_smoothness": 0.10695955557429257,
      "storage_std": 0.20632575565328984,
      "storage_iqr": 0.299746874601266,
      "storage_gini": 0.21832890485530296,
      "retrieval_std": 0.20651543135949574,
      "retrieval_iqr": 0.299746874601266,
      "retrieval_gini": 0.21845238220911314,
      "activation_std": 0.20632575565328984,
      "activation_iqr": 0.299746874601266,
      "activation_gini": 0.21832890485530296,
      "threshold_metrics": {
        "0.1": {
          "recall_rate": 0.6111111111111112,
          "precision_rate": 0.26555555555555554
        },
        "0.2": {
          "recall_rate": 0.6111111111111112,
          "precision_rate": 0.26555555555555554
        },
        "0.3": {
          "recall_rate": 0.6111111111111112,
          "precision_rate": 0.26555555555555554
        },
        "0.4": {
          "recall_rate": 0.6111111111111112,
          "precision_rate": 0.26555555555555554
        },
        "0.5": {
          "recall_rate": 0.6111111111111112,
          "precision_rate": 0.26555555555555554
        },
        "0.6": {
          "recall_rate": 0.6166666666666667,
          "precision_rate": 0.26666666666666666
        },
        "0.7": {
          "recall_rate": 0.6277777777777778,
          "precision_rate": 0.27444444444444444
        },
        "0.8": {
          "recall_rate": 0.65,
          "precision_rate": 0.2088888888888889
        },
        "0.9": {
          "recall_rate": 0.6333333333333333,
          "precision_rate": 0.18888888888888888
        }
      },
      "recall_mean": 0.6203703703703705,
      "precision_mean": 0.2518518518518518,
      "threshold_discrimination": 0.03888888888888886,
      "threshold_summary": {
        "threshold_auc": 0.6203703703703705,
        "slope": 0.022222222222222143
      },