{
  "fold_scores": [
    {
      "tick": 200,
      "recall_rate": 0.7177914110429447,
      "precision_rate": 0.2809815950920245,
      "activation_recall_correlation": 0.9756468123987769,
      "fact_episode_delta": 0.328436911487759,
      "forgetting_curve_smoothness": 0.003320805544413781,
      "storage_std": 0.19770043448802013,
      "storage_iqr": 0.14469426048052564,
      "storage_gini": 0.3094675227707623,
      "retrieval_std": 0.19626269695780502,
      "retrieval_iqr": 0.14469426048052564,
      "retrieval_gini": 0.30855810317682936,
      "activation_std": 0.19770043448802013,
      "activation_iqr": 0.14469426048052564,
      "activation_gini": 0.3094675227707623,
      "threshold_metrics": {
        "0.1": {
          "recall_rate": 0.7177914110429447,
          "precision_rate": 0.2809815950920245
        },
        "0.2": {
          "recall_rate": 0.7177914110429447,
          "precision_rate": 0.2809815950920245
        },
        "0.3": {
          "recall_rate": 0.7177914110429447,
          "precision_rate": 0.2809815950920245
        },
        "0.4": {
          "recall_rate": 0.7239263803680982,
          "precision_rate": 0.2822085889570552
        },
        "0.5": {
          "recall_rate": 0.7239263803680982,
          "precision_rate": 0.2822085889570552
        },
        "0.6": {
          "recall_rate": 0.7239263803680982,
          "precision_rate": 0.27607361963190186
        },
        "0.7": {
          "recall_rate": 0.7361963190184049,
          "precision_rate": 0.2085889570552147
        },
        "0.8": {
          "recall_rate": 0.7177914110429447,
          "precision_rate": 0.17914110429447852
        },
        "0.9": {
          "recall_rate": 0.7116564417177914,
          "precision_rate": 0.16932515337423312
        }
      },
      "recall_mean": 0.7211997273346966,
      "precision_mean": 0.2489434219495569,
      "threshold_discrimination": 0.024539877300613466,
      "threshold_summary": {
        "threshold_auc": 0.7211997273346966,
        "slope": -0.006134969325153339
      },
      "corr_mean": 0.7241319917689852,
      "corr_score": 0.7241319917689852,
      "smoothness_score": 0.9667919445558621,
      "retrieval_score": 0.6613019768234492,
      "forgetting_score": 0.7108740050787041,
      "non_target_mean_storage": 0.2891259949212959,
      "plausibility_score": 0.7241319917689852,
      "overall_score": 0.6943596904491725,
      "composite_score": 0.6943596904491725,
      "mrr_mean": 0.5880936150874801,
      "precision_strict": 0.14423994546693933,
      "precision_lift": 0.0,
      "precision_associative": 0.2489434219495569,
      "similarity_recall_rate": 0.7177914110429447,
      "retention_curve": {
        "40": 1.0,
        "80": 1.0,
        "120": 0.8125,
        "160": 0.7337662337662337,
        "200": 0.7177914110429447
      },
      "retention_auc": 0.8528115289618358,
      "selectivity_score": 0.039536468984321754,
      "robustness_score": 0.0
    },
    {
      "tick": 200,
      "recall_rate": 0.6981132075471698,
      "precision_rate": 0.2691823899371069,
      "activation_recall_correlation": 0.9723932800636758,
      "fact_episode_delta": 0.32366972477064226,
      "forgetting_curve_smoothness": 0.09996508738357794,
      "storage_std": 0.19692797925589242,
      "storage_iqr": 0.14469426048052564,
      "storage_gini": 0.3089240930244148,
      "retrieval_std": 0.19550834738669737,
      "retrieval_iqr": 0.14469426048052564,
      "retrieval_gini": 0.3080286073219209,
      "activation_std": 0.19692797925589242,
      "activation_iqr": 0.14469426048052564,
      "activation_gini": 0.3089240930244148,
      "threshold_metrics": {
        "0.1": {
          "recall_rate": 0.6981132075471698,
          "precision_rate": 0.2691823899371069
        },
        "0.2": {
          "recall_rate": 0.6981132075471698,
          "precision_rate": 0.2691823899371069
        },
        "0.3": {
          "recall_rate": 0.6981132075471698,
          "precision_rate": 0.2691823899371069
        },
        "0.4": {
          "recall_rate": 0.6981132075471698,
          "precision_rate": 0.2691823899371069
        },
        "0.5": {
          "recall_rate": 0.6981132075471698,
          "precision_rate": 0.2691823899371069
        },
        "0.6": {
          "recall_rate": 0.7044025157232704,
          "precision_rate": 0.2691823899371069
        },
        "0.7": {
          "recall_rate": 0.7169811320754716,
          "precision_rate": 0.20754716981132076
        },
        "0.8": {
          "recall_rate": 0.7169811320754716,
          "precision_rate": 0.17358490566037735
        },
        "0.9": {
          "recall_rate": 0.6981132075471698,
          "precision_rate": 0.16477987421383647
        }
      },
      "recall_mean": 0.7030048916841368,
      "precision_mean": 0.24011180992313066,
      "threshold_discrimination": 0.018867924528301883,
      "threshold_summary": {
        "threshold_auc": 0.7030048916841368,
        "slope": 0.0
      },
      "corr_mean": 0.7748093239031193,
      "corr_score": 0.7748093239031193,
      "smoothness_score": 0.000349126164220559,
      "retrieval_score": 0.6388329839273235,
      "forgetting_score": 0.7110669751703198,
      "non_target_mean_storage": 0.28893302482968014,
      "plausibility_score": 0.7748093239031193,
      "overall_score": 0.6981089658563212,
      "composite_score": 0.6981089658563212,
      "mrr_mean": 0.5604006522245517,
      "precision_strict": 0.1406009783368274,
      "precision_lift": 2.7755575615628914e-17,
      "precision_associative": 0.24011180992313066,
      "similarity_recall_rate": 0.6981132075471698,
      "retention_curve": {
        "40": 0.0,
        "80": 1.0,
        "120": 0.8,
        "160": 0.6896551724137931,
        "200": 0.6981132075471698
      },
      "retention_auc": 0.6375536759921927,
      "selectivity_score": 0.04109014675052411,
      "robustness_score": 0.0
    },
    {
      "tick": 200,
      "recall_rate": 0.65,
      "precision_rate": 0.2833333333333333,
      "activation_recall_correlation": 0.9730202508128242,
      "fact_episode_delta": 0.24218181818181828,
      "forgetting_curve_smoothness": 0.10306029821241898,
      "storage_std": 0.19820383225321123,
      "storage_iqr": 0.14469426048052564,
      "storage_gini": 0.309976564938518,
      "retrieval_std": 0.19663512734438682,
      "retrieval_iqr": 0.14469426048052564,
      "retrieval_gini": 0.30898462895932816,
      "activation_std": 0.19820383225321123,
      "activation_iqr": 0.14469426048052564,
      "activation_gini": 0.309976564938518,
      "threshold_metrics": {
        "0.1": {
          "recall_rate": 0.65,
          "precision_rate": 0.2833333333333333
        },
        "0.2": {
          "recall_rate": 0.65,
          "precision_rate": 0.2833333333333333
        },
        "0.3": {
          "recall_rate": 0.65,
          "precision_rate": 0.2833333333333333
        },
        "0.4": {
          "recall_rate": 0.65,
          "precision_rate": 0.2833333333333333
        },
        "0.5": {
          "recall_rate": 0.65,
          "precision_rate": 0.2833333333333333
        },
        "0.6": {
          "recall_rate": 0.65,
          "precision_rate": 0.2811111111111111
        },
        "0.7": {
          "recall_rate": 0.6722222222222223,
          "precision_rate": 0.22
        },
        "0.8": {
          "recall_rate": 0.6555555555555556,
          "precision_rate": 0.18222222222222223
        },
        "0.9": {
          "recall_rate": 0.6444444444444445,
          "precision_rate": 0.17
        }
      },
      "recall_mean": 0.6524691358024692,
      "precision_mean": 0.25222222222222224,
      "threshold_discrimination": 0.02777777777777779,
      "threshold_summary": {
        "threshold_auc": 0.6524691358024692,
        "slope": -0.005555555555555536
      },
      "corr_mean": 0.741026264543987,
      "corr_score": 0.741026264543987,
      "smoothness_score": 0.0,