{
  "fold_scores": [
    {
      "tick": 200,
      "recall_rate": 0.7177914110429447,
      "precision_rate": 0.2588957055214724,
      "activation_recall_correlation": 0.9650258819337146,
      "fact_episode_delta": 0.328436911487759,
      "forgetting_curve_smoothness": 0.003451736511373908,
      "storage_std": 0.20664208874753084,
      "storage_iqr": 0.299746874601266,
      "storage_gini": 0.21841323877117388,
      "retrieval_std": 0.2067863366612033,
      "retrieval_iqr": 0.299746874601266,
      "retrieval_gini": 0.21850426672362333,
      "activation_std": 0.20664208874753084,
      "activation_iqr": 0.299746874601266,
      "activation_gini": 0.21841323877117388,
      "threshold_metrics": {
        "0.1": {
          "recall_rate": 0.7177914110429447,
          "precision_rate": 0.2588957055214724
        },
        "0.2": {
          "recall_rate": 0.7177914110429447,
          "precision_rate": 0.2588957055214724
        },
        "0.3": {
          "recall_rate": 0.7177914110429447,
          "precision_rate": 0.2588957055214724
        },
        "0.4": {
          "recall_rate": 0.7177914110429447,
          "precision_rate": 0.2588957055214724
        },
        "0.5": {
          "recall_rate": 0.7177914110429447,
          "precision_rate": 0.2588957055214724
        },
        "0.6": {
          "recall_rate": 0.7177914110429447,
          "precision_rate": 0.26012269938650306
        },
        "0.7": {
          "recall_rate": 0.7177914110429447,
          "precision_rate": 0.26380368098159507
        },
        "0.8": {
          "recall_rate": 0.7300613496932515,
          "precision_rate": 0.2098159509202454
        },
        "0.9": {
          "recall_rate": 0.7177914110429447,
          "precision_rate": 0.19631901840490798
        }
      },
      "recall_mean": 0.7191547375596454,
      "precision_mean": 0.247171097477846,
      "threshold_discrimination": 0.012269938650306789,
      "threshold_summary": {
        "threshold_auc": 0.7191547375596454,
        "slope": 0.0
      },
      "corr_mean": 0.9022654704903859,
      "corr_score": 0.9022654704903859,
      "smoothness_score": 0.965482634886261,
      "retrieval_score": 0.6554328561690526,
      "forgetting_score": 0.5036167696069722,
      "non_target_mean_storage": 0.49638323039302784,
      "plausibility_score": 0.9022654704903859,
      "overall_score": 0.6640053794526577,
      "composite_score": 0.6640053794526577,
      "mrr_mean": 0.577550556691661,
      "precision_strict": 0.14383094751192912,
      "precision_lift": 2.7755575615628914e-17,
      "precision_associative": 0.247171097477846,
      "similarity_recall_rate": 0.7177914110429447,
      "retention_curve": {
        "40": 1.0,
        "80": 1.0,
        "120": 0.8125,
        "160": 0.6948051948051948,
        "200": 0.7177914110429447
      },
      "retention_auc": 0.8450193211696279,
      "selectivity_score": 0.04049079754601226,
      "robustness_score": 0.0
    },
    {
      "tick": 200,
      "recall_rate": 0.6792452830188679,
      "precision_rate": 0.25660377358490566,
      "activation_recall_correlation": 0.9353293888887281,
      "fact_episode_delta": 0.3511926605504587,
      "forgetting_curve_smoothness": 0.10446491121668186,
      "storage_std": 0.20588467675522898,
      "storage_iqr": 0.299746874601266,
      "storage_gini": 0.21796332128021684,
      "retrieval_std": 0.20598046023955804,
      "retrieval_iqr": 0.299746874601266,
      "retrieval_gini": 0.21802293624765848,
      "activation_std": 0.20588467675522898,
      "activation_iqr": 0.299746874601266,
      "activation_gini": 0.21796332128021684,
      "threshold_metrics": {
        "0.1": {
          "recall_rate": 0.6792452830188679,
          "precision_rate": 0.25660377358490566
        },
        "0.2": {
          "recall_rate": 0.6792452830188679,
          "precision_rate": 0.25660377358490566
        },
        "0.3": {
          "recall_rate": 0.6792452830188679,
          "precision_rate": 0.25660377358490566
        },
        "0.4": {
          "recall_rate": 0.6792452830188679,
          "precision_rate": 0.25660377358490566
        },
        "0.5": {
          "recall_rate": 0.6792452830188679,
          "precision_rate": 0.25660377358490566
        },
        "0.6": {
          "recall_rate": 0.6792452830188679,
          "precision_rate": 0.25660377358490566
        },
        "0.7": {
          "recall_rate": 0.6855345911949685,
          "precision_rate": 0.2628930817610063
        },
        "0.8": {
          "recall_rate": 0.7044025157232704,
          "precision_rate": 0.20754716981132076
        },
        "0.9": {
          "recall_rate": 0.6918238993710691,
          "precision_rate": 0.19371069182389938
        }
      },
      "recall_mean": 0.684136967155835,
      "precision_mean": 0.24486373165618447,
      "threshold_discrimination": 0.02515723270440251,
      "threshold_summary": {
        "threshold_auc": 0.684136967155835,
        "slope": 0.012578616352201255
      },
      "corr_mean": 0.8890458189644728,
      "corr_score": 0.8890458189644728,
      "smoothness_score": 0.0,
      "retrieval_score": 0.6176432564640112,
      "forgetting_score": 0.5040403442657161,
      "non_target_mean_storage": 0.4959596557342839,
      "plausibility_score": 0.8890458189644728,
      "overall_score": 0.6457328778197233,
      "composite_score": 0.6457328778197233,
      "mrr_mean": 0.5363731656184486,
      "precision_strict": 0.136827393431167,
      "precision_lift": 0.0,
      "precision_associative": 0.24486373165618447,
      "similarity_recall_rate": 0.6792452830188679,
      "retention_curve": {
        "40": 0.0,
        "80": 1.0,
        "120": 0.7,
        "160": 0.6758620689655173,
        "200": 0.6792452830188679
      },
      "retention_auc": 0.611021470396877,
      "selectivity_score": 0.02879105520614955,
      "robustness_score": 0.0
    },
    {
      "tick": 200,
      "recall_rate": 0.6388888888888888,
      "precision_rate": 0.26222222222222225,
      "activation_recall_correlation": 0.9255544616055975,
      "fact_episode_delta": 0.2320000000000001,
      "forgetting_curve_smoothness": 0.10840045711009913,
      "storage_std": 0.20666099298203175,
      "storage_iqr": 0.299746874601266,
      "storage_gini": 0.2185603724459916,
      "retrieval_std": 0.2068010450059718,
      "retrieval_iqr": 0.299746874601266,
      "retrieval_gini": 0.21864823995268234,
      "activation_std": 0.20666099298203175,
      "activation_iqr": 0.299746874601266,
      "activation_gini": 0.2185603724459916,
      "threshold_metrics": {
        "0.1": {
          "recall_rate": 0.6388888888888888,
          "precision_rate": 0.26222222222222225
        },
        "0.2": {
          "recall_rate": 0.6388888888888888,
          "precision_rate": 0.26222222222222225
        },
        "0.3": {
          "recall_rate": 0.6388888888888888,
          "precision_rate": 0.26222222222222225
        },
        "0.4": {
          "recall_rate": 0.6388888888888888,
          "precision_rate": 0.26222222222222225
        },
        "0.5": {
          "recall_rate": 0.6388888888888888,
          "precision_rate": 0.26222222222222225
        },
        "0.6": {
          "recall_rate": 0.6388888888888888,
          "precision_rate": 0.26222222222222225
        },
        "0.7": {
          "recall_rate": 0.6388888888888888,
          "precision_rate": 0.26222222222222225
        },
        "0.8": {
          "recall_rate": 0.65,
          "precision_rate": 0.2088888888888889
        },
        "0.9": {
          "recall_rate": 0.6555555555555556,
          "precision_rate": 0.2011111111111111
        }
      },
      "recall_mean": 0.6419753086419753,
      "precision_mean": 0.24950617283950619,
      "threshold_discrimination": 0.01666666666666672,
      "threshold_summary": {
        "threshold_auc": 0.6419753086419753,
        "slope": 0.01666666666666672
      },