{
  "status": "completed",
  "tick": 200,
  "recall_rate": 0.5228758169934641,
  "precision_rate": 0.22745098039215686,
  "activation_recall_correlation": 0.5089040871054235,
  "fact_episode_delta": 0.513095238095238,
  "forgetting_curve_smoothness": 0.02327795429305247,
  "storage_std": 0.19029595366968305,
  "storage_iqr": 0.17234896765399568,
  "storage_gini": 0.3058421072951767,
  "retrieval_std": 0.19029595366968305,
  "retrieval_iqr": 0.17234896765399568,
  "retrieval_gini": 0.3058421072951767,
  "activation_std": 0.19029595366968305,
  "activation_iqr": 0.17234896765399568,
  "activation_gini": 0.3058421072951767,
  "threshold_metrics": {
    "0.1": {
      "recall_rate": 0.5228758169934641,
      "precision_rate": 0.22745098039215686
    },
    "0.2": {
      "recall_rate": 0.5228758169934641,
      "precision_rate": 0.22745098039215686
    },
    "0.3": {
      "recall_rate": 0.5228758169934641,
      "precision_rate": 0.22745098039215686
    },
    "0.4": {
      "recall_rate": 0.5228758169934641,
      "precision_rate": 0.22745098039215686
    },
    "0.5": {
      "recall_rate": 0.5228758169934641,
      "precision_rate": 0.22745098039215686
    },
    "0.6": {
      "recall_rate": 0.5163398692810458,
      "precision_rate": 0.2261437908496732
    },
    "0.7": {
      "recall_rate": 0.29411764705882354,
      "precision_rate": 0.10980392156862745
    },
    "0.8": {
      "recall_rate": 0.2679738562091503,
      "precision_rate": 0.09411764705882353
    },
    "0.9": {
      "recall_rate": 0.013071895424836602,
      "precision_rate": 0.00522875816993464
    }
  },
  "recall_mean": 0.411764705882353,
  "precision_mean": 0.1747276688453159,
  "threshold_discrimination": 0.5098039215686275,
  "threshold_summary": {
    "threshold_auc": 0.411764705882353,
    "slope": -0.5098039215686275
  },
  "corr_mean": 0.37747985696368774,
  "corr_score": 0.37747985696368774,
  "smoothness_score": 0.7672204570694753,
  "retrieval_score": 0.34270152505446627,
  "forgetting_score": 0.697871469490319,
  "non_target_mean_storage": 0.3021285305096811,
  "plausibility_score": 0.37747985696368774,
  "overall_score": 0.47570558858432005,
  "composite_score": 0.47570558858432005,
  "mrr_mean": 0.2582909707092714,
  "precision_strict": 0.08235294117647059,
  "precision_lift": 0.0,
  "precision_associative": 0.1747276688453159,
  "similarity_recall_rate": 0.5228758169934641,
  "retention_curve": {
    "40": 1.0,
    "80": 1.0,
    "120": 0.5454545454545454,
    "160": 0.5611510791366906,
    "200": 0.5228758169934641
  },
  "retention_auc": 0.72589628831694,
  "selectivity_score": 0.0,
  "robustness_score": 0.0,
  "snapshots": [
    {
      "tick": 0,
      "recall_rate": 1.0,
      "precision_rate": 0.2,
      "activation_recall_correlation": 0.0,
      "fact_episode_delta": 1.0,
      "forgetting_curve_smoothness": 0.0
    },
    {
      "tick": 20,
      "recall_rate": 1.0,
      "precision_rate": 0.2,
      "activation_recall_correlation": 0.0,
      "fact_episode_delta": 1.0,
      "forgetting_curve_smoothness": 0.0
    },
    {
      "tick": 40,
      "recall_rate": 1.0,
      "precision_rate": 0.2,
      "activation_recall_correlation": 0.0,
      "fact_episode_delta": 1.0,
      "forgetting_curve_smoothness": 0.0
    },
    {
      "tick": 60,
      "recall_rate": 1.0,
      "precision_rate": 0.5,
      "activation_recall_correlation": 0.0,
      "fact_episode_delta": 1.0,
      "forgetting_curve_smoothness": 0.0
    },
    {
      "tick": 80,
      "recall_rate": 1.0,
      "precision_rate": 0.48,
      "activation_recall_correlation": 0.0,
      "fact_episode_delta": 1.0,
      "forgetting_curve_smoothness": 0.0
    },
    {
      "tick": 100,
      "recall_rate": 1.0,
      "precision_rate": 0.4666666666666667,
      "activation_recall_correlation": 0.0,
      "fact_episode_delta": 1.0,
      "forgetting_curve_smoothness": 0.0
    },
    {
      "tick": 120,
      "recall_rate": 0.5454545454545454,
      "precision_rate": 0.18181818181818182,
      "activation_recall_correlation": 0.27456834765813953,
      "fact_episode_delta": 0.5,
      "forgetting_curve_smoothness": 0.0
    },
    {
      "tick": 140,
      "recall_rate": 0.7083333333333334,
      "precision_rate": 0.32916666666666666,
      "activation_recall_correlation": 0.4079160726772993,
      "fact_episode_delta": 0.3111111111111111,
      "forgetting_curve_smoothness": 0.028696051423324157
    },
    {
      "tick": 160,
      "recall_rate": 0.5611510791366906,
      "precision_rate": 0.2489208633093525,
      "activation_recall_correlation": 0.3972578279932103,
      "fact_episode_delta": 0.37705352411234766,
      "forgetting_curve_smoothness": 0.03156975600157419
    },
    {
      "tick": 180,
      "recall_rate": 0.54,
      "precision_rate": 0.23066666666666666,
      "activation_recall_correlation": 0.4898902686928929,
      "fact_episode_delta": 0.5066889632107023,
      "forgetting_curve_smoothness": 0.028841267352667614
    },
    {
      "tick": 200,
      "recall_rate": 0.5228758169934641,
      "precision_rate": 0.22745098039215686,
      "activation_recall_correlation": 0.5089040871054235,
      "fact_episode_delta": 0.513095238095238,
      "forgetting_curve_smoothness": 0.025748882530748637
    }
  ],
  "duration_seconds": 23.89,
  "timing_breakdown": {
    "simulation_seconds": 10.081,
    "final_score_summary_seconds": 4.661,
    "query_similarity_total_seconds": 6.149,
    "query_similarity_call_count": 594
  }
}