{
  "status": "completed",
  "tick": 200,
  "recall_rate": 0.6666666666666666,
  "precision_rate": 0.30718954248366015,
  "activation_recall_correlation": 0.2868717429871116,
  "fact_episode_delta": 0.3035714285714286,
  "forgetting_curve_smoothness": 0.003513019983501872,
  "storage_std": 0.3049624823530434,
  "storage_iqr": 0.0021705989632894935,
  "storage_gini": 0.8272113186366846,
  "retrieval_std": 0.3049624823530434,
  "retrieval_iqr": 0.0021705989632894935,
  "retrieval_gini": 0.8272113186366846,
  "activation_std": 0.3049624823530434,
  "activation_iqr": 0.0021705989632894935,
  "activation_gini": 0.8272113186366846,
  "threshold_metrics": {
    "0.1": {
      "recall_rate": 0.6666666666666666,
      "precision_rate": 0.30718954248366015
    },
    "0.2": {
      "recall_rate": 0.6666666666666666,
      "precision_rate": 0.30718954248366015
    },
    "0.3": {
      "recall_rate": 0.6666666666666666,
      "precision_rate": 0.30718954248366015
    },
    "0.4": {
      "recall_rate": 0.6666666666666666,
      "precision_rate": 0.30718954248366015
    },
    "0.5": {
      "recall_rate": 0.6666666666666666,
      "precision_rate": 0.30718954248366015
    },
    "0.6": {
      "recall_rate": 0.6666666666666666,
      "precision_rate": 0.30718954248366015
    },
    "0.7": {
      "recall_rate": 0.6666666666666666,
      "precision_rate": 0.30718954248366015
    },
    "0.8": {
      "recall_rate": 0.5686274509803921,
      "precision_rate": 0.25620915032679736
    },
    "0.9": {
      "recall_rate": 0.28104575163398693,
      "precision_rate": 0.10196078431372549
    }
  },
  "recall_mean": 0.6129266521423383,
  "precision_mean": 0.27872185911401604,
  "threshold_discrimination": 0.3856209150326797,
  "threshold_summary": {
    "threshold_auc": 0.6129266521423383,
    "slope": -0.3856209150326797
  },
  "corr_mean": 0.2779858827626051,
  "corr_score": 0.2779858827626051,
  "smoothness_score": 0.9648698001649813,
  "retrieval_score": 0.5153068264342774,
  "forgetting_score": 0.8804806339167635,
  "non_target_mean_storage": 0.11951936608323653,
  "plausibility_score": 0.2779858827626051,
  "overall_score": 0.5837874231352294,
  "composite_score": 0.5837874231352294,
  "mrr_mean": 0.395993706124425,
  "precision_strict": 0.12258533042846767,
  "precision_lift": 0.0,
  "precision_associative": 0.27872185911401604,
  "similarity_recall_rate": 0.6209150326797386,
  "retention_curve": {
    "40": 1.0,
    "80": 1.0,
    "120": 0.8181818181818182,
    "160": 0.7050359712230215,
    "200": 0.6666666666666666
  },
  "retention_auc": 0.8379768912143014,
  "selectivity_score": 0.0,
  "robustness_score": 0.0,
  "snapshots": [
    {
      "tick": 0,
      "recall_rate": 1.0,
      "precision_rate": 0.2,
      "activation_recall_correlation": 0.0,
      "fact_episode_delta": 1.0,
      "forgetting_curve_smoothness": 0.0
    },
    {
      "tick": 20,
      "recall_rate": 1.0,
      "precision_rate": 0.2,
      "activation_recall_correlation": 0.0,
      "fact_episode_delta": 1.0,
      "forgetting_curve_smoothness": 0.0
    },
    {
      "tick": 40,
      "recall_rate": 1.0,
      "precision_rate": 0.2,
      "activation_recall_correlation": 0.0,
      "fact_episode_delta": 1.0,
      "forgetting_curve_smoothness": 0.0
    },
    {
      "tick": 60,
      "recall_rate": 1.0,
      "precision_rate": 0.5,
      "activation_recall_correlation": 0.0,
      "fact_episode_delta": 1.0,
      "forgetting_curve_smoothness": 0.0
    },
    {
      "tick": 80,
      "recall_rate": 1.0,
      "precision_rate": 0.48,
      "activation_recall_correlation": 0.0,
      "fact_episode_delta": 1.0,
      "forgetting_curve_smoothness": 0.0
    },
    {
      "tick": 100,
      "recall_rate": 1.0,
      "precision_rate": 0.4666666666666667,
      "activation_recall_correlation": 0.0,
      "fact_episode_delta": 1.0,
      "forgetting_curve_smoothness": 0.0
    },
    {
      "tick": 120,
      "recall_rate": 0.8181818181818182,
      "precision_rate": 0.2727272727272727,
      "activation_recall_correlation": -0.030036874092636837,
      "fact_episode_delta": 0.19999999999999996,
      "forgetting_curve_smoothness": 0.0
    },
    {
      "tick": 140,
      "recall_rate": 0.8125,
      "precision_rate": 0.36666666666666664,
      "activation_recall_correlation": 0.09057829786740784,
      "fact_episode_delta": 0.19999999999999996,
      "forgetting_curve_smoothness": 0.0045913682277318605
    },
    {
      "tick": 160,
      "recall_rate": 0.7050359712230215,
      "precision_rate": 0.31654676258992803,
      "activation_recall_correlation": 0.2444673248048326,
      "fact_episode_delta": 0.21780604133545312,
      "forgetting_curve_smoothness": 0.004009687552707031
    },
    {
      "tick": 180,
      "recall_rate": 0.7066666666666667,
      "precision_rate": 0.312,
      "activation_recall_correlation": 0.2796618035184512,
      "fact_episode_delta": 0.23494983277591974,
      "forgetting_curve_smoothness": 0.004220397436807079
    },
    {
      "tick": 200,
      "recall_rate": 0.6666666666666666,
      "precision_rate": 0.30718954248366015,
      "activation_recall_correlation": 0.2868717429871116,
      "fact_episode_delta": 0.3035714285714286,
      "forgetting_curve_smoothness": 0.0038978685687743706
    }
  ],
  "duration_seconds": 65.33,
  "timing_breakdown": {
    "simulation_seconds": 55.18,
    "final_score_summary_seconds": 7.197,
    "query_similarity_total_seconds": 48.551,
    "query_similarity_call_count": 594
  }
}