{
  "status": "completed",
  "tick": 200,
  "recall_rate": 0.6535947712418301,
  "precision_rate": 0.30196078431372547,
  "activation_recall_correlation": 0.274554517221165,
  "fact_episode_delta": 0.2922619047619047,
  "forgetting_curve_smoothness": 0.008673314604288815,
  "storage_std": 0.29505554243955556,
  "storage_iqr": 0.0021705989632894935,
  "storage_gini": 0.8272284303893948,
  "retrieval_std": 0.29505554243955556,
  "retrieval_iqr": 0.0021705989632894935,
  "retrieval_gini": 0.8272284303893948,
  "activation_std": 0.29505554243955556,
  "activation_iqr": 0.0021705989632894935,
  "activation_gini": 0.8272284303893948,
  "threshold_metrics": {
    "0.1": {
      "recall_rate": 0.6535947712418301,
      "precision_rate": 0.30196078431372547
    },
    "0.2": {
      "recall_rate": 0.6535947712418301,
      "precision_rate": 0.30196078431372547
    },
    "0.3": {
      "recall_rate": 0.6535947712418301,
      "precision_rate": 0.30196078431372547
    },
    "0.4": {
      "recall_rate": 0.6535947712418301,
      "precision_rate": 0.30196078431372547
    },
    "0.5": {
      "recall_rate": 0.6535947712418301,
      "precision_rate": 0.30196078431372547
    },
    "0.6": {
      "recall_rate": 0.6535947712418301,
      "precision_rate": 0.30196078431372547
    },
    "0.7": {
      "recall_rate": 0.6470588235294118,
      "precision_rate": 0.3006535947712418
    },
    "0.8": {
      "recall_rate": 0.3137254901960784,
      "precision_rate": 0.11633986928104575
    },
    "0.9": {
      "recall_rate": 0.1111111111111111,
      "precision_rate": 0.04183006535947712
    }
  },
  "recall_mean": 0.5548293391430646,
  "precision_mean": 0.2522875816993464,
  "threshold_discrimination": 0.542483660130719,
  "threshold_summary": {
    "threshold_auc": 0.5548293391430646,
    "slope": -0.542483660130719
  },
  "corr_mean": 0.22194846734018156,
  "corr_score": 0.22194846734018156,
  "smoothness_score": 0.9132668539571118,
  "retrieval_score": 0.4677868554829339,
  "forgetting_score": 0.8841673162241206,
  "non_target_mean_storage": 0.11583268377587938,
  "plausibility_score": 0.22194846734018156,
  "overall_score": 0.5520604197066612,
  "composite_score": 0.5520604197066612,
  "mrr_mean": 0.36140159767610747,
  "precision_strict": 0.11096586782861294,
  "precision_lift": 1.3877787807814457e-17,
  "precision_associative": 0.2522875816993464,
  "similarity_recall_rate": 0.6013071895424836,
  "retention_curve": {
    "40": 1.0,
    "80": 1.0,
    "120": 0.7272727272727273,
    "160": 0.6906474820143885,
    "200": 0.6535947712418301
  },
  "retention_auc": 0.8143029961057893,
  "selectivity_score": 0.0,
  "robustness_score": 0.0,
  "snapshots": [
    {
      "tick": 0,
      "recall_rate": 1.0,
      "precision_rate": 0.2,
      "activation_recall_correlation": 0.0,
      "fact_episode_delta": 1.0,
      "forgetting_curve_smoothness": 0.0
    },
    {
      "tick": 20,
      "recall_rate": 1.0,
      "precision_rate": 0.2,
      "activation_recall_correlation": 0.0,
      "fact_episode_delta": 1.0,
      "forgetting_curve_smoothness": 0.0
    },
    {
      "tick": 40,
      "recall_rate": 1.0,
      "precision_rate": 0.2,
      "activation_recall_correlation": 0.0,
      "fact_episode_delta": 1.0,
      "forgetting_curve_smoothness": 0.0
    },
    {
      "tick": 60,
      "recall_rate": 1.0,
      "precision_rate": 0.5,
      "activation_recall_correlation": 0.0,
      "fact_episode_delta": 1.0,
      "forgetting_curve_smoothness": 0.0
    },
    {
      "tick": 80,
      "recall_rate": 1.0,
      "precision_rate": 0.48,
      "activation_recall_correlation": 0.0,
      "fact_episode_delta": 1.0,
      "forgetting_curve_smoothness": 0.0
    },
    {
      "tick": 100,
      "recall_rate": 1.0,
      "precision_rate": 0.4666666666666667,
      "activation_recall_correlation": 0.0,
      "fact_episode_delta": 1.0,
      "forgetting_curve_smoothness": 0.0
    },
    {
      "tick": 120,
      "recall_rate": 0.7272727272727273,
      "precision_rate": 0.23636363636363636,
      "activation_recall_correlation": 0.0832814634754414,
      "fact_episode_delta": 0.30000000000000004,
      "forgetting_curve_smoothness": 0.0
    },
    {
      "tick": 140,
      "recall_rate": 0.8125,
      "precision_rate": 0.36666666666666664,
      "activation_recall_correlation": 0.09794127590119554,
      "fact_episode_delta": 0.19999999999999996,
      "forgetting_curve_smoothness": 0.010330578512396693
    },
    {
      "tick": 160,
      "recall_rate": 0.6906474820143885,
      "precision_rate": 0.3107913669064748,
      "activation_recall_correlation": 0.2820520500967717,
      "fact_episode_delta": 0.23741388447270806,
      "forgetting_curve_smoothness": 0.01094593312531624
    },
    {
      "tick": 180,
      "recall_rate": 0.7,
      "precision_rate": 0.30933333333333335,
      "activation_recall_correlation": 0.2844000995906549,
      "fact_episode_delta": 0.24456521739130432,
      "forgetting_curve_smoothness": 0.010566189612151765
    },
    {
      "tick": 200,
      "recall_rate": 0.6535947712418301,
      "precision_rate": 0.30196078431372547,
      "activation_recall_correlation": 0.274554517221165,
      "fact_episode_delta": 0.2922619047619047,
      "forgetting_curve_smoothness": 0.009619928781987785
    }
  ],
  "duration_seconds": 55.91,
  "timing_breakdown": {
    "simulation_seconds": 46.482,
    "final_score_summary_seconds": 6.448,
    "query_similarity_total_seconds": 42.342,
    "query_similarity_call_count": 594
  }
}