{
  "fold_scores": [
    {
      "tick": 200,
      "recall_rate": 0.7116564417177914,
      "precision_rate": 0.2785276073619632,
      "activation_recall_correlation": 0.9734923914960328,
      "fact_episode_delta": 0.3369114877589454,
      "forgetting_curve_smoothness": 0.0033088803585298505,
      "storage_std": 0.20149822340747192,
      "storage_iqr": 0.18035760186006006,
      "storage_gini": 0.3046295322740717,
      "retrieval_std": 0.20065970549532353,
      "retrieval_iqr": 0.18035760186006006,
      "retrieval_gini": 0.3041044912007479,
      "activation_std": 0.20149822340747192,
      "activation_iqr": 0.18035760186006006,
      "activation_gini": 0.3046295322740717,
      "threshold_metrics": {
        "0.1": {
          "recall_rate": 0.7116564417177914,
          "precision_rate": 0.2785276073619632
        },
        "0.2": {
          "recall_rate": 0.7116564417177914,
          "precision_rate": 0.2785276073619632
        },
        "0.3": {
          "recall_rate": 0.7116564417177914,
          "precision_rate": 0.2785276073619632
        },
        "0.4": {
          "recall_rate": 0.7177914110429447,
          "precision_rate": 0.27975460122699386
        },
        "0.5": {
          "recall_rate": 0.7177914110429447,
          "precision_rate": 0.27975460122699386
        },
        "0.6": {
          "recall_rate": 0.7239263803680982,
          "precision_rate": 0.2809815950920245
        },
        "0.7": {
          "recall_rate": 0.7423312883435583,
          "precision_rate": 0.21104294478527608
        },
        "0.8": {
          "recall_rate": 0.7055214723926381,
          "precision_rate": 0.17914110429447852
        },
        "0.9": {
          "recall_rate": 0.7055214723926381,
          "precision_rate": 0.16809815950920245
        }
      },
      "recall_mean": 0.7164280845262441,
      "precision_mean": 0.24826175869120654,
      "threshold_discrimination": 0.036809815950920255,
      "threshold_summary": {
        "threshold_auc": 0.7164280845262441,
        "slope": -0.006134969325153339
      },
      "corr_mean": 0.8218696950227339,
      "corr_score": 0.8218696950227339,
      "smoothness_score": 0.9669111964147015,
      "retrieval_score": 0.6554976141785958,
      "forgetting_score": 0.6888428865324288,
      "non_target_mean_storage": 0.3111571134675713,
      "plausibility_score": 0.8218696950227339,
      "overall_score": 0.7087614797134718,
      "composite_score": 0.7087614797134718,
      "mrr_mean": 0.5810270393092478,
      "precision_strict": 0.14328561690524882,
      "precision_lift": 0.0,
      "precision_associative": 0.24826175869120654,
      "similarity_recall_rate": 0.7116564417177914,
      "retention_curve": {
        "40": 1.0,
        "80": 1.0,
        "120": 0.8125,
        "160": 0.7142857142857143,
        "200": 0.7116564417177914
      },
      "retention_auc": 0.8476884312007013,
      "selectivity_score": 0.038309475119291114,
      "robustness_score": 0.0
    },
    {
      "tick": 200,
      "recall_rate": 0.6981132075471698,
      "precision_rate": 0.27044025157232704,
      "activation_recall_correlation": 0.9705849199301598,
      "fact_episode_delta": 0.32366972477064226,
      "forgetting_curve_smoothness": 0.10019773877959093,
      "storage_std": 0.20078033583302263,
      "storage_iqr": 0.18035760186006006,
      "storage_gini": 0.30414572256537176,
      "retrieval_std": 0.19995349506496263,
      "retrieval_iqr": 0.18035760186006006,
      "retrieval_gini": 0.3036345903954732,
      "activation_std": 0.20078033583302263,
      "activation_iqr": 0.18035760186006006,
      "activation_gini": 0.30414572256537176,
      "threshold_metrics": {
        "0.1": {
          "recall_rate": 0.6981132075471698,
          "precision_rate": 0.27044025157232704
        },
        "0.2": {
          "recall_rate": 0.6981132075471698,
          "precision_rate": 0.27044025157232704
        },
        "0.3": {
          "recall_rate": 0.6981132075471698,
          "precision_rate": 0.27044025157232704
        },
        "0.4": {
          "recall_rate": 0.6981132075471698,
          "precision_rate": 0.27044025157232704
        },
        "0.5": {
          "recall_rate": 0.6981132075471698,
          "precision_rate": 0.27044025157232704
        },
        "0.6": {
          "recall_rate": 0.7044025157232704,
          "precision_rate": 0.27169811320754716
        },
        "0.7": {
          "recall_rate": 0.710691823899371,
          "precision_rate": 0.21006289308176102
        },
        "0.8": {
          "recall_rate": 0.7044025157232704,
          "precision_rate": 0.17987421383647798
        },
        "0.9": {
          "recall_rate": 0.6981132075471698,
          "precision_rate": 0.16477987421383647
        }
      },
      "recall_mean": 0.7009084556254367,
      "precision_mean": 0.24206848357791758,
      "threshold_discrimination": 0.012578616352201255,
      "threshold_summary": {
        "threshold_auc": 0.7009084556254367,
        "slope": 0.0
      },
      "corr_mean": 0.8366344905995574,
      "corr_score": 0.8366344905995574,
      "smoothness_score": 0.0,
      "retrieval_score": 0.6349388539482879,
      "forgetting_score": 0.6890865453325921,
      "non_target_mean_storage": 0.310913454667408,
      "plausibility_score": 0.8366344905995574,
      "overall_score": 0.7043144550956117,
      "composite_score": 0.7043144550956117,
      "mrr_mean": 0.5543093407873282,
      "precision_strict": 0.14018169112508735,
      "precision_lift": 2.7755575615628914e-17,
      "precision_associative": 0.24206848357791758,
      "similarity_recall_rate": 0.6981132075471698,
      "retention_curve": {
        "40": 0.0,
        "80": 1.0,
        "120": 0.8,
        "160": 0.6758620689655173,
        "200": 0.6981132075471698
      },
      "retention_auc": 0.6347950553025374,
      "selectivity_score": 0.03829489867225713,
      "robustness_score": 0.0
    },
    {
      "tick": 200,
      "recall_rate": 0.6388888888888888,
      "precision_rate": 0.28,
      "activation_recall_correlation": 0.9664848793500417,
      "fact_episode_delta": 0.2581818181818182,
      "forgetting_curve_smoothness": 0.10820220224707415,
      "storage_std": 0.20170703636368142,
      "storage_iqr": 0.18035760186006006,
      "storage_gini": 0.3049240809426116,
      "retrieval_std": 0.20080030961711892,
      "retrieval_iqr": 0.18035760186006006,
      "retrieval_gini": 0.30435834445961085,
      "activation_std": 0.20170703636368142,
      "activation_iqr": 0.18035760186006006,
      "activation_gini": 0.3049240809426116,
      "threshold_metrics": {
        "0.1": {
          "recall_rate": 0.6388888888888888,
          "precision_rate": 0.28
        },
        "0.2": {
          "recall_rate": 0.6388888888888888,
          "precision_rate": 0.28
        },
        "0.3": {
          "recall_rate": 0.6388888888888888,
          "precision_rate": 0.28
        },
        "0.4": {
          "recall_rate": 0.6388888888888888,
          "precision_rate": 0.28
        },
        "0.5": {
          "recall_rate": 0.6388888888888888,
          "precision_rate": 0.28
        },
        "0.6": {
          "recall_rate": 0.6388888888888888,
          "precision_rate": 0.28
        },
        "0.7": {
          "recall_rate": 0.6611111111111111,
          "precision_rate": 0.21555555555555556
        },
        "0.8": {
          "recall_rate": 0.6444444444444445,
          "precision_rate": 0.18555555555555556
        },
        "0.9": {
          "recall_rate": 0.6333333333333333,
          "precision_rate": 0.16777777777777778
        }
      },
      "recall_mean": 0.641358024691358,
      "precision_mean": 0.24987654320987657,
      "threshold_discrimination": 0.02777777777777779,
      "threshold_summary": {
        "threshold_auc": 0.641358024691358,
        "slope": -0.005555555555555536
      },
      "corr_mean": 0.7377275773204138,
      "corr_score": 0.7377275773204138,