{
  "lambda_fact": 0.006460755678937422,
  "lambda_episode": 0.035,
  "beta_fact": 0.28014761255409276,
  "beta_episode": 0.12,
  "alpha": 1.3180828167347762,
  "stability_weight": 1.6633310587223589,
  "stability_decay": 0.030751412540266143,
  "reinforcement_gain_direct": 0.07606632492238441,
  "reinforcement_gain_assoc": 0.05,
  "stability_cap": 1.8170143988060607
}