{
  "fold_scores": [
    {
      "tick": 200,
      "recall_rate": 0.656441717791411,
      "precision_rate": 0.2245398773006135,
      "activation_recall_correlation": 0.9828548762210769,
      "fact_episode_delta": 0.4131826741996234,
      "forgetting_curve_smoothness": 0.005855020272061464,
      "storage_std": 0.2908521222344214,
      "storage_iqr": 0.5115343201696789,
      "storage_gini": 0.504133443617799,
      "retrieval_std": 0.2882007582104558,
      "retrieval_iqr": 0.5115343201696789,
      "retrieval_gini": 0.5023196045298886,
      "activation_std": 0.2908521222344214,
      "activation_iqr": 0.5115343201696789,
      "activation_gini": 0.504133443617799,
      "threshold_metrics": {
        "0.1": {
          "recall_rate": 0.656441717791411,
          "precision_rate": 0.2245398773006135
        },
        "0.2": {
          "recall_rate": 0.656441717791411,
          "precision_rate": 0.2245398773006135
        },
        "0.3": {
          "recall_rate": 0.656441717791411,
          "precision_rate": 0.2245398773006135
        },
        "0.4": {
          "recall_rate": 0.656441717791411,
          "precision_rate": 0.2245398773006135
        },
        "0.5": {
          "recall_rate": 0.6687116564417178,
          "precision_rate": 0.1901840490797546
        },
        "0.6": {
          "recall_rate": 0.6687116564417178,
          "precision_rate": 0.1901840490797546
        },
        "0.7": {
          "recall_rate": 0.6625766871165644,
          "precision_rate": 0.18282208588957055
        },
        "0.8": {
          "recall_rate": 0.6625766871165644,
          "precision_rate": 0.17668711656441718
        },
        "0.9": {
          "recall_rate": 0.656441717791411,
          "precision_rate": 0.15828220858895706
        }
      },
      "recall_mean": 0.6605316973415133,
      "precision_mean": 0.19959100204498978,
      "threshold_discrimination": 0.012269938650306789,
      "threshold_summary": {
        "threshold_auc": 0.6605316973415133,
        "slope": 0.0
      },
      "corr_mean": 0.7583904319958413,
      "corr_score": 0.7583904319958413,
      "smoothness_score": 0.9414497972793854,
      "retrieval_score": 0.42335378323108386,
      "plausibility_score": 0.8499201146376134,
      "overall_score": 0.6366369489343486,
      "composite_score": 0.6366369489343486,
      "mrr_mean": 0.5304703476482617,
      "precision_strict": 0.13210633946830266,
      "precision_lift": 0.0,
      "precision_associative": 0.19959100204498978,
      "similarity_recall_rate": 0.656441717791411,
      "retention_curve": {
        "40": 1.0,
        "80": 1.0,
        "120": 0.75,
        "160": 0.6298701298701299,
        "200": 0.656441717791411
      },
      "retention_auc": 0.8072623695323082,
      "selectivity_score": 0.06462167689161555,
      "robustness_score": 0.0,
      "eval_v2_score": 0.3858856532016042
    },
    {
      "tick": 200,
      "recall_rate": 0.6352201257861635,
      "precision_rate": 0.23270440251572327,
      "activation_recall_correlation": 0.9467201939671283,
      "fact_episode_delta": 0.38623853211009174,
      "forgetting_curve_smoothness": 0.10844612774465714,
      "storage_std": 0.2896394475538097,
      "storage_iqr": 0.5115343201696789,
      "storage_gini": 0.503842768330241,
      "retrieval_std": 0.28718585474037395,
      "retrieval_iqr": 0.5115343201696789,
      "retrieval_gini": 0.5021555804980055,
      "activation_std": 0.2896394475538097,
      "activation_iqr": 0.5115343201696789,
      "activation_gini": 0.503842768330241,
      "threshold_metrics": {
        "0.1": {
          "recall_rate": 0.6352201257861635,
          "precision_rate": 0.23270440251572327
        },
        "0.2": {
          "recall_rate": 0.6352201257861635,
          "precision_rate": 0.23270440251572327
        },
        "0.3": {
          "recall_rate": 0.6352201257861635,
          "precision_rate": 0.23270440251572327
        },
        "0.4": {
          "recall_rate": 0.6352201257861635,
          "precision_rate": 0.23270440251572327
        },
        "0.5": {
          "recall_rate": 0.6352201257861635,
          "precision_rate": 0.1861635220125786
        },
        "0.6": {
          "recall_rate": 0.6477987421383647,
          "precision_rate": 0.19245283018867926
        },
        "0.7": {
          "recall_rate": 0.6477987421383647,
          "precision_rate": 0.18364779874213835
        },
        "0.8": {
          "recall_rate": 0.6352201257861635,
          "precision_rate": 0.1761006289308176
        },
        "0.9": {
          "recall_rate": 0.6289308176100629,
          "precision_rate": 0.14842767295597484
        }
      },
      "recall_mean": 0.6373165618448637,
      "precision_mean": 0.20195667365478687,
      "threshold_discrimination": 0.018867924528301883,
      "threshold_summary": {
        "threshold_auc": 0.6373165618448637,
        "slope": -0.0062893081761006275
      },
      "corr_mean": 0.8040394411991317,
      "corr_score": 0.8040394411991317,
      "smoothness_score": 0.0,
      "retrieval_score": 0.4023899371069183,
      "plausibility_score": 0.40201972059956587,
      "overall_score": 0.40220482885324205,
      "composite_score": 0.40220482885324205,
      "mrr_mean": 0.49154437456324257,
      "precision_strict": 0.12746331236897274,
      "precision_lift": 0.0,
      "precision_associative": 0.20195667365478687,
      "similarity_recall_rate": 0.6352201257861635,
      "retention_curve": {
        "40": 0.0,
        "80": 1.0,
        "120": 0.7,
        "160": 0.5862068965517241,
        "200": 0.6352201257861635
      },
      "retention_auc": 0.5842854044675775,
      "selectivity_score": 0.052969951083158606,
      "robustness_score": 0.0,
      "eval_v2_score": 0.2814679148895154
    },
    {
      "tick": 200,
      "recall_rate": 0.5611111111111111,
      "precision_rate": 0.21222222222222223,
      "activation_recall_correlation": 0.9518339045027285,
      "fact_episode_delta": 0.3701818181818182,
      "forgetting_curve_smoothness": 0.10718385867389216,
      "storage_std": 0.28995387784202387,
      "storage_iqr": 0.5115343201696789,
      "storage_gini": 0.5038763461334198,
      "retrieval_std": 0.28756625228296745,
      "retrieval_iqr": 0.5115343201696789,
      "retrieval_gini": 0.5022385355045564,
      "activation_std": 0.28995387784202387,
      "activation_iqr": 0.5115343201696789,
      "activation_gini": 0.5038763461334198,
      "threshold_metrics": {
        "0.1": {
          "recall_rate": 0.5611111111111111,
          "precision_rate": 0.21222222222222223
        },
        "0.2": {
          "recall_rate": 0.5611111111111111,
          "precision_rate": 0.21222222222222223
        },
        "0.3": {
          "recall_rate": 0.5611111111111111,
          "precision_rate": 0.21222222222222223
        },
        "0.4": {
          "recall_rate": 0.5611111111111111,
          "precision_rate": 0.21222222222222223
        },
        "0.5": {
          "recall_rate": 0.5666666666666667,
          "precision_rate": 0.17333333333333334
        },
        "0.6": {
          "recall_rate": 0.5777777777777777,
          "precision_rate": 0.17333333333333334
        },
        "0.7": {
          "recall_rate": 0.5722222222222222,
          "precision_rate": 0.17222222222222222
        },
        "0.8": {
          "recall_rate": 0.5722222222222222,
          "precision_rate": 0.16666666666666666
        },
        "0.9": {
          "recall_rate": 0.5611111111111111,
          "precision_rate": 0.14222222222222222
        }
      },
      "recall_mean": 0.5660493827160493,
      "precision_mean": 0.1862962962962963,
      "threshold_discrimination": 0.016666666666666607,
      "threshold_summary": {
        "threshold_auc": 0.5660493827160493,
        "slope": 0.0
      },
      "corr_mean": 0.7990945995044133,
      "corr_score": 0.7990945995044133,
      "smoothness_score": 0.0,
      "retrieval_score": 0.36371296296296296,