{
  "fold_scores": [
    {
      "tick": 200,
      "recall_rate": 0.6932515337423313,
      "precision_rate": 0.26012269938650306,
      "activation_recall_correlation": 0.9547100055140313,
      "fact_episode_delta": 0.3316384180790961,
      "forgetting_curve_smoothness": 0.004094301000054034,
      "storage_std": 0.2395810946926652,
      "storage_iqr": 0.3843634139825616,
      "storage_gini": 0.28419061600057594,
      "retrieval_std": 0.2395810946926652,
      "retrieval_iqr": 0.3843634139825616,
      "retrieval_gini": 0.28419061600057594,
      "activation_std": 0.2395810946926652,
      "activation_iqr": 0.3843634139825616,
      "activation_gini": 0.28419061600057594,
      "threshold_metrics": {
        "0.1": {
          "recall_rate": 0.6932515337423313,
          "precision_rate": 0.26012269938650306
        },
        "0.2": {
          "recall_rate": 0.6932515337423313,
          "precision_rate": 0.26012269938650306
        },
        "0.3": {
          "recall_rate": 0.6932515337423313,
          "precision_rate": 0.26012269938650306
        },
        "0.4": {
          "recall_rate": 0.6932515337423313,
          "precision_rate": 0.26012269938650306
        },
        "0.5": {
          "recall_rate": 0.6932515337423313,
          "precision_rate": 0.26012269938650306
        },
        "0.6": {
          "recall_rate": 0.6932515337423313,
          "precision_rate": 0.26134969325153373
        },
        "0.7": {
          "recall_rate": 0.7300613496932515,
          "precision_rate": 0.2196319018404908
        },
        "0.8": {
          "recall_rate": 0.7177914110429447,
          "precision_rate": 0.20368098159509201
        },
        "0.9": {
          "recall_rate": 0.6993865030674846,
          "precision_rate": 0.17423312883435582
        }
      },
      "recall_mean": 0.7007498295841855,
      "precision_mean": 0.23994546693933197,
      "threshold_discrimination": 0.036809815950920255,
      "threshold_summary": {
        "threshold_auc": 0.7007498295841855,
        "slope": 0.006134969325153339
      },
      "corr_mean": 0.8125396202252768,
      "corr_score": 0.8125396202252768,
      "smoothness_score": 0.9590569899994597,
      "retrieval_score": 0.44491138377641454,
      "plausibility_score": 0.8857983051123682,
      "overall_score": 0.6653548444443914,
      "composite_score": 0.6653548444443914,
      "mrr_mean": 0.5487048398091343,
      "precision_strict": 0.14014996591683712,
      "precision_lift": 2.7755575615628914e-17,
      "precision_associative": 0.23994546693933197,
      "similarity_recall_rate": 0.6932515337423313,
      "retention_curve": {
        "40": 1.0,
        "80": 1.0,
        "120": 0.8125,
        "160": 0.6558441558441559,
        "200": 0.6932515337423313
      },
      "retention_auc": 0.8323191379172975,
      "selectivity_score": 0.04035446489434227,
      "robustness_score": 0.0,
      "eval_v2_score": 0.38866767477580366
    },
    {
      "tick": 200,
      "recall_rate": 0.6540880503144654,
      "precision_rate": 0.2528301886792453,
      "activation_recall_correlation": 0.9317232177108224,
      "fact_episode_delta": 0.30036697247706423,
      "forgetting_curve_smoothness": 0.10123086546178875,
      "storage_std": 0.23869674986799505,
      "storage_iqr": 0.3843634139825616,
      "storage_gini": 0.2836442151114736,
      "retrieval_std": 0.23869674986799505,
      "retrieval_iqr": 0.3843634139825616,
      "retrieval_gini": 0.2836442151114736,
      "activation_std": 0.23869674986799505,
      "activation_iqr": 0.3843634139825616,
      "activation_gini": 0.2836442151114736,
      "threshold_metrics": {
        "0.1": {
          "recall_rate": 0.6540880503144654,
          "precision_rate": 0.2528301886792453
        },
        "0.2": {
          "recall_rate": 0.6540880503144654,
          "precision_rate": 0.2528301886792453
        },
        "0.3": {
          "recall_rate": 0.6540880503144654,
          "precision_rate": 0.2528301886792453
        },
        "0.4": {
          "recall_rate": 0.6540880503144654,
          "precision_rate": 0.2528301886792453
        },
        "0.5": {
          "recall_rate": 0.6540880503144654,
          "precision_rate": 0.2528301886792453
        },
        "0.6": {
          "recall_rate": 0.6540880503144654,
          "precision_rate": 0.2528301886792453
        },
        "0.7": {
          "recall_rate": 0.6792452830188679,
          "precision_rate": 0.21006289308176102
        },
        "0.8": {
          "recall_rate": 0.6792452830188679,
          "precision_rate": 0.20125786163522014
        },
        "0.9": {
          "recall_rate": 0.660377358490566,
          "precision_rate": 0.16855345911949685
        }
      },
      "recall_mean": 0.660377358490566,
      "precision_mean": 0.23298392732355,
      "threshold_discrimination": 0.02515723270440251,
      "threshold_summary": {
        "threshold_auc": 0.660377358490566,
        "slope": 0.0062893081761006275
      },
      "corr_mean": 0.886462057103957,
      "corr_score": 0.886462057103957,
      "smoothness_score": 0.0,
      "retrieval_score": 0.4158141160027953,
      "plausibility_score": 0.4432310285519785,
      "overall_score": 0.4295225722773869,
      "composite_score": 0.4295225722773869,
      "mrr_mean": 0.5055439086885628,
      "precision_strict": 0.1320754716981132,
      "precision_lift": 0.0,
      "precision_associative": 0.23298392732355,
      "similarity_recall_rate": 0.6540880503144654,
      "retention_curve": {
        "40": 0.0,
        "80": 1.0,
        "120": 0.8,
        "160": 0.6344827586206897,
        "200": 0.6540880503144654
      },
      "retention_auc": 0.617714161787031,
      "selectivity_score": 0.031167016072676412,
      "robustness_score": 0.0,
      "eval_v2_score": 0.2888798284296007
    },
    {
      "tick": 200,
      "recall_rate": 0.6055555555555555,
      "precision_rate": 0.2544444444444444,
      "activation_recall_correlation": 0.9234761997493215,
      "fact_episode_delta": 0.25381818181818183,
      "forgetting_curve_smoothness": 0.11547058634536525,
      "storage_std": 0.2390067564330437,
      "storage_iqr": 0.3843634139825616,
      "storage_gini": 0.28382688466496875,
      "retrieval_std": 0.2390067564330437,
      "retrieval_iqr": 0.3843634139825616,
      "retrieval_gini": 0.28382688466496875,
      "activation_std": 0.2390067564330437,
      "activation_iqr": 0.3843634139825616,
      "activation_gini": 0.28382688466496875,
      "threshold_metrics": {
        "0.1": {
          "recall_rate": 0.6055555555555555,
          "precision_rate": 0.25222222222222224
        },
        "0.2": {
          "recall_rate": 0.6055555555555555,
          "precision_rate": 0.25222222222222224
        },
        "0.3": {
          "recall_rate": 0.6055555555555555,
          "precision_rate": 0.2544444444444444
        },
        "0.4": {
          "recall_rate": 0.6055555555555555,
          "precision_rate": 0.2544444444444444
        },
        "0.5": {
          "recall_rate": 0.6055555555555555,
          "precision_rate": 0.2544444444444444
        },
        "0.6": {
          "recall_rate": 0.6055555555555555,
          "precision_rate": 0.2544444444444444
        },
        "0.7": {
          "recall_rate": 0.6333333333333333,
          "precision_rate": 0.21333333333333335
        },
        "0.8": {
          "recall_rate": 0.6277777777777778,
          "precision_rate": 0.19666666666666666
        },
        "0.9": {
          "recall_rate": 0.6111111111111112,
          "precision_rate": 0.1711111111111111
        }
      },
      "recall_mean": 0.6117283950617283,
      "precision_mean": 0.23370370370370366,
      "threshold_discrimination": 0.02777777777777779,
      "threshold_summary": {
        "threshold_auc": 0.6117283950617283,
        "slope": 0.005555555555555647
      },
      "corr_mean": 0.7883391409725536,
      "corr_score": 0.7883391409725536,
      "smoothness_score": 0.0,