{
  "fold_scores": [
    {
      "tick": 200,
      "recall_rate": 0.6196319018404908,
      "precision_rate": 0.19631901840490798,
      "activation_recall_correlation": 0.9854061176791649,
      "fact_episode_delta": 0.49472693032015064,
      "forgetting_curve_smoothness": 0.0029791056391921204,
      "storage_std": 0.20197714378049825,
      "storage_iqr": 0.15345733117966365,
      "storage_gini": 0.3370818525995,
      "retrieval_std": 0.20052815496467746,
      "retrieval_iqr": 0.15345733117966365,
      "retrieval_gini": 0.3361428667524646,
      "activation_std": 0.20197714378049825,
      "activation_iqr": 0.15345733117966365,
      "activation_gini": 0.3370818525995,
      "threshold_metrics": {
        "0.1": {
          "recall_rate": 0.6196319018404908,
          "precision_rate": 0.19631901840490798
        },
        "0.2": {
          "recall_rate": 0.6196319018404908,
          "precision_rate": 0.19631901840490798
        },
        "0.3": {
          "recall_rate": 0.6196319018404908,
          "precision_rate": 0.19631901840490798
        },
        "0.4": {
          "recall_rate": 0.6196319018404908,
          "precision_rate": 0.19631901840490798
        },
        "0.5": {
          "recall_rate": 0.6196319018404908,
          "precision_rate": 0.19631901840490798
        },
        "0.6": {
          "recall_rate": 0.6196319018404908,
          "precision_rate": 0.19386503067484662
        },
        "0.7": {
          "recall_rate": 0.6196319018404908,
          "precision_rate": 0.17668711656441718
        },
        "0.8": {
          "recall_rate": 0.6134969325153374,
          "precision_rate": 0.15337423312883436
        },
        "0.9": {
          "recall_rate": 0.6134969325153374,
          "precision_rate": 0.14478527607361963
        }
      },
      "recall_mean": 0.6182685753237901,
      "precision_mean": 0.18336741649625085,
      "threshold_discrimination": 0.006134969325153339,
      "threshold_summary": {
        "threshold_auc": 0.6182685753237901,
        "slope": -0.006134969325153339
      },
      "corr_mean": 0.8717471485119259,
      "corr_score": 0.8717471485119259,
      "smoothness_score": 0.9702089436080787,
      "retrieval_score": 0.5798074301295161,
      "forgetting_score": 0.7290676036306598,
      "non_target_mean_storage": 0.2709323963693402,
      "plausibility_score": 0.8717471485119259,
      "overall_score": 0.7050334204505189,
      "composite_score": 0.7050334204505189,
      "mrr_mean": 0.5327993637809588,
      "precision_strict": 0.12365371506475802,
      "precision_lift": 0.0,
      "precision_associative": 0.18336741649625085,
      "similarity_recall_rate": 0.6134969325153374,
      "retention_curve": {
        "40": 1.0,
        "80": 1.0,
        "120": 0.875,
        "160": 0.6428571428571429,
        "200": 0.6196319018404908
      },
      "retention_auc": 0.8274978089395267,
      "selectivity_score": 0.06394001363326518,
      "robustness_score": 0.0,
      "_fold_idx": 0,
      "_fold_duration_seconds": 79.46
    },
    {
      "tick": 200,
      "recall_rate": 0.6415094339622641,
      "precision_rate": 0.2238993710691824,
      "activation_recall_correlation": 0.968894988892292,
      "fact_episode_delta": 0.4937614678899082,
      "forgetting_curve_smoothness": 0.10642212155668015,
      "storage_std": 0.20159040925696473,
      "storage_iqr": 0.15345733117966365,
      "storage_gini": 0.33677880509456465,
      "retrieval_std": 0.2003470430575769,
      "retrieval_iqr": 0.15345733117966365,
      "retrieval_gini": 0.3359760885894796,
      "activation_std": 0.20159040925696473,
      "activation_iqr": 0.15345733117966365,
      "activation_gini": 0.33677880509456465,
      "threshold_metrics": {
        "0.1": {
          "recall_rate": 0.6415094339622641,
          "precision_rate": 0.2238993710691824
        },
        "0.2": {
          "recall_rate": 0.6415094339622641,
          "precision_rate": 0.2238993710691824
        },
        "0.3": {
          "recall_rate": 0.6415094339622641,
          "precision_rate": 0.2238993710691824
        },
        "0.4": {
          "recall_rate": 0.6415094339622641,
          "precision_rate": 0.2238993710691824
        },
        "0.5": {
          "recall_rate": 0.6415094339622641,
          "precision_rate": 0.2238993710691824
        },
        "0.6": {
          "recall_rate": 0.6415094339622641,
          "precision_rate": 0.22138364779874214
        },
        "0.7": {
          "recall_rate": 0.6415094339622641,
          "precision_rate": 0.18742138364779873
        },
        "0.8": {
          "recall_rate": 0.6289308176100629,
          "precision_rate": 0.15471698113207547
        },
        "0.9": {
          "recall_rate": 0.6226415094339622,
          "precision_rate": 0.1459119496855346
        }
      },
      "recall_mean": 0.6380153738644304,
      "precision_mean": 0.203214535290007,
      "threshold_discrimination": 0.018867924528301883,
      "threshold_summary": {
        "threshold_auc": 0.6380153738644304,
        "slope": -0.018867924528301883
      },
      "corr_mean": 0.7964014131619941,
      "corr_score": 0.7964014131619941,
      "smoothness_score": 0.0,
      "retrieval_score": 0.5908717679944095,
      "forgetting_score": 0.7293090951619162,
      "non_target_mean_storage": 0.2706909048380838,
      "plausibility_score": 0.7964014131619941,
      "overall_score": 0.6907072437949331,
      "composite_score": 0.6907072437949331,
      "mrr_mean": 0.5332518052643839,
      "precision_strict": 0.1276030747728861,
      "precision_lift": 2.7755575615628914e-17,
      "precision_associative": 0.203214535290007,
      "similarity_recall_rate": 0.6226415094339622,
      "retention_curve": {
        "40": 0.0,
        "80": 1.0,
        "120": 0.7,
        "160": 0.6482758620689655,
        "200": 0.6415094339622641
      },
      "retention_auc": 0.597957059206246,
      "selectivity_score": 0.051991614255765206,
      "robustness_score": 0.0,
      "_fold_idx": 1,
      "_fold_duration_seconds": 78.35
    },
    {
      "tick": 200,
      "recall_rate": 0.5833333333333334,
      "precision_rate": 0.20333333333333334,
      "activation_recall_correlation": 0.9669934663720448,
      "fact_episode_delta": 0.41672727272727267,
      "forgetting_curve_smoothness": 0.1112427570876862,
      "storage_std": 0.20209898522217395,
      "storage_iqr": 0.15345733117966365,
      "storage_gini": 0.3372154073090697,
      "retrieval_std": 0.20054478570872278,
      "retrieval_iqr": 0.15345733117966365,
      "retrieval_gini": 0.3362087310976673,
      "activation_std": 0.20209898522217395,
      "activation_iqr": 0.15345733117966365,
      "activation_gini": 0.3372154073090697,
      "threshold_metrics": {
        "0.1": {
          "recall_rate": 0.5833333333333334,
          "precision_rate": 0.20333333333333334
        },
        "0.2": {
          "recall_rate": 0.5833333333333334,
          "precision_rate": 0.20333333333333334
        },
        "0.3": {
          "recall_rate": 0.5833333333333334,
          "precision_rate": 0.20333333333333334
        },
        "0.4": {
          "recall_rate": 0.5833333333333334,
          "precision_rate": 0.20333333333333334
        },
        "0.5": {
          "recall_rate": 0.5833333333333334,
          "precision_rate": 0.20333333333333334
        },
        "0.6": {
          "recall_rate": 0.5833333333333334,
          "precision_rate": 0.1988888888888889
        },
        "0.7": {
          "recall_rate": 0.5833333333333334,
          "precision_rate": 0.17777777777777778
        },
        "0.8": {
          "recall_rate": 0.5666666666666667,
          "precision_rate": 0.14777777777777779
        },
        "0.9": {
          "recall_rate": 0.5611111111111111,
          "precision_rate": 0.1388888888888889
        }
      },
      "recall_mean": 0.5790123456790124,
      "precision_mean": 0.18666666666666668,