{
  "status": "completed",
  "tick": 200,
  "recall_rate": 0.6928104575163399,
  "precision_rate": 0.3176470588235294,
  "activation_recall_correlation": 0.23439161679264592,
  "fact_episode_delta": 0.2654761904761904,
  "forgetting_curve_smoothness": 0.003143415348691837,
  "storage_std": 0.32042051931706095,
  "storage_iqr": 0.0021705989632894935,
  "storage_gini": 0.8270926058649214,
  "retrieval_std": 0.32042051931706095,
  "retrieval_iqr": 0.0021705989632894935,
  "retrieval_gini": 0.8270926058649214,
  "activation_std": 0.32042051931706095,
  "activation_iqr": 0.0021705989632894935,
  "activation_gini": 0.8270926058649214,
  "threshold_metrics": {
    "0.1": {
      "recall_rate": 0.6928104575163399,
      "precision_rate": 0.3176470588235294
    },
    "0.2": {
      "recall_rate": 0.6928104575163399,
      "precision_rate": 0.3176470588235294
    },
    "0.3": {
      "recall_rate": 0.6928104575163399,
      "precision_rate": 0.3176470588235294
    },
    "0.4": {
      "recall_rate": 0.6928104575163399,
      "precision_rate": 0.3176470588235294
    },
    "0.5": {
      "recall_rate": 0.6928104575163399,
      "precision_rate": 0.3176470588235294
    },
    "0.6": {
      "recall_rate": 0.6928104575163399,
      "precision_rate": 0.3176470588235294
    },
    "0.7": {
      "recall_rate": 0.6928104575163399,
      "precision_rate": 0.3176470588235294
    },
    "0.8": {
      "recall_rate": 0.6797385620915033,
      "precision_rate": 0.3137254901960784
    },
    "0.9": {
      "recall_rate": 0.30718954248366015,
      "precision_rate": 0.11503267973856209
    }
  },
  "recall_mean": 0.6485112563543936,
  "precision_mean": 0.29469862018881626,
  "threshold_discrimination": 0.3856209150326797,
  "threshold_summary": {
    "threshold_auc": 0.6485112563543936,
    "slope": -0.3856209150326797
  },
  "corr_mean": 0.22013410126018876,
  "corr_score": 0.22013410126018876,
  "smoothness_score": 0.9685658465130816,
  "retrieval_score": 0.5419862018881626,
  "forgetting_score": 0.8747465284855657,
  "non_target_mean_storage": 0.12525347151443436,
  "plausibility_score": 0.22013410126018876,
  "overall_score": 0.5779892910402603,
  "composite_score": 0.5779892910402603,
  "mrr_mean": 0.4117889130961026,
  "precision_strict": 0.12970225127087873,
  "precision_lift": 2.7755575615628914e-17,
  "precision_associative": 0.29469862018881626,
  "similarity_recall_rate": 0.6274509803921569,
  "retention_curve": {
    "40": 1.0,
    "80": 1.0,
    "120": 0.8181818181818182,
    "160": 0.7122302158273381,
    "200": 0.6928104575163399
  },
  "retention_auc": 0.8446444983050994,
  "selectivity_score": 0.0,
  "robustness_score": 0.0,
  "snapshots": [
    {
      "tick": 0,
      "recall_rate": 1.0,
      "precision_rate": 0.2,
      "activation_recall_correlation": 0.0,
      "fact_episode_delta": 1.0,
      "forgetting_curve_smoothness": 0.0
    },
    {
      "tick": 20,
      "recall_rate": 1.0,
      "precision_rate": 0.2,
      "activation_recall_correlation": 0.0,
      "fact_episode_delta": 1.0,
      "forgetting_curve_smoothness": 0.0
    },
    {
      "tick": 40,
      "recall_rate": 1.0,
      "precision_rate": 0.2,
      "activation_recall_correlation": 0.0,
      "fact_episode_delta": 1.0,
      "forgetting_curve_smoothness": 0.0
    },
    {
      "tick": 60,
      "recall_rate": 1.0,
      "precision_rate": 0.5,
      "activation_recall_correlation": 0.0,
      "fact_episode_delta": 1.0,
      "forgetting_curve_smoothness": 0.0
    },
    {
      "tick": 80,
      "recall_rate": 1.0,
      "precision_rate": 0.48,
      "activation_recall_correlation": 0.0,
      "fact_episode_delta": 1.0,
      "forgetting_curve_smoothness": 0.0
    },
    {
      "tick": 100,
      "recall_rate": 1.0,
      "precision_rate": 0.4666666666666667,
      "activation_recall_correlation": 0.0,
      "fact_episode_delta": 1.0,
      "forgetting_curve_smoothness": 0.0
    },
    {
      "tick": 120,
      "recall_rate": 0.8181818181818182,
      "precision_rate": 0.2727272727272727,
      "activation_recall_correlation": -0.023083002886691267,
      "fact_episode_delta": 0.19999999999999996,
      "forgetting_curve_smoothness": 0.0
    },
    {
      "tick": 140,
      "recall_rate": 0.7916666666666666,
      "precision_rate": 0.3625,
      "activation_recall_correlation": 0.021191469197290598,
      "fact_episode_delta": 0.2222222222222222,
      "forgetting_curve_smoothness": 0.0045913682277318605
    },
    {
      "tick": 160,
      "recall_rate": 0.7122302158273381,
      "precision_rate": 0.31798561151079136,
      "activation_recall_correlation": 0.23009167378003878,
      "fact_episode_delta": 0.2080021197668257,
      "forgetting_curve_smoothness": 0.003937215382020575
    },
    {
      "tick": 180,
      "recall_rate": 0.72,
      "precision_rate": 0.31866666666666665,
      "activation_recall_correlation": 0.24330922314665668,
      "fact_episode_delta": 0.21571906354515047,
      "forgetting_curve_smoothness": 0.0037149528920177944
    },
    {
      "tick": 200,
      "recall_rate": 0.6928104575163399,
      "precision_rate": 0.3176470588235294,
      "activation_recall_correlation": 0.23439161679264592,
      "fact_episode_delta": 0.2654761904761904,
      "forgetting_curve_smoothness": 0.0034911458507187257
    }
  ],
  "duration_seconds": 55.24,
  "timing_breakdown": {
    "simulation_seconds": 46.327,
    "final_score_summary_seconds": 6.023,
    "query_similarity_total_seconds": 41.262,
    "query_similarity_call_count": 594
  }
}