{
  "status": "completed",
  "tick": 200,
  "recall_rate": 0.5228758169934641,
  "precision_rate": 0.22745098039215686,
  "activation_recall_correlation": 0.50916382437166,
  "fact_episode_delta": 0.513095238095238,
  "forgetting_curve_smoothness": 0.024883013885345803,
  "storage_std": 0.1900818073475672,
  "storage_iqr": 0.1847635688849137,
  "storage_gini": 0.29167663138580907,
  "retrieval_std": 0.1900818073475672,
  "retrieval_iqr": 0.1847635688849137,
  "retrieval_gini": 0.29167663138580907,
  "activation_std": 0.1900818073475672,
  "activation_iqr": 0.1847635688849137,
  "activation_gini": 0.29167663138580907,
  "threshold_metrics": {
    "0.1": {
      "recall_rate": 0.5228758169934641,
      "precision_rate": 0.22745098039215686
    },
    "0.2": {
      "recall_rate": 0.5228758169934641,
      "precision_rate": 0.22745098039215686
    },
    "0.3": {
      "recall_rate": 0.5228758169934641,
      "precision_rate": 0.22745098039215686
    },
    "0.4": {
      "recall_rate": 0.5228758169934641,
      "precision_rate": 0.22745098039215686
    },
    "0.5": {
      "recall_rate": 0.5228758169934641,
      "precision_rate": 0.22745098039215686
    },
    "0.6": {
      "recall_rate": 0.5228758169934641,
      "precision_rate": 0.22745098039215686
    },
    "0.7": {
      "recall_rate": 0.29411764705882354,
      "precision_rate": 0.10980392156862745
    },
    "0.8": {
      "recall_rate": 0.27450980392156865,
      "precision_rate": 0.09542483660130718
    },
    "0.9": {
      "recall_rate": 0.0196078431372549,
      "precision_rate": 0.009150326797385621
    }
  },
  "recall_mean": 0.4139433551198257,
  "precision_mean": 0.1754538852578068,
  "threshold_discrimination": 0.5032679738562091,
  "threshold_summary": {
    "threshold_auc": 0.4139433551198257,
    "slope": -0.5032679738562091
  },
  "corr_mean": 0.3752142525576815,
  "corr_score": 0.3752142525576815,
  "smoothness_score": 0.7511698611465419,
  "retrieval_score": 0.34456971677559917,
  "forgetting_score": 0.6783972421519033,
  "non_target_mean_storage": 0.3216027578480967,
  "plausibility_score": 0.3752142525576815,
  "overall_score": 0.4690704846028262,
  "composite_score": 0.4690704846028262,
  "mrr_mean": 0.2597797143548778,
  "precision_strict": 0.08278867102396514,
  "precision_lift": 0.0,
  "precision_associative": 0.1754538852578068,
  "similarity_recall_rate": 0.5228758169934641,
  "retention_curve": {
    "40": 1.0,
    "80": 1.0,
    "120": 0.5454545454545454,
    "160": 0.5539568345323741,
    "200": 0.5228758169934641
  },
  "retention_auc": 0.7244574393960768,
  "selectivity_score": 0.0,
  "robustness_score": 0.0,
  "snapshots": [
    {
      "tick": 0,
      "recall_rate": 1.0,
      "precision_rate": 0.2,
      "activation_recall_correlation": 0.0,
      "fact_episode_delta": 1.0,
      "forgetting_curve_smoothness": 0.0
    },
    {
      "tick": 20,
      "recall_rate": 1.0,
      "precision_rate": 0.2,
      "activation_recall_correlation": 0.0,
      "fact_episode_delta": 1.0,
      "forgetting_curve_smoothness": 0.0
    },
    {
      "tick": 40,
      "recall_rate": 1.0,
      "precision_rate": 0.2,
      "activation_recall_correlation": 0.0,
      "fact_episode_delta": 1.0,
      "forgetting_curve_smoothness": 0.0
    },
    {
      "tick": 60,
      "recall_rate": 1.0,
      "precision_rate": 0.5,
      "activation_recall_correlation": 0.0,
      "fact_episode_delta": 1.0,
      "forgetting_curve_smoothness": 0.0
    },
    {
      "tick": 80,
      "recall_rate": 1.0,
      "precision_rate": 0.48,
      "activation_recall_correlation": 0.0,
      "fact_episode_delta": 1.0,
      "forgetting_curve_smoothness": 0.0
    },
    {
      "tick": 100,
      "recall_rate": 1.0,
      "precision_rate": 0.4666666666666667,
      "activation_recall_correlation": 0.0,
      "fact_episode_delta": 1.0,
      "forgetting_curve_smoothness": 0.0
    },
    {
      "tick": 120,
      "recall_rate": 0.5454545454545454,
      "precision_rate": 0.18181818181818182,
      "activation_recall_correlation": 0.27200566576672847,
      "fact_episode_delta": 0.5,
      "forgetting_curve_smoothness": 0.0
    },
    {
      "tick": 140,
      "recall_rate": 0.7291666666666666,
      "precision_rate": 0.3333333333333333,
      "activation_recall_correlation": 0.4479809471130653,
      "fact_episode_delta": 0.28888888888888886,
      "forgetting_curve_smoothness": 0.028696051423324157
    },
    {
      "tick": 160,
      "recall_rate": 0.5539568345323741,
      "precision_rate": 0.2489208633093525,
      "activation_recall_correlation": 0.37512435026910945,
      "fact_episode_delta": 0.3868574456809751,
      "forgetting_curve_smoothness": 0.03284043472761005
    },
    {
      "tick": 180,
      "recall_rate": 0.5333333333333333,
      "precision_rate": 0.228,
      "activation_recall_correlation": 0.49448687648445216,
      "fact_episode_delta": 0.5163043478260869,
      "forgetting_curve_smoothness": 0.030773860727771316
    },
    {
      "tick": 200,
      "recall_rate": 0.5228758169934641,
      "precision_rate": 0.22745098039215686,
      "activation_recall_correlation": 0.50916382437166,
      "fact_episode_delta": 0.513095238095238,
      "forgetting_curve_smoothness": 0.027476444104691924
    }
  ],
  "duration_seconds": 21.53,
  "timing_breakdown": {
    "simulation_seconds": 10.104,
    "final_score_summary_seconds": 4.632,
    "query_similarity_total_seconds": 6.151,
    "query_similarity_call_count": 594
  }
}