{
  "fold_scores": [
    {
      "tick": 200,
      "recall_rate": 0.7239263803680982,
      "precision_rate": 0.2822085889570552,
      "activation_recall_correlation": 0.979649386693024,
      "fact_episode_delta": 0.35065913370998114,
      "forgetting_curve_smoothness": 0.0023306230539626295,
      "storage_std": 0.19742242729251974,
      "storage_iqr": 0.12844189624175253,
      "storage_gini": 0.3318612462831106,
      "retrieval_std": 0.19439820407871655,
      "retrieval_iqr": 0.12844189624175253,
      "retrieval_gini": 0.32987497617298045,
      "activation_std": 0.19742242729251974,
      "activation_iqr": 0.12844189624175253,
      "activation_gini": 0.3318612462831106,
      "threshold_metrics": {
        "0.1": {
          "recall_rate": 0.7177914110429447,
          "precision_rate": 0.2809815950920245
        },
        "0.2": {
          "recall_rate": 0.7177914110429447,
          "precision_rate": 0.2809815950920245
        },
        "0.3": {
          "recall_rate": 0.7239263803680982,
          "precision_rate": 0.2822085889570552
        },
        "0.4": {
          "recall_rate": 0.7239263803680982,
          "precision_rate": 0.2822085889570552
        },
        "0.5": {
          "recall_rate": 0.7239263803680982,
          "precision_rate": 0.2822085889570552
        },
        "0.6": {
          "recall_rate": 0.7423312883435583,
          "precision_rate": 0.25398773006134967
        },
        "0.7": {
          "recall_rate": 0.7177914110429447,
          "precision_rate": 0.19631901840490798
        },
        "0.8": {
          "recall_rate": 0.7239263803680982,
          "precision_rate": 0.17914110429447852
        },
        "0.9": {
          "recall_rate": 0.7177914110429447,
          "precision_rate": 0.16932515337423312
        }
      },
      "recall_mean": 0.7232447171097478,
      "precision_mean": 0.2452624403544649,
      "threshold_discrimination": 0.024539877300613577,
      "threshold_summary": {
        "threshold_auc": 0.7232447171097478,
        "slope": 0.0
      },
      "corr_mean": 0.7558284315214161,
      "corr_score": 0.7558284315214161,
      "smoothness_score": 0.9766937694603737,
      "retrieval_score": 0.6606373551465576,
      "forgetting_score": 0.7399782664958006,
      "non_target_mean_storage": 0.26002173350419944,
      "plausibility_score": 0.7558284315214161,
      "overall_score": 0.7122044432125072,
      "composite_score": 0.7122044432125072,
      "mrr_mean": 0.5841172460804364,
      "precision_strict": 0.14464894342194956,
      "precision_lift": 0.0,
      "precision_associative": 0.2452624403544649,
      "similarity_recall_rate": 0.7177914110429447,
      "retention_curve": {
        "40": 1.0,
        "80": 1.0,
        "120": 0.875,
        "160": 0.7337662337662337,
        "200": 0.7239263803680982
      },
      "retention_auc": 0.8665385228268663,
      "selectivity_score": 0.04403544648943422,
      "robustness_score": 0.0
    },
    {
      "tick": 200,
      "recall_rate": 0.6981132075471698,
      "precision_rate": 0.2691823899371069,
      "activation_recall_correlation": 0.9710346318197947,
      "fact_episode_delta": 0.32366972477064226,
      "forgetting_curve_smoothness": 0.09933184459552713,
      "storage_std": 0.19634848053861131,
      "storage_iqr": 0.12844189624175253,
      "storage_gini": 0.33106380418986,
      "retrieval_std": 0.1935217837572987,
      "retrieval_iqr": 0.12844189624175253,
      "retrieval_gini": 0.3292091363865829,
      "activation_std": 0.19634848053861131,
      "activation_iqr": 0.12844189624175253,
      "activation_gini": 0.33106380418986,
      "threshold_metrics": {
        "0.1": {
          "recall_rate": 0.6981132075471698,
          "precision_rate": 0.2691823899371069
        },
        "0.2": {
          "recall_rate": 0.6981132075471698,
          "precision_rate": 0.2691823899371069
        },
        "0.3": {
          "recall_rate": 0.6981132075471698,
          "precision_rate": 0.2691823899371069
        },
        "0.4": {
          "recall_rate": 0.6981132075471698,
          "precision_rate": 0.2691823899371069
        },
        "0.5": {
          "recall_rate": 0.6981132075471698,
          "precision_rate": 0.2691823899371069
        },
        "0.6": {
          "recall_rate": 0.7044025157232704,
          "precision_rate": 0.2389937106918239
        },
        "0.7": {
          "recall_rate": 0.7169811320754716,
          "precision_rate": 0.20251572327044026
        },
        "0.8": {
          "recall_rate": 0.6981132075471698,
          "precision_rate": 0.1660377358490566
        },
        "0.9": {
          "recall_rate": 0.6918238993710691,
          "precision_rate": 0.16226415094339622
        }
      },
      "recall_mean": 0.70020964360587,
      "precision_mean": 0.23508036338225016,
      "threshold_discrimination": 0.02515723270440251,
      "threshold_summary": {
        "threshold_auc": 0.70020964360587,
        "slope": -0.0062893081761006275
      },
      "corr_mean": 0.7957546964898764,
      "corr_score": 0.7957546964898764,
      "smoothness_score": 0.006681554044728699,
      "retrieval_score": 0.6388888888888888,
      "forgetting_score": 0.7401324499789335,
      "non_target_mean_storage": 0.2598675500210665,
      "plausibility_score": 0.7957546964898764,
      "overall_score": 0.7135405871706514,
      "composite_score": 0.7135405871706514,
      "mrr_mean": 0.5639412997903563,
      "precision_strict": 0.140041928721174,
      "precision_lift": 0.0,
      "precision_associative": 0.23508036338225016,
      "similarity_recall_rate": 0.6981132075471698,
      "retention_curve": {
        "40": 0.0,
        "80": 1.0,
        "120": 0.9,
        "160": 0.696551724137931,
        "200": 0.6981132075471698
      },
      "retention_auc": 0.6589329863370201,
      "selectivity_score": 0.04500349406009782,
      "robustness_score": 0.0
    },
    {
      "tick": 200,
      "recall_rate": 0.6444444444444445,
      "precision_rate": 0.2777777777777778,
      "activation_recall_correlation": 0.9717266494326077,
      "fact_episode_delta": 0.2501818181818183,
      "forgetting_curve_smoothness": 0.10325935514875628,
      "storage_std": 0.1976543791000221,
      "storage_iqr": 0.12844189624175253,
      "storage_gini": 0.3321721533414996,
      "retrieval_std": 0.19457395091087726,
      "retrieval_iqr": 0.12844189624175253,
      "retrieval_gini": 0.33014542030964134,
      "activation_std": 0.1976543791000221,
      "activation_iqr": 0.12844189624175253,
      "activation_gini": 0.3321721533414996,
      "threshold_metrics": {
        "0.1": {
          "recall_rate": 0.6444444444444445,
          "precision_rate": 0.2777777777777778
        },
        "0.2": {
          "recall_rate": 0.6444444444444445,
          "precision_rate": 0.2777777777777778
        },
        "0.3": {
          "recall_rate": 0.6444444444444445,
          "precision_rate": 0.2777777777777778
        },
        "0.4": {
          "recall_rate": 0.65,
          "precision_rate": 0.2811111111111111
        },
        "0.5": {
          "recall_rate": 0.65,
          "precision_rate": 0.2811111111111111
        },
        "0.6": {
          "recall_rate": 0.6666666666666666,
          "precision_rate": 0.2477777777777778
        },
        "0.7": {
          "recall_rate": 0.6611111111111111,
          "precision_rate": 0.21444444444444444
        },
        "0.8": {
          "recall_rate": 0.6444444444444445,
          "precision_rate": 0.17333333333333334
        },
        "0.9": {
          "recall_rate": 0.6388888888888888,
          "precision_rate": 0.1688888888888889
        }
      },
      "recall_mean": 0.6493827160493828,
      "precision_mean": 0.24444444444444446,
      "threshold_discrimination": 0.02777777777777779,
      "threshold_summary": {
        "threshold_auc": 0.6493827160493828,
        "slope": -0.005555555555555647
      },
      "corr_mean": 0.7362581656895579,