{
  "fold_scores": [
    {
      "tick": 200,
      "recall_rate": 0.6871165644171779,
      "precision_rate": 0.2674846625766871,
      "activation_recall_correlation": 0.9601731184845876,
      "fact_episode_delta": 0.3401129943502825,
      "forgetting_curve_smoothness": 0.003962185329979154,
      "storage_std": 0.20651005953184443,
      "storage_iqr": 0.299746874601266,
      "storage_gini": 0.21838822911472638,
      "retrieval_std": 0.20647689262981608,
      "retrieval_iqr": 0.299746874601266,
      "retrieval_gini": 0.21836649868270347,
      "activation_std": 0.20651005953184443,
      "activation_iqr": 0.299746874601266,
      "activation_gini": 0.21838822911472638,
      "threshold_metrics": {
        "0.1": {
          "recall_rate": 0.6871165644171779,
          "precision_rate": 0.2674846625766871
        },
        "0.2": {
          "recall_rate": 0.6871165644171779,
          "precision_rate": 0.2674846625766871
        },
        "0.3": {
          "recall_rate": 0.6871165644171779,
          "precision_rate": 0.2674846625766871
        },
        "0.4": {
          "recall_rate": 0.6871165644171779,
          "precision_rate": 0.2674846625766871
        },
        "0.5": {
          "recall_rate": 0.6871165644171779,
          "precision_rate": 0.2674846625766871
        },
        "0.6": {
          "recall_rate": 0.6871165644171779,
          "precision_rate": 0.2674846625766871
        },
        "0.7": {
          "recall_rate": 0.7116564417177914,
          "precision_rate": 0.27975460122699386
        },
        "0.8": {
          "recall_rate": 0.7239263803680982,
          "precision_rate": 0.20736196319018405
        },
        "0.9": {
          "recall_rate": 0.6993865030674846,
          "precision_rate": 0.19141104294478528
        }
      },
      "recall_mean": 0.6952965235173826,
      "precision_mean": 0.25371506475800953,
      "threshold_discrimination": 0.036809815950920255,
      "threshold_summary": {
        "threshold_auc": 0.6952965235173826,
        "slope": 0.012269938650306678
      },
      "corr_mean": 0.8815433410854813,
      "corr_score": 0.8815433410854813,
      "smoothness_score": 0.9603781467002085,
      "retrieval_score": 0.4378016359918201,
      "plausibility_score": 0.9209607438928449,
      "overall_score": 0.6793811899423325,
      "composite_score": 0.6793811899423325,
      "mrr_mean": 0.5322767552828902,
      "precision_strict": 0.13905930470347652,
      "precision_lift": 0.0,
      "precision_associative": 0.25371506475800953,
      "similarity_recall_rate": 0.6871165644171779,
      "retention_curve": {
        "40": 1.0,
        "80": 1.0,
        "120": 0.8125,
        "160": 0.6623376623376623,
        "200": 0.6871165644171779
      },
      "retention_auc": 0.8323908453509681,
      "selectivity_score": 0.02440354464894351,
      "robustness_score": 0.0,
      "eval_v2_score": 0.3831171210350659
    },
    {
      "tick": 200,
      "recall_rate": 0.6415094339622641,
      "precision_rate": 0.2578616352201258,
      "activation_recall_correlation": 0.9152763499157479,
      "fact_episode_delta": 0.28954128440366966,
      "forgetting_curve_smoothness": 0.10131413210398865,
      "storage_std": 0.20606163561852062,
      "storage_iqr": 0.299746874601266,
      "storage_gini": 0.21816725262232703,
      "retrieval_std": 0.20602908751040167,
      "retrieval_iqr": 0.299746874601266,
      "retrieval_gini": 0.21814588857505082,
      "activation_std": 0.20606163561852062,
      "activation_iqr": 0.299746874601266,
      "activation_gini": 0.21816725262232703,
      "threshold_metrics": {
        "0.1": {
          "recall_rate": 0.6415094339622641,
          "precision_rate": 0.2578616352201258
        },
        "0.2": {
          "recall_rate": 0.6415094339622641,
          "precision_rate": 0.2578616352201258
        },
        "0.3": {
          "recall_rate": 0.6415094339622641,
          "precision_rate": 0.2578616352201258
        },
        "0.4": {
          "recall_rate": 0.6415094339622641,
          "precision_rate": 0.2578616352201258
        },
        "0.5": {
          "recall_rate": 0.6415094339622641,
          "precision_rate": 0.2578616352201258
        },
        "0.6": {
          "recall_rate": 0.6415094339622641,
          "precision_rate": 0.2578616352201258
        },
        "0.7": {
          "recall_rate": 0.660377358490566,
          "precision_rate": 0.26666666666666666
        },
        "0.8": {
          "recall_rate": 0.7044025157232704,
          "precision_rate": 0.2088050314465409
        },
        "0.9": {
          "recall_rate": 0.6729559748427673,
          "precision_rate": 0.19119496855345913
        }
      },
      "recall_mean": 0.6540880503144654,
      "precision_mean": 0.24598183088749126,
      "threshold_discrimination": 0.06289308176100628,
      "threshold_summary": {
        "threshold_auc": 0.6540880503144654,
        "slope": 0.03144654088050314
      },
      "corr_mean": 0.8500905327252204,
      "corr_score": 0.8500905327252204,
      "smoothness_score": 0.0,
      "retrieval_score": 0.40824598183088745,
      "plausibility_score": 0.4250452663626102,
      "overall_score": 0.4166456240967488,
      "composite_score": 0.4166456240967488,
      "mrr_mean": 0.48870253901700444,
      "precision_strict": 0.13081761006289308,
      "precision_lift": 0.0,
      "precision_associative": 0.24598183088749126,
      "similarity_recall_rate": 0.6415094339622641,
      "retention_curve": {
        "40": 0.0,
        "80": 1.0,
        "120": 0.8,
        "160": 0.6344827586206897,
        "200": 0.6415094339622641
      },
      "retention_auc": 0.6151984385165907,
      "selectivity_score": 0.0156533892382949,
      "robustness_score": 0.0,
      "eval_v2_score": 0.282317983565869
    },
    {
      "tick": 200,
      "recall_rate": 0.6055555555555555,
      "precision_rate": 0.26666666666666666,
      "activation_recall_correlation": 0.9118954417941934,
      "fact_episode_delta": 0.20145454545454544,
      "forgetting_curve_smoothness": 0.10700519049492747,
      "storage_std": 0.20645085262292118,
      "storage_iqr": 0.299746874601266,
      "storage_gini": 0.21844725309567098,
      "retrieval_std": 0.20638518350009719,
      "retrieval_iqr": 0.299746874601266,
      "retrieval_gini": 0.21840424745352593,
      "activation_std": 0.20645085262292118,
      "activation_iqr": 0.299746874601266,
      "activation_gini": 0.21844725309567098,
      "threshold_metrics": {
        "0.1": {
          "recall_rate": 0.6055555555555555,
          "precision_rate": 0.26666666666666666
        },
        "0.2": {
          "recall_rate": 0.6055555555555555,
          "precision_rate": 0.26666666666666666
        },
        "0.3": {
          "recall_rate": 0.6055555555555555,
          "precision_rate": 0.26666666666666666
        },
        "0.4": {
          "recall_rate": 0.6055555555555555,
          "precision_rate": 0.26666666666666666
        },
        "0.5": {
          "recall_rate": 0.6055555555555555,
          "precision_rate": 0.26666666666666666
        },
        "0.6": {
          "recall_rate": 0.6111111111111112,
          "precision_rate": 0.2677777777777778
        },
        "0.7": {
          "recall_rate": 0.6277777777777778,
          "precision_rate": 0.27666666666666667
        },
        "0.8": {
          "recall_rate": 0.6555555555555556,
          "precision_rate": 0.20666666666666667
        },
        "0.9": {
          "recall_rate": 0.6388888888888888,
          "precision_rate": 0.19444444444444445
        }
      },
      "recall_mean": 0.6179012345679014,
      "precision_mean": 0.25320987654320987,
      "threshold_discrimination": 0.050000000000000044,
      "threshold_summary": {
        "threshold_auc": 0.6179012345679014,
        "slope": 0.033333333333333326
      },
      "corr_mean": 0.8783932831151193,
      "corr_score": 0.8783932831151193,
      "smoothness_score": 0.0,