{
  "status": "completed",
  "tick": 200,
  "recall_rate": 0.5947712418300654,
  "precision_rate": 0.26405228758169935,
  "activation_recall_correlation": 0.3969523710904411,
  "fact_episode_delta": 0.43869047619047624,
  "forgetting_curve_smoothness": 0.022503969029958933,
  "storage_std": 0.1900818073475672,
  "storage_iqr": 0.1847635688849137,
  "storage_gini": 0.29167663138580907,
  "retrieval_std": 0.1900818073475672,
  "retrieval_iqr": 0.1847635688849137,
  "retrieval_gini": 0.29167663138580907,
  "activation_std": 0.1900818073475672,
  "activation_iqr": 0.1847635688849137,
  "activation_gini": 0.29167663138580907,
  "threshold_metrics": {
    "0.1": {
      "recall_rate": 0.5947712418300654,
      "precision_rate": 0.26405228758169935
    },
    "0.2": {
      "recall_rate": 0.5947712418300654,
      "precision_rate": 0.26405228758169935
    },
    "0.3": {
      "recall_rate": 0.5947712418300654,
      "precision_rate": 0.26405228758169935
    },
    "0.4": {
      "recall_rate": 0.5947712418300654,
      "precision_rate": 0.26405228758169935
    },
    "0.5": {
      "recall_rate": 0.5947712418300654,
      "precision_rate": 0.26405228758169935
    },
    "0.6": {
      "recall_rate": 0.5882352941176471,
      "precision_rate": 0.2627450980392157
    },
    "0.7": {
      "recall_rate": 0.2875816993464052,
      "precision_rate": 0.10718954248366012
    },
    "0.8": {
      "recall_rate": 0.2679738562091503,
      "precision_rate": 0.09281045751633987
    },
    "0.9": {
      "recall_rate": 0.013071895424836602,
      "precision_rate": 0.00784313725490196
    }
  },
  "recall_mean": 0.45896877269426284,
  "precision_mean": 0.19898329702251272,
  "threshold_discrimination": 0.5816993464052288,
  "threshold_summary": {
    "threshold_auc": 0.45896877269426284,
    "slope": -0.5816993464052288
  },
  "corr_mean": 0.3908747066167149,
  "corr_score": 0.3908747066167149,
  "smoothness_score": 0.7749603097004106,
  "retrieval_score": 0.4047912127814089,
  "forgetting_score": 0.6783972421519033,
  "non_target_mean_storage": 0.3216027578480967,
  "plausibility_score": 0.3908747066167149,
  "overall_score": 0.4970741965199084,
  "composite_score": 0.4970741965199084,
  "mrr_mean": 0.33857419511014286,
  "precision_strict": 0.09179375453885258,
  "precision_lift": 1.3877787807814457e-17,
  "precision_associative": 0.19898329702251272,
  "similarity_recall_rate": 0.5882352941176471,
  "retention_curve": {
    "40": 1.0,
    "80": 1.0,
    "120": 0.5454545454545454,
    "160": 0.6187050359712231,
    "200": 0.5947712418300654
  },
  "retention_auc": 0.7517861646511668,
  "selectivity_score": 0.0,
  "robustness_score": 0.0,
  "snapshots": [
    {
      "tick": 0,
      "recall_rate": 1.0,
      "precision_rate": 0.2,
      "activation_recall_correlation": 0.0,
      "fact_episode_delta": 1.0,
      "forgetting_curve_smoothness": 0.0
    },
    {
      "tick": 20,
      "recall_rate": 1.0,
      "precision_rate": 0.2,
      "activation_recall_correlation": 0.0,
      "fact_episode_delta": 1.0,
      "forgetting_curve_smoothness": 0.0
    },
    {
      "tick": 40,
      "recall_rate": 1.0,
      "precision_rate": 0.2,
      "activation_recall_correlation": 0.0,
      "fact_episode_delta": 1.0,
      "forgetting_curve_smoothness": 0.0
    },
    {
      "tick": 60,
      "recall_rate": 1.0,
      "precision_rate": 0.45,
      "activation_recall_correlation": 0.0,
      "fact_episode_delta": 1.0,
      "forgetting_curve_smoothness": 0.0
    },
    {
      "tick": 80,
      "recall_rate": 1.0,
      "precision_rate": 0.44,
      "activation_recall_correlation": 0.0,
      "fact_episode_delta": 1.0,
      "forgetting_curve_smoothness": 0.0
    },
    {
      "tick": 100,
      "recall_rate": 1.0,
      "precision_rate": 0.43333333333333335,
      "activation_recall_correlation": 0.0,
      "fact_episode_delta": 1.0,
      "forgetting_curve_smoothness": 0.0
    },
    {
      "tick": 120,
      "recall_rate": 0.5454545454545454,
      "precision_rate": 0.18181818181818182,
      "activation_recall_correlation": 0.20936248374948163,
      "fact_episode_delta": 0.5,
      "forgetting_curve_smoothness": 0.0
    },
    {
      "tick": 140,
      "recall_rate": 0.7083333333333334,
      "precision_rate": 0.32083333333333336,
      "activation_recall_correlation": 0.29600320397188046,
      "fact_episode_delta": 0.3111111111111111,
      "forgetting_curve_smoothness": 0.028696051423324157
    },
    {
      "tick": 160,
      "recall_rate": 0.6187050359712231,
      "precision_rate": 0.2647482014388489,
      "activation_recall_correlation": 0.30922200907737357,
      "fact_episode_delta": 0.33545310015898255,
      "forgetting_curve_smoothness": 0.03156975600157419
    },
    {
      "tick": 180,
      "recall_rate": 0.6066666666666667,
      "precision_rate": 0.268,
      "activation_recall_correlation": 0.39704688401078,
      "fact_episode_delta": 0.41053511705685614,
      "forgetting_curve_smoothness": 0.027875133784701838
    },
    {
      "tick": 200,
      "recall_rate": 0.5947712418300654,
      "precision_rate": 0.26405228758169935,
      "activation_recall_correlation": 0.3969523710904411,
      "fact_episode_delta": 0.43869047619047624,
      "forgetting_curve_smoothness": 0.024903233372838975
    }
  ],
  "duration_seconds": 40.43,
  "timing_breakdown": {
    "simulation_seconds": 35.436,
    "final_score_summary_seconds": 10.317,
    "query_similarity_total_seconds": 37.264,
    "query_similarity_call_count": 594
  }
}