{
  "fold_scores": [
    {
      "tick": 200,
      "recall_rate": 0.6748466257668712,
      "precision_rate": 0.2331288343558282,
      "activation_recall_correlation": 0.9803413445722845,
      "fact_episode_delta": 0.38775894538606404,
      "forgetting_curve_smoothness": 0.003992546897159622,
      "storage_std": 0.2947725871800258,
      "storage_iqr": 0.5142203271756539,
      "storage_gini": 0.5115985561402915,
      "retrieval_std": 0.29475348508025734,
      "retrieval_iqr": 0.5142203271756539,
      "retrieval_gini": 0.5115863228674188,
      "activation_std": 0.2947725871800258,
      "activation_iqr": 0.5142203271756539,
      "activation_gini": 0.5115985561402915,
      "threshold_metrics": {
        "0.1": {
          "recall_rate": 0.6748466257668712,
          "precision_rate": 0.2331288343558282
        },
        "0.2": {
          "recall_rate": 0.6748466257668712,
          "precision_rate": 0.2331288343558282
        },
        "0.3": {
          "recall_rate": 0.6748466257668712,
          "precision_rate": 0.2331288343558282
        },
        "0.4": {
          "recall_rate": 0.6748466257668712,
          "precision_rate": 0.2331288343558282
        },
        "0.5": {
          "recall_rate": 0.6748466257668712,
          "precision_rate": 0.2196319018404908
        },
        "0.6": {
          "recall_rate": 0.6932515337423313,
          "precision_rate": 0.19631901840490798
        },
        "0.7": {
          "recall_rate": 0.6809815950920245,
          "precision_rate": 0.18650306748466258
        },
        "0.8": {
          "recall_rate": 0.6809815950920245,
          "precision_rate": 0.18282208588957055
        },
        "0.9": {
          "recall_rate": 0.6748466257668712,
          "precision_rate": 0.16441717791411042
        }
      },
      "recall_mean": 0.678254942058623,
      "precision_mean": 0.209134287661895,
      "threshold_discrimination": 0.018404907975460127,
      "threshold_summary": {
        "threshold_auc": 0.678254942058623,
        "slope": 0.0
      },
      "corr_mean": 0.775382118237461,
      "corr_score": 0.775382118237461,
      "smoothness_score": 0.9600745310284038,
      "retrieval_score": 0.4379447852760736,
      "plausibility_score": 0.8677283246329324,
      "overall_score": 0.652836554954503,
      "composite_score": 0.652836554954503,
      "mrr_mean": 0.5554760281754147,
      "precision_strict": 0.13565098841172463,
      "precision_lift": 2.7755575615628914e-17,
      "precision_associative": 0.209134287661895,
      "similarity_recall_rate": 0.6748466257668712,
      "retention_curve": {
        "40": 1.0,
        "80": 1.0,
        "120": 0.8125,
        "160": 0.6493506493506493,
        "200": 0.6748466257668712
      },
      "retention_auc": 0.8273394550235041,
      "selectivity_score": 0.06216768916155424,
      "robustness_score": 0.0,
      "eval_v2_score": 0.3940614459671209
    },
    {
      "tick": 200,
      "recall_rate": 0.6477987421383647,
      "precision_rate": 0.23647798742138365,
      "activation_recall_correlation": 0.944903812544052,
      "fact_episode_delta": 0.33871559633027526,
      "forgetting_curve_smoothness": 0.10662599231160108,
      "storage_std": 0.2936112266672394,
      "storage_iqr": 0.5142203271756539,
      "storage_gini": 0.5111804983031538,
      "retrieval_std": 0.29350185161079057,
      "retrieval_iqr": 0.5142203271756539,
      "retrieval_gini": 0.511105397483961,
      "activation_std": 0.2936112266672394,
      "activation_iqr": 0.5142203271756539,
      "activation_gini": 0.5111804983031538,
      "threshold_metrics": {
        "0.1": {
          "recall_rate": 0.6477987421383647,
          "precision_rate": 0.23647798742138365
        },
        "0.2": {
          "recall_rate": 0.6477987421383647,
          "precision_rate": 0.23647798742138365
        },
        "0.3": {
          "recall_rate": 0.6477987421383647,
          "precision_rate": 0.23647798742138365
        },
        "0.4": {
          "recall_rate": 0.6477987421383647,
          "precision_rate": 0.23647798742138365
        },
        "0.5": {
          "recall_rate": 0.6540880503144654,
          "precision_rate": 0.22515723270440252
        },
        "0.6": {
          "recall_rate": 0.6666666666666666,
          "precision_rate": 0.19622641509433963
        },
        "0.7": {
          "recall_rate": 0.6666666666666666,
          "precision_rate": 0.189937106918239
        },
        "0.8": {
          "recall_rate": 0.660377358490566,
          "precision_rate": 0.18364779874213835
        },
        "0.9": {
          "recall_rate": 0.6477987421383647,
          "precision_rate": 0.15471698113207547
        }
      },
      "recall_mean": 0.6540880503144655,
      "precision_mean": 0.2106219426974144,
      "threshold_discrimination": 0.018867924528301883,
      "threshold_summary": {
        "threshold_auc": 0.6540880503144655,
        "slope": 0.0
      },
      "corr_mean": 0.7911697799408227,
      "corr_score": 0.7911697799408227,
      "smoothness_score": 0.0,
      "retrieval_score": 0.41608665269042633,
      "plausibility_score": 0.39558488997041136,
      "overall_score": 0.4058357713304188,
      "composite_score": 0.4058357713304188,
      "mrr_mean": 0.5148381085488004,
      "precision_strict": 0.13081761006289308,
      "precision_lift": 0.0,
      "precision_associative": 0.2106219426974144,
      "similarity_recall_rate": 0.6477987421383647,
      "retention_curve": {
        "40": 0.0,
        "80": 1.0,
        "120": 0.7,
        "160": 0.6,
        "200": 0.6477987421383647
      },
      "retention_auc": 0.5895597484276729,
      "selectivity_score": 0.05101327742837175,
      "robustness_score": 0.0,
      "eval_v2_score": 0.28315653389238293
    },
    {
      "tick": 200,
      "recall_rate": 0.5888888888888889,
      "precision_rate": 0.22444444444444445,
      "activation_recall_correlation": 0.9526223407540526,
      "fact_episode_delta": 0.33018181818181824,
      "forgetting_curve_smoothness": 0.11639827661858482,
      "storage_std": 0.2940844474832046,
      "storage_iqr": 0.5142203271756539,
      "storage_gini": 0.5114600006591623,
      "retrieval_std": 0.2940551666123295,
      "retrieval_iqr": 0.5142203271756539,
      "retrieval_gini": 0.5114413594051691,
      "activation_std": 0.2940844474832046,
      "activation_iqr": 0.5142203271756539,
      "activation_gini": 0.5114600006591623,
      "threshold_metrics": {
        "0.1": {
          "recall_rate": 0.5888888888888889,
          "precision_rate": 0.22444444444444445
        },
        "0.2": {
          "recall_rate": 0.5888888888888889,
          "precision_rate": 0.22444444444444445
        },
        "0.3": {
          "recall_rate": 0.5888888888888889,
          "precision_rate": 0.22444444444444445
        },
        "0.4": {
          "recall_rate": 0.5888888888888889,
          "precision_rate": 0.22444444444444445
        },
        "0.5": {
          "recall_rate": 0.5888888888888889,
          "precision_rate": 0.20666666666666667
        },
        "0.6": {
          "recall_rate": 0.5944444444444444,
          "precision_rate": 0.18
        },
        "0.7": {
          "recall_rate": 0.5944444444444444,
          "precision_rate": 0.17888888888888888
        },
        "0.8": {
          "recall_rate": 0.5944444444444444,
          "precision_rate": 0.17555555555555555
        },
        "0.9": {
          "recall_rate": 0.5888888888888889,
          "precision_rate": 0.15555555555555556
        }
      },
      "recall_mean": 0.5907407407407407,
      "precision_mean": 0.1993827160493827,
      "threshold_discrimination": 0.005555555555555536,
      "threshold_summary": {
        "threshold_auc": 0.5907407407407407,
        "slope": 0.0
      },
      "corr_mean": 0.8390039394016868,
      "corr_score": 0.8390039394016868,
      "smoothness_score": 0.0,
      "retrieval_score": 0.382145061728395,