{
  "fold_scores": [
    {
      "tick": 200,
      "recall_rate": 0.7177914110429447,
      "precision_rate": 0.2785276073619632,
      "activation_recall_correlation": 0.9605935294694937,
      "fact_episode_delta": 0.2977401129943503,
      "forgetting_curve_smoothness": 0.004145644120033586,
      "storage_std": 0.20077333216441892,
      "storage_iqr": 0.24381973236727061,
      "storage_gini": 0.23375543164404006,
      "retrieval_std": 0.20077333216441892,
      "retrieval_iqr": 0.24381973236727061,
      "retrieval_gini": 0.23375543164404006,
      "activation_std": 0.20077333216441892,
      "activation_iqr": 0.24381973236727061,
      "activation_gini": 0.23375543164404006,
      "threshold_metrics": {
        "0.1": {
          "recall_rate": 0.7177914110429447,
          "precision_rate": 0.2785276073619632
        },
        "0.2": {
          "recall_rate": 0.7177914110429447,
          "precision_rate": 0.2785276073619632
        },
        "0.3": {
          "recall_rate": 0.7177914110429447,
          "precision_rate": 0.2785276073619632
        },
        "0.4": {
          "recall_rate": 0.7177914110429447,
          "precision_rate": 0.2785276073619632
        },
        "0.5": {
          "recall_rate": 0.7177914110429447,
          "precision_rate": 0.2785276073619632
        },
        "0.6": {
          "recall_rate": 0.7239263803680982,
          "precision_rate": 0.27975460122699386
        },
        "0.7": {
          "recall_rate": 0.7239263803680982,
          "precision_rate": 0.27975460122699386
        },
        "0.8": {
          "recall_rate": 0.7361963190184049,
          "precision_rate": 0.21104294478527608
        },
        "0.9": {
          "recall_rate": 0.7116564417177914,
          "precision_rate": 0.18159509202453988
        }
      },
      "recall_mean": 0.7205180640763463,
      "precision_mean": 0.26053169734151327,
      "threshold_discrimination": 0.024539877300613466,
      "threshold_summary": {
        "threshold_auc": 0.7205180640763463,
        "slope": -0.006134969325153339
      },
      "corr_mean": 0.8175863409722535,
      "corr_score": 0.8175863409722535,
      "smoothness_score": 0.9585435587996641,
      "retrieval_score": 0.646663258350375,
      "forgetting_score": 0.5598929416065208,
      "non_target_mean_storage": 0.44010705839347924,
      "plausibility_score": 0.8175863409722535,
      "overall_score": 0.6590244181454956,
      "composite_score": 0.6590244181454956,
      "mrr_mean": 0.5563962735741877,
      "precision_strict": 0.14410361281526926,
      "precision_lift": 0.0,
      "precision_associative": 0.26053169734151327,
      "similarity_recall_rate": 0.7177914110429447,
      "retention_curve": {
        "40": 1.0,
        "80": 1.0,
        "120": 0.8125,
        "160": 0.6753246753246753,
        "200": 0.7177914110429447
      },
      "retention_auc": 0.8411232172735239,
      "selectivity_score": 0.027675528289025253,
      "robustness_score": 0.0
    },
    {
      "tick": 200,
      "recall_rate": 0.6540880503144654,
      "precision_rate": 0.2591194968553459,
      "activation_recall_correlation": 0.9370828070504924,
      "fact_episode_delta": 0.30036697247706423,
      "forgetting_curve_smoothness": 0.10135040177899676,
      "storage_std": 0.19957130781887852,
      "storage_iqr": 0.24381973236727061,
      "storage_gini": 0.23301281723735232,
      "retrieval_std": 0.19957130781887852,
      "retrieval_iqr": 0.24381973236727061,
      "retrieval_gini": 0.23301281723735232,
      "activation_std": 0.19957130781887852,
      "activation_iqr": 0.24381973236727061,
      "activation_gini": 0.23301281723735232,
      "threshold_metrics": {
        "0.1": {
          "recall_rate": 0.6540880503144654,
          "precision_rate": 0.2591194968553459
        },
        "0.2": {
          "recall_rate": 0.6540880503144654,
          "precision_rate": 0.2591194968553459
        },
        "0.3": {
          "recall_rate": 0.6540880503144654,
          "precision_rate": 0.2591194968553459
        },
        "0.4": {
          "recall_rate": 0.6540880503144654,
          "precision_rate": 0.2591194968553459
        },
        "0.5": {
          "recall_rate": 0.6540880503144654,
          "precision_rate": 0.2591194968553459
        },
        "0.6": {
          "recall_rate": 0.6666666666666666,
          "precision_rate": 0.26540880503144654
        },
        "0.7": {
          "recall_rate": 0.6729559748427673,
          "precision_rate": 0.2679245283018868
        },
        "0.8": {
          "recall_rate": 0.7044025157232704,
          "precision_rate": 0.2050314465408805
        },
        "0.9": {
          "recall_rate": 0.6666666666666666,
          "precision_rate": 0.16477987421383647
        }
      },
      "recall_mean": 0.6645702306079664,
      "precision_mean": 0.24430468204053113,
      "threshold_discrimination": 0.05031446540880502,
      "threshold_summary": {
        "threshold_auc": 0.6645702306079664,
        "slope": 0.012578616352201255
      },
      "corr_mean": 0.8698345533137662,
      "corr_score": 0.8698345533137662,
      "smoothness_score": 0.0,
      "retrieval_score": 0.5982023060796646,
      "forgetting_score": 0.5603077902811332,
      "non_target_mean_storage": 0.4396922097188668,
      "plausibility_score": 0.8698345533137662,
      "overall_score": 0.652847287358704,
      "composite_score": 0.652847287358704,
      "mrr_mean": 0.5170859538784067,
      "precision_strict": 0.1329140461215933,
      "precision_lift": 2.7755575615628914e-17,
      "precision_associative": 0.24430468204053113,
      "similarity_recall_rate": 0.6540880503144654,
      "retention_curve": {
        "40": 0.0,
        "80": 1.0,
        "120": 0.8,
        "160": 0.6344827586206897,
        "200": 0.6540880503144654
      },
      "retention_auc": 0.617714161787031,
      "selectivity_score": 0.02152341020265547,
      "robustness_score": 0.0
    },
    {
      "tick": 200,
      "recall_rate": 0.6388888888888888,
      "precision_rate": 0.2788888888888889,
      "activation_recall_correlation": 0.9433961009116821,
      "fact_episode_delta": 0.2058181818181819,
      "forgetting_curve_smoothness": 0.10793606909736338,
      "storage_std": 0.2008257153495761,
      "storage_iqr": 0.24381973236727061,
      "storage_gini": 0.23393446008874852,
      "retrieval_std": 0.2008257153495761,
      "retrieval_iqr": 0.24381973236727061,
      "retrieval_gini": 0.23393446008874852,
      "activation_std": 0.2008257153495761,
      "activation_iqr": 0.24381973236727061,
      "activation_gini": 0.23393446008874852,
      "threshold_metrics": {
        "0.1": {
          "recall_rate": 0.6388888888888888,
          "precision_rate": 0.2788888888888889
        },
        "0.2": {
          "recall_rate": 0.6388888888888888,
          "precision_rate": 0.2788888888888889
        },
        "0.3": {
          "recall_rate": 0.6388888888888888,
          "precision_rate": 0.2788888888888889
        },
        "0.4": {
          "recall_rate": 0.6388888888888888,
          "precision_rate": 0.2788888888888889
        },
        "0.5": {
          "recall_rate": 0.6388888888888888,
          "precision_rate": 0.2788888888888889
        },
        "0.6": {
          "recall_rate": 0.6388888888888888,
          "precision_rate": 0.28
        },
        "0.7": {
          "recall_rate": 0.6444444444444445,
          "precision_rate": 0.2833333333333333
        },
        "0.8": {
          "recall_rate": 0.6611111111111111,
          "precision_rate": 0.21
        },
        "0.9": {
          "recall_rate": 0.6444444444444445,
          "precision_rate": 0.18222222222222223
        }
      },
      "recall_mean": 0.6425925925925926,
      "precision_mean": 0.2611111111111112,
      "threshold_discrimination": 0.022222222222222254,
      "threshold_summary": {
        "threshold_auc": 0.6425925925925926,
        "slope": 0.005555555555555647
      },