{
  "fold_scores": [
    {
      "tick": 200,
      "recall_rate": 0.6932515337423313,
      "precision_rate": 0.2687116564417178,
      "activation_recall_correlation": 0.5531443792804209,
      "fact_episode_delta": 0.3316384180790961,
      "forgetting_curve_smoothness": 0.004029055241028372,
      "storage_std": 0.2010583681146154,
      "storage_iqr": 0.299746874601266,
      "storage_gini": 0.21450582541219,
      "retrieval_std": 0.20659059682665779,
      "retrieval_iqr": 0.299746874601266,
      "retrieval_gini": 0.2183653795756052,
      "activation_std": 0.2010583681146154,
      "activation_iqr": 0.299746874601266,
      "activation_gini": 0.21450582541219,
      "threshold_metrics": {
        "0.1": {
          "recall_rate": 0.6932515337423313,
          "precision_rate": 0.2687116564417178
        },
        "0.2": {
          "recall_rate": 0.6932515337423313,
          "precision_rate": 0.2687116564417178
        },
        "0.3": {
          "recall_rate": 0.6932515337423313,
          "precision_rate": 0.2687116564417178
        },
        "0.4": {
          "recall_rate": 0.6932515337423313,
          "precision_rate": 0.2687116564417178
        },
        "0.5": {
          "recall_rate": 0.6932515337423313,
          "precision_rate": 0.2687116564417178
        },
        "0.6": {
          "recall_rate": 0.6932515337423313,
          "precision_rate": 0.2687116564417178
        },
        "0.7": {
          "recall_rate": 0.7116564417177914,
          "precision_rate": 0.27975460122699386
        },
        "0.8": {
          "recall_rate": 0.6871165644171779,
          "precision_rate": 0.19877300613496932
        },
        "0.9": {
          "recall_rate": 0.2883435582822086,
          "precision_rate": 0.09325153374233129
        }
      },
      "recall_mean": 0.6496250852079073,
      "precision_mean": 0.24267211997273344,
      "threshold_discrimination": 0.4233128834355828,
      "threshold_summary": {
        "threshold_auc": 0.6496250852079073,
        "slope": -0.4049079754601227
      },
      "corr_mean": 0.4608683934401215,
      "corr_score": 0.4608683934401215,
      "smoothness_score": 0.9597094475897163,
      "retrieval_score": 0.5766547375596456,
      "forgetting_score": 0.5036167696069722,
      "non_target_mean_storage": 0.49638323039302784,
      "plausibility_score": 0.4608683934401215,
      "overall_score": 0.5221448627463289,
      "composite_score": 0.5221448627463289,
      "mrr_mean": 0.487468757100659,
      "precision_strict": 0.1299250170415815,
      "precision_lift": 2.7755575615628914e-17,
      "precision_associative": 0.24267211997273344,
      "similarity_recall_rate": 0.6932515337423313,
      "retention_curve": {
        "40": 1.0,
        "80": 1.0,
        "120": 0.8125,
        "160": 0.6623376623376623,
        "200": 0.6932515337423313
      },
      "retention_auc": 0.8336178392159986,
      "selectivity_score": 0.017177914110429543,
      "robustness_score": 0.0
    },
    {
      "tick": 200,
      "recall_rate": 0.6477987421383647,
      "precision_rate": 0.25660377358490566,
      "activation_recall_correlation": 0.44590751551728364,
      "fact_episode_delta": 0.3095412844036697,
      "forgetting_curve_smoothness": 0.10142966509607503,
      "storage_std": 0.20087718984863717,
      "storage_iqr": 0.299746874601266,
      "storage_gini": 0.21448000609595075,
      "retrieval_std": 0.20571276340002242,
      "retrieval_iqr": 0.299746874601266,
      "retrieval_gini": 0.21784248050015073,
      "activation_std": 0.20087718984863717,
      "activation_iqr": 0.299746874601266,
      "activation_gini": 0.21448000609595075,
      "threshold_metrics": {
        "0.1": {
          "recall_rate": 0.6477987421383647,
          "precision_rate": 0.25660377358490566
        },
        "0.2": {
          "recall_rate": 0.6477987421383647,
          "precision_rate": 0.25660377358490566
        },
        "0.3": {
          "recall_rate": 0.6477987421383647,
          "precision_rate": 0.25660377358490566
        },
        "0.4": {
          "recall_rate": 0.6477987421383647,
          "precision_rate": 0.25660377358490566
        },
        "0.5": {
          "recall_rate": 0.6477987421383647,
          "precision_rate": 0.25660377358490566
        },
        "0.6": {
          "recall_rate": 0.6477987421383647,
          "precision_rate": 0.25660377358490566
        },
        "0.7": {
          "recall_rate": 0.660377358490566,
          "precision_rate": 0.2641509433962264
        },
        "0.8": {
          "recall_rate": 0.6477987421383647,
          "precision_rate": 0.1949685534591195
        },
        "0.9": {
          "recall_rate": 0.32075471698113206,
          "precision_rate": 0.1069182389937107
        }
      },
      "recall_mean": 0.612858141160028,
      "precision_mean": 0.2339622641509434,
      "threshold_discrimination": 0.33962264150943394,
      "threshold_summary": {
        "threshold_auc": 0.612858141160028,
        "slope": -0.3270440251572327
      },
      "corr_mean": 0.3518703299059619,
      "corr_score": 0.3518703299059619,
      "smoothness_score": 0.0,
      "retrieval_score": 0.5410814116002796,
      "forgetting_score": 0.5040403442657161,
      "non_target_mean_storage": 0.4959596557342839,
      "plausibility_score": 0.3518703299059619,
      "overall_score": 0.480814267609603,
      "composite_score": 0.480814267609603,
      "mrr_mean": 0.4533542976939203,
      "precision_strict": 0.12257162823200558,
      "precision_lift": 0.0,
      "precision_associative": 0.2339622641509434,
      "similarity_recall_rate": 0.6477987421383647,
      "retention_curve": {
        "40": 0.0,
        "80": 1.0,
        "120": 0.8,
        "160": 0.6275862068965518,
        "200": 0.6477987421383647
      },
      "retention_auc": 0.6150769898069833,
      "selectivity_score": 0.011180992313067767,
      "robustness_score": 0.0
    },
    {
      "tick": 200,
      "recall_rate": 0.6111111111111112,
      "precision_rate": 0.26555555555555554,
      "activation_recall_correlation": 0.38475234568640954,
      "fact_episode_delta": 0.19345454545454543,
      "forgetting_curve_smoothness": 0.10695955557429257,
      "storage_std": 0.20122078391338555,
      "storage_iqr": 0.299746874601266,
      "storage_gini": 0.2147658942976485,
      "retrieval_std": 0.20651543135949574,
      "retrieval_iqr": 0.299746874601266,
      "retrieval_gini": 0.21845238220911314,
      "activation_std": 0.20122078391338555,
      "activation_iqr": 0.299746874601266,
      "activation_gini": 0.2147658942976485,
      "threshold_metrics": {
        "0.1": {
          "recall_rate": 0.6111111111111112,
          "precision_rate": 0.26555555555555554
        },
        "0.2": {
          "recall_rate": 0.6111111111111112,
          "precision_rate": 0.26555555555555554
        },
        "0.3": {
          "recall_rate": 0.6111111111111112,
          "precision_rate": 0.26555555555555554
        },
        "0.4": {
          "recall_rate": 0.6111111111111112,
          "precision_rate": 0.26555555555555554
        },
        "0.5": {
          "recall_rate": 0.6111111111111112,
          "precision_rate": 0.26555555555555554
        },
        "0.6": {
          "recall_rate": 0.6166666666666667,
          "precision_rate": 0.26666666666666666
        },
        "0.7": {
          "recall_rate": 0.6277777777777778,
          "precision_rate": 0.27444444444444444
        },
        "0.8": {
          "recall_rate": 0.6,
          "precision_rate": 0.19444444444444445
        },
        "0.9": {
          "recall_rate": 0.3,
          "precision_rate": 0.10111111111111111
        }
      },
      "recall_mean": 0.5777777777777778,
      "precision_mean": 0.24049382716049383,
      "threshold_discrimination": 0.3277777777777778,
      "threshold_summary": {
        "threshold_auc": 0.5777777777777778,
        "slope": -0.31111111111111117
      },
      "corr_mean": 0.3426940201026852,