{
  "status": "completed",
  "tick": 200,
  "recall_rate": 0.6535947712418301,
  "precision_rate": 0.3006535947712418,
  "activation_recall_correlation": 0.27424891443774674,
  "fact_episode_delta": 0.2922619047619047,
  "forgetting_curve_smoothness": 0.015475337623100108,
  "storage_std": 0.3073625180952556,
  "storage_iqr": 0.0021705989632894935,
  "storage_gini": 0.8271975226433816,
  "retrieval_std": 0.3073625180952556,
  "retrieval_iqr": 0.0021705989632894935,
  "retrieval_gini": 0.8271975226433816,
  "activation_std": 0.3073625180952556,
  "activation_iqr": 0.0021705989632894935,
  "activation_gini": 0.8271975226433816,
  "threshold_metrics": {
    "0.1": {
      "recall_rate": 0.6535947712418301,
      "precision_rate": 0.3006535947712418
    },
    "0.2": {
      "recall_rate": 0.6535947712418301,
      "precision_rate": 0.3006535947712418
    },
    "0.3": {
      "recall_rate": 0.6535947712418301,
      "precision_rate": 0.3006535947712418
    },
    "0.4": {
      "recall_rate": 0.6535947712418301,
      "precision_rate": 0.3006535947712418
    },
    "0.5": {
      "recall_rate": 0.6535947712418301,
      "precision_rate": 0.3006535947712418
    },
    "0.6": {
      "recall_rate": 0.6535947712418301,
      "precision_rate": 0.3006535947712418
    },
    "0.7": {
      "recall_rate": 0.6535947712418301,
      "precision_rate": 0.3006535947712418
    },
    "0.8": {
      "recall_rate": 0.6143790849673203,
      "precision_rate": 0.2823529411764706
    },
    "0.9": {
      "recall_rate": 0.2875816993464052,
      "precision_rate": 0.10457516339869281
    }
  },
  "recall_mean": 0.6085693536673928,
  "precision_mean": 0.27683369644153955,
  "threshold_discrimination": 0.36601307189542487,
  "threshold_summary": {
    "threshold_auc": 0.6085693536673928,
    "slope": -0.36601307189542487
  },
  "corr_mean": 0.2620114970359922,
  "corr_score": 0.2620114970359922,
  "smoothness_score": 0.845246623768999,
  "retrieval_score": 0.5101870007262164,
  "forgetting_score": 0.8795888883170094,
  "non_target_mean_storage": 0.12041111168299053,
  "plausibility_score": 0.2620114970359922,
  "overall_score": 0.5774337854604379,
  "composite_score": 0.5774337854604379,
  "mrr_mean": 0.38994190268700074,
  "precision_strict": 0.12171387073347856,
  "precision_lift": 0.0,
  "precision_associative": 0.27683369644153955,
  "similarity_recall_rate": 0.6143790849673203,
  "retention_curve": {
    "40": 1.0,
    "80": 1.0,
    "120": 0.6363636363636364,
    "160": 0.697841726618705,
    "200": 0.6535947712418301
  },
  "retention_auc": 0.7975600268448343,
  "selectivity_score": 0.0,
  "robustness_score": 0.0,
  "snapshots": [
    {
      "tick": 0,
      "recall_rate": 1.0,
      "precision_rate": 0.2,
      "activation_recall_correlation": 0.0,
      "fact_episode_delta": 1.0,
      "forgetting_curve_smoothness": 0.0
    },
    {
      "tick": 20,
      "recall_rate": 1.0,
      "precision_rate": 0.2,
      "activation_recall_correlation": 0.0,
      "fact_episode_delta": 1.0,
      "forgetting_curve_smoothness": 0.0
    },
    {
      "tick": 40,
      "recall_rate": 1.0,
      "precision_rate": 0.2,
      "activation_recall_correlation": 0.0,
      "fact_episode_delta": 1.0,
      "forgetting_curve_smoothness": 0.0
    },
    {
      "tick": 60,
      "recall_rate": 1.0,
      "precision_rate": 0.5,
      "activation_recall_correlation": 0.0,
      "fact_episode_delta": 1.0,
      "forgetting_curve_smoothness": 0.0
    },
    {
      "tick": 80,
      "recall_rate": 1.0,
      "precision_rate": 0.48,
      "activation_recall_correlation": 0.0,
      "fact_episode_delta": 1.0,
      "forgetting_curve_smoothness": 0.0
    },
    {
      "tick": 100,
      "recall_rate": 1.0,
      "precision_rate": 0.4666666666666667,
      "activation_recall_correlation": 0.0,
      "fact_episode_delta": 1.0,
      "forgetting_curve_smoothness": 0.0
    },
    {
      "tick": 120,
      "recall_rate": 0.6363636363636364,
      "precision_rate": 0.2,
      "activation_recall_correlation": 0.2658315538999528,
      "fact_episode_delta": 0.4,
      "forgetting_curve_smoothness": 0.0
    },
    {
      "tick": 140,
      "recall_rate": 0.7916666666666666,
      "precision_rate": 0.35833333333333334,
      "activation_recall_correlation": 0.20982066837693084,
      "fact_episode_delta": 0.2222222222222222,
      "forgetting_curve_smoothness": 0.018365472910927456
    },
    {
      "tick": 160,
      "recall_rate": 0.697841726618705,
      "precision_rate": 0.31654676258992803,
      "activation_recall_correlation": 0.28252450437957843,
      "fact_episode_delta": 0.22760996290408064,
      "forgetting_curve_smoothness": 0.021450005622083546
    },
    {
      "tick": 180,
      "recall_rate": 0.6933333333333334,
      "precision_rate": 0.312,
      "activation_recall_correlation": 0.292288825434281,
      "fact_episode_delta": 0.2541806020066889,
      "forgetting_curve_smoothness": 0.019217637847923696
    },
    {
      "tick": 200,
      "recall_rate": 0.6535947712418301,
      "precision_rate": 0.3006535947712418,
      "activation_recall_correlation": 0.27424891443774674,
      "fact_episode_delta": 0.2922619047619047,
      "forgetting_curve_smoothness": 0.01719161093877238
    }
  ],
  "duration_seconds": 64.34,
  "timing_breakdown": {
    "simulation_seconds": 55.186,
    "final_score_summary_seconds": 6.088,
    "query_similarity_total_seconds": 50.328,
    "query_similarity_call_count": 594
  }
}