{
  "status": "completed",
  "tick": 200,
  "recall_rate": 0.6928104575163399,
  "precision_rate": 0.31895424836601305,
  "activation_recall_correlation": 0.20077875258462483,
  "fact_episode_delta": 0.23511904761904756,
  "forgetting_curve_smoothness": 0.003272195775330916,
  "storage_std": 0.3188397747925457,
  "storage_iqr": 0.0021705989632894935,
  "storage_gini": 0.827072538322913,
  "retrieval_std": 0.3188397747925457,
  "retrieval_iqr": 0.0021705989632894935,
  "retrieval_gini": 0.827072538322913,
  "activation_std": 0.3188397747925457,
  "activation_iqr": 0.0021705989632894935,
  "activation_gini": 0.827072538322913,
  "threshold_metrics": {
    "0.1": {
      "recall_rate": 0.6928104575163399,
      "precision_rate": 0.31895424836601305
    },
    "0.2": {
      "recall_rate": 0.6928104575163399,
      "precision_rate": 0.31895424836601305
    },
    "0.3": {
      "recall_rate": 0.6928104575163399,
      "precision_rate": 0.31895424836601305
    },
    "0.4": {
      "recall_rate": 0.6928104575163399,
      "precision_rate": 0.31895424836601305
    },
    "0.5": {
      "recall_rate": 0.6928104575163399,
      "precision_rate": 0.31895424836601305
    },
    "0.6": {
      "recall_rate": 0.6928104575163399,
      "precision_rate": 0.31895424836601305
    },
    "0.7": {
      "recall_rate": 0.6928104575163399,
      "precision_rate": 0.31895424836601305
    },
    "0.8": {
      "recall_rate": 0.673202614379085,
      "precision_rate": 0.31241830065359477
    },
    "0.9": {
      "recall_rate": 0.30718954248366015,
      "precision_rate": 0.11503267973856209
    }
  },
  "recall_mean": 0.6477850399419026,
  "precision_mean": 0.29557007988380535,
  "threshold_discrimination": 0.3856209150326797,
  "threshold_summary": {
    "threshold_auc": 0.6477850399419026,
    "slope": -0.3856209150326797
  },
  "corr_mean": 0.19142843861018694,
  "corr_score": 0.19142843861018694,
  "smoothness_score": 0.9672780422466909,
  "retrieval_score": 0.5434168482207697,
  "forgetting_score": 0.8753326567162529,
  "non_target_mean_storage": 0.1246673432837471,
  "plausibility_score": 0.19142843861018694,
  "overall_score": 0.5715902787915431,
  "composite_score": 0.5715902787915431,
  "mrr_mean": 0.41585572500605184,
  "precision_strict": 0.12955700798838055,
  "precision_lift": 2.7755575615628914e-17,
  "precision_associative": 0.29557007988380535,
  "similarity_recall_rate": 0.6274509803921569,
  "retention_curve": {
    "40": 1.0,
    "80": 1.0,
    "120": 0.8181818181818182,
    "160": 0.7122302158273381,
    "200": 0.6928104575163399
  },
  "retention_auc": 0.8446444983050994,
  "selectivity_score": 0.0,
  "robustness_score": 0.0,
  "snapshots": [
    {
      "tick": 0,
      "recall_rate": 1.0,
      "precision_rate": 0.2,
      "activation_recall_correlation": 0.0,
      "fact_episode_delta": 1.0,
      "forgetting_curve_smoothness": 0.0
    },
    {
      "tick": 20,
      "recall_rate": 1.0,
      "precision_rate": 0.2,
      "activation_recall_correlation": 0.0,
      "fact_episode_delta": 1.0,
      "forgetting_curve_smoothness": 0.0
    },
    {
      "tick": 40,
      "recall_rate": 1.0,
      "precision_rate": 0.2,
      "activation_recall_correlation": 0.0,
      "fact_episode_delta": 1.0,
      "forgetting_curve_smoothness": 0.0
    },
    {
      "tick": 60,
      "recall_rate": 1.0,
      "precision_rate": 0.5,
      "activation_recall_correlation": 0.0,
      "fact_episode_delta": 1.0,
      "forgetting_curve_smoothness": 0.0
    },
    {
      "tick": 80,
      "recall_rate": 1.0,
      "precision_rate": 0.48,
      "activation_recall_correlation": 0.0,
      "fact_episode_delta": 1.0,
      "forgetting_curve_smoothness": 0.0
    },
    {
      "tick": 100,
      "recall_rate": 1.0,
      "precision_rate": 0.4666666666666667,
      "activation_recall_correlation": 0.0,
      "fact_episode_delta": 1.0,
      "forgetting_curve_smoothness": 0.0
    },
    {
      "tick": 120,
      "recall_rate": 0.8181818181818182,
      "precision_rate": 0.2727272727272727,
      "activation_recall_correlation": -0.02466322337066491,
      "fact_episode_delta": 0.19999999999999996,
      "forgetting_curve_smoothness": 0.0
    },
    {
      "tick": 140,
      "recall_rate": 0.7916666666666666,
      "precision_rate": 0.3625,
      "activation_recall_correlation": 0.02305127187170893,
      "fact_episode_delta": 0.2222222222222222,
      "forgetting_curve_smoothness": 0.0045913682277318605
    },
    {
      "tick": 160,
      "recall_rate": 0.7122302158273381,
      "precision_rate": 0.3237410071942446,
      "activation_recall_correlation": 0.180886632880431,
      "fact_episode_delta": 0.2080021197668257,
      "forgetting_curve_smoothness": 0.003937215382020575
    },
    {
      "tick": 180,
      "recall_rate": 0.7333333333333333,
      "precision_rate": 0.32133333333333336,
      "activation_recall_correlation": 0.2379591546916468,
      "fact_episode_delta": 0.22784280936454848,
      "forgetting_curve_smoothness": 0.0037149528920177944
    },
    {
      "tick": 200,
      "recall_rate": 0.6928104575163399,
      "precision_rate": 0.31895424836601305,
      "activation_recall_correlation": 0.20077875258462483,
      "fact_episode_delta": 0.23511904761904756,
      "forgetting_curve_smoothness": 0.0036239068024511664
    }
  ],
  "duration_seconds": 54.25,
  "timing_breakdown": {
    "simulation_seconds": 45.885,
    "final_score_summary_seconds": 5.505,
    "query_similarity_total_seconds": 41.513,
    "query_similarity_call_count": 594
  }
}