{
  "fold_scores": [
    {
      "tick": 200,
      "recall_rate": 0.6871165644171779,
      "precision_rate": 0.2650306748466258,
      "activation_recall_correlation": 0.9433980384155666,
      "fact_episode_delta": 0.3401129943502825,
      "forgetting_curve_smoothness": 0.003962185329979154,
      "storage_std": 0.21895718138663828,
      "storage_iqr": 0.33849053291378034,
      "storage_gini": 0.23397725375875403,
      "retrieval_std": 0.21891919893359382,
      "retrieval_iqr": 0.33849053291378034,
      "retrieval_gini": 0.2339513010193572,
      "activation_std": 0.21895718138663828,
      "activation_iqr": 0.33849053291378034,
      "activation_gini": 0.23397725375875403,
      "threshold_metrics": {
        "0.1": {
          "recall_rate": 0.6871165644171779,
          "precision_rate": 0.2650306748466258
        },
        "0.2": {
          "recall_rate": 0.6871165644171779,
          "precision_rate": 0.2650306748466258
        },
        "0.3": {
          "recall_rate": 0.6871165644171779,
          "precision_rate": 0.2650306748466258
        },
        "0.4": {
          "recall_rate": 0.6871165644171779,
          "precision_rate": 0.2650306748466258
        },
        "0.5": {
          "recall_rate": 0.6871165644171779,
          "precision_rate": 0.2650306748466258
        },
        "0.6": {
          "recall_rate": 0.6871165644171779,
          "precision_rate": 0.2650306748466258
        },
        "0.7": {
          "recall_rate": 0.6993865030674846,
          "precision_rate": 0.2748466257668712
        },
        "0.8": {
          "recall_rate": 0.7239263803680982,
          "precision_rate": 0.20613496932515338
        },
        "0.9": {
          "recall_rate": 0.7055214723926381,
          "precision_rate": 0.19263803680981595
        }
      },
      "recall_mean": 0.6946148602590321,
      "precision_mean": 0.25153374233128833,
      "threshold_discrimination": 0.036809815950920255,
      "threshold_summary": {
        "threshold_auc": 0.6946148602590321,
        "slope": 0.018404907975460127
      },
      "corr_mean": 0.8586555768297177,
      "corr_score": 0.8586555768297177,
      "smoothness_score": 0.9603781467002085,
      "retrieval_score": 0.4382072256305385,
      "plausibility_score": 0.9095168617649632,
      "overall_score": 0.6738620436977508,
      "composite_score": 0.6738620436977508,
      "mrr_mean": 0.5345376050897522,
      "precision_strict": 0.13892297205180645,
      "precision_lift": 2.7755575615628914e-17,
      "precision_associative": 0.25153374233128833,
      "similarity_recall_rate": 0.6871165644171779,
      "retention_curve": {
        "40": 1.0,
        "80": 1.0,
        "120": 0.8125,
        "160": 0.6623376623376623,
        "200": 0.6871165644171779
      },
      "retention_auc": 0.8323908453509681,
      "selectivity_score": 0.026312201772324573,
      "robustness_score": 0.0,
      "eval_v2_score": 0.3837851510282493
    },
    {
      "tick": 200,
      "recall_rate": 0.6415094339622641,
      "precision_rate": 0.2540880503144654,
      "activation_recall_correlation": 0.9098417430447805,
      "fact_episode_delta": 0.28954128440366966,
      "forgetting_curve_smoothness": 0.10169514037099278,
      "storage_std": 0.2182441172991296,
      "storage_iqr": 0.33849053291378034,
      "storage_gini": 0.23355677152785967,
      "retrieval_std": 0.2182441172991296,
      "retrieval_iqr": 0.33849053291378034,
      "retrieval_gini": 0.23355677152785967,
      "activation_std": 0.2182441172991296,
      "activation_iqr": 0.33849053291378034,
      "activation_gini": 0.23355677152785967,
      "threshold_metrics": {
        "0.1": {
          "recall_rate": 0.6415094339622641,
          "precision_rate": 0.2540880503144654
        },
        "0.2": {
          "recall_rate": 0.6415094339622641,
          "precision_rate": 0.2540880503144654
        },
        "0.3": {
          "recall_rate": 0.6415094339622641,
          "precision_rate": 0.2540880503144654
        },
        "0.4": {
          "recall_rate": 0.6415094339622641,
          "precision_rate": 0.2540880503144654
        },
        "0.5": {
          "recall_rate": 0.6415094339622641,
          "precision_rate": 0.2540880503144654
        },
        "0.6": {
          "recall_rate": 0.6477987421383647,
          "precision_rate": 0.25534591194968553
        },
        "0.7": {
          "recall_rate": 0.6729559748427673,
          "precision_rate": 0.2691823899371069
        },
        "0.8": {
          "recall_rate": 0.6981132075471698,
          "precision_rate": 0.2050314465408805
        },
        "0.9": {
          "recall_rate": 0.6855345911949685,
          "precision_rate": 0.1949685534591195
        }
      },
      "recall_mean": 0.6568832983927322,
      "precision_mean": 0.24388539482879107,
      "threshold_discrimination": 0.05660377358490565,
      "threshold_summary": {
        "threshold_auc": 0.6568832983927322,
        "slope": 0.04402515723270439
      },
      "corr_mean": 0.8112300208383171,
      "corr_score": 0.8112300208383171,
      "smoothness_score": 0.0,
      "retrieval_score": 0.41139063591893776,
      "plausibility_score": 0.40561501041915854,
      "overall_score": 0.4085028231690482,
      "composite_score": 0.4085028231690482,
      "mrr_mean": 0.49545772187281617,
      "precision_strict": 0.13137665967854648,
      "precision_lift": 2.7755575615628914e-17,
      "precision_associative": 0.24388539482879107,
      "similarity_recall_rate": 0.6415094339622641,
      "retention_curve": {
        "40": 0.0,
        "80": 1.0,
        "120": 0.8,
        "160": 0.6206896551724138,
        "200": 0.6415094339622641
      },
      "retention_auc": 0.6124398178269356,
      "selectivity_score": 0.018867924528301883,
      "robustness_score": 0.0,
      "eval_v2_score": 0.2822016916070267
    },
    {
      "tick": 200,
      "recall_rate": 0.6055555555555555,
      "precision_rate": 0.26666666666666666,
      "activation_recall_correlation": 0.9166216177808469,
      "fact_episode_delta": 0.20145454545454544,
      "forgetting_curve_smoothness": 0.11888704453831996,
      "storage_std": 0.21877473126947064,
      "storage_iqr": 0.33849053291378034,
      "storage_gini": 0.23398326340129033,
      "retrieval_std": 0.21873668789139677,
      "retrieval_iqr": 0.33849053291378034,
      "retrieval_gini": 0.23395724354797862,
      "activation_std": 0.21877473126947064,
      "activation_iqr": 0.33849053291378034,
      "activation_gini": 0.23398326340129033,
      "threshold_metrics": {
        "0.1": {
          "recall_rate": 0.6055555555555555,
          "precision_rate": 0.26666666666666666
        },
        "0.2": {
          "recall_rate": 0.6055555555555555,
          "precision_rate": 0.26666666666666666
        },
        "0.3": {
          "recall_rate": 0.6055555555555555,
          "precision_rate": 0.26666666666666666
        },
        "0.4": {
          "recall_rate": 0.6055555555555555,
          "precision_rate": 0.26666666666666666
        },
        "0.5": {
          "recall_rate": 0.6055555555555555,
          "precision_rate": 0.26666666666666666
        },
        "0.6": {
          "recall_rate": 0.6055555555555555,
          "precision_rate": 0.26666666666666666
        },
        "0.7": {
          "recall_rate": 0.6277777777777778,
          "precision_rate": 0.27555555555555555
        },
        "0.8": {
          "recall_rate": 0.6444444444444445,
          "precision_rate": 0.20666666666666667
        },
        "0.9": {
          "recall_rate": 0.6277777777777778,
          "precision_rate": 0.19
        }
      },
      "recall_mean": 0.6148148148148148,
      "precision_mean": 0.2524691358024691,
      "threshold_discrimination": 0.03888888888888897,
      "threshold_summary": {
        "threshold_auc": 0.6148148148148148,
        "slope": 0.022222222222222254
      },
      "corr_mean": 0.8766555176759326,
      "corr_score": 0.8766555176759326,