{
  "fold_scores": [
    {
      "tick": 200,
      "recall_rate": 0.6748466257668712,
      "precision_rate": 0.2282208588957055,
      "activation_recall_correlation": 0.979856348317782,
      "fact_episode_delta": 0.4184557438794727,
      "forgetting_curve_smoothness": 0.0021471629664647895,
      "storage_std": 0.20630472537951158,
      "storage_iqr": 0.17234896765399568,
      "storage_gini": 0.31775357424853357,
      "retrieval_std": 0.2060084677640119,
      "retrieval_iqr": 0.17234896765399568,
      "retrieval_gini": 0.3175671140798977,
      "activation_std": 0.20630472537951158,
      "activation_iqr": 0.17234896765399568,
      "activation_gini": 0.31775357424853357,
      "threshold_metrics": {
        "0.1": {
          "recall_rate": 0.6748466257668712,
          "precision_rate": 0.2282208588957055
        },
        "0.2": {
          "recall_rate": 0.6748466257668712,
          "precision_rate": 0.2282208588957055
        },
        "0.3": {
          "recall_rate": 0.6748466257668712,
          "precision_rate": 0.2282208588957055
        },
        "0.4": {
          "recall_rate": 0.6748466257668712,
          "precision_rate": 0.2282208588957055
        },
        "0.5": {
          "recall_rate": 0.6748466257668712,
          "precision_rate": 0.2282208588957055
        },
        "0.6": {
          "recall_rate": 0.6748466257668712,
          "precision_rate": 0.2282208588957055
        },
        "0.7": {
          "recall_rate": 0.6871165644171779,
          "precision_rate": 0.19631901840490798
        },
        "0.8": {
          "recall_rate": 0.6748466257668712,
          "precision_rate": 0.18159509202453988
        },
        "0.9": {
          "recall_rate": 0.6625766871165644,
          "precision_rate": 0.1570552147239264
        }
      },
      "recall_mean": 0.6748466257668712,
      "precision_mean": 0.21158827539195638,
      "threshold_discrimination": 0.024539877300613577,
      "threshold_summary": {
        "threshold_auc": 0.6748466257668712,
        "slope": -0.012269938650306789
      },
      "corr_mean": 0.8276001492555669,
      "corr_score": 0.8276001492555669,
      "smoothness_score": 0.9785283703353521,
      "retrieval_score": 0.625455010224949,
      "forgetting_score": 0.6981870703246842,
      "non_target_mean_storage": 0.30181292967531576,
      "plausibility_score": 0.8276001492555669,
      "overall_score": 0.7014475160175108,
      "composite_score": 0.7014475160175108,
      "mrr_mean": 0.5650874801181551,
      "precision_strict": 0.13496932515337423,
      "precision_lift": 0.0,
      "precision_associative": 0.21158827539195638,
      "similarity_recall_rate": 0.6625766871165644,
      "retention_curve": {
        "40": 1.0,
        "80": 1.0,
        "120": 0.875,
        "160": 0.7012987012987013,
        "200": 0.6748466257668712
      },
      "retention_auc": 0.8502290654131144,
      "selectivity_score": 0.058350374914792086,
      "robustness_score": 0.0,
      "_fold_idx": 0,
      "_fold_duration_seconds": 76.16
    },
    {
      "tick": 200,
      "recall_rate": 0.6855345911949685,
      "precision_rate": 0.24528301886792453,
      "activation_recall_correlation": 0.967470290433312,
      "fact_episode_delta": 0.4003669724770642,
      "forgetting_curve_smoothness": 0.10540580804206937,
      "storage_std": 0.20601516750505214,
      "storage_iqr": 0.17234896765399568,
      "storage_gini": 0.31756289742221294,
      "retrieval_std": 0.20572052505612923,
      "retrieval_iqr": 0.17234896765399568,
      "retrieval_gini": 0.3173800055137464,
      "activation_std": 0.20601516750505214,
      "activation_iqr": 0.17234896765399568,
      "activation_gini": 0.31756289742221294,
      "threshold_metrics": {
        "0.1": {
          "recall_rate": 0.6855345911949685,
          "precision_rate": 0.24528301886792453
        },
        "0.2": {
          "recall_rate": 0.6855345911949685,
          "precision_rate": 0.24528301886792453
        },
        "0.3": {
          "recall_rate": 0.6855345911949685,
          "precision_rate": 0.24528301886792453
        },
        "0.4": {
          "recall_rate": 0.6855345911949685,
          "precision_rate": 0.24528301886792453
        },
        "0.5": {
          "recall_rate": 0.6855345911949685,
          "precision_rate": 0.24528301886792453
        },
        "0.6": {
          "recall_rate": 0.6855345911949685,
          "precision_rate": 0.24528301886792453
        },
        "0.7": {
          "recall_rate": 0.6855345911949685,
          "precision_rate": 0.2
        },
        "0.8": {
          "recall_rate": 0.6855345911949685,
          "precision_rate": 0.19119496855345913
        },
        "0.9": {
          "recall_rate": 0.6792452830188679,
          "precision_rate": 0.15849056603773584
        }
      },
      "recall_mean": 0.6848357791754017,
      "precision_mean": 0.22459818308874915,
      "threshold_discrimination": 0.0062893081761006275,
      "threshold_summary": {
        "threshold_auc": 0.6848357791754017,
        "slope": -0.0062893081761006275
      },
      "corr_mean": 0.8419765404708576,
      "corr_score": 0.8419765404708576,
      "smoothness_score": 0.0,
      "retrieval_score": 0.6289657582110413,
      "forgetting_score": 0.6984710630485028,
      "non_target_mean_storage": 0.3015289369514972,
      "plausibility_score": 0.8419765404708576,
      "overall_score": 0.7065453104691068,
      "composite_score": 0.7065453104691068,
      "mrr_mean": 0.5606801770323783,
      "precision_strict": 0.13696715583508035,
      "precision_lift": 0.0,
      "precision_associative": 0.22459818308874915,
      "similarity_recall_rate": 0.6792452830188679,
      "retention_curve": {
        "40": 0.0,
        "80": 1.0,
        "120": 0.7,
        "160": 0.6758620689655173,
        "200": 0.6855345911949685
      },
      "retention_auc": 0.6122793320320972,
      "selectivity_score": 0.04933612858141154,
      "robustness_score": 0.0,
      "_fold_idx": 1,
      "_fold_duration_seconds": 75.3
    },
    {
      "tick": 200,
      "recall_rate": 0.6611111111111111,
      "precision_rate": 0.24444444444444444,
      "activation_recall_correlation": 0.9797056215971326,
      "fact_episode_delta": 0.30472727272727274,
      "forgetting_curve_smoothness": 0.10867148203896007,
      "storage_std": 0.20764997694976126,
      "storage_iqr": 0.17234896765399568,
      "storage_gini": 0.31881571061751074,
      "retrieval_std": 0.2072353933939712,
      "retrieval_iqr": 0.17234896765399568,
      "retrieval_gini": 0.3185557867670411,
      "activation_std": 0.20764997694976126,
      "activation_iqr": 0.17234896765399568,
      "activation_gini": 0.31881571061751074,
      "threshold_metrics": {
        "0.1": {
          "recall_rate": 0.6611111111111111,
          "precision_rate": 0.24444444444444444
        },
        "0.2": {
          "recall_rate": 0.6611111111111111,
          "precision_rate": 0.24444444444444444
        },
        "0.3": {
          "recall_rate": 0.6611111111111111,
          "precision_rate": 0.24444444444444444
        },
        "0.4": {
          "recall_rate": 0.6611111111111111,
          "precision_rate": 0.24444444444444444
        },
        "0.5": {
          "recall_rate": 0.6611111111111111,
          "precision_rate": 0.24444444444444444
        },
        "0.6": {
          "recall_rate": 0.6611111111111111,
          "precision_rate": 0.24444444444444444
        },
        "0.7": {
          "recall_rate": 0.6666666666666666,
          "precision_rate": 0.21
        },
        "0.8": {
          "recall_rate": 0.6611111111111111,
          "precision_rate": 0.1988888888888889
        },
        "0.9": {
          "recall_rate": 0.6611111111111111,
          "precision_rate": 0.17444444444444446
        }
      },
      "recall_mean": 0.6617283950617284,
      "precision_mean": 0.2277777777777778,
      "threshold_discrimination": 0.005555555555555536,