{
  "fold_scores": [
    {
      "tick": 200,
      "recall_rate": 0.6196319018404908,
      "precision_rate": 0.1901840490797546,
      "activation_recall_correlation": 0.9745905843927779,
      "fact_episode_delta": 0.49472693032015064,
      "forgetting_curve_smoothness": 0.00444852260790686,
      "storage_std": 0.29308301163693196,
      "storage_iqr": 0.5142203271756539,
      "storage_gini": 0.5105602248563809,
      "retrieval_std": 0.29200331901025744,
      "retrieval_iqr": 0.5142203271756539,
      "retrieval_gini": 0.50982712035402,
      "activation_std": 0.29308301163693196,
      "activation_iqr": 0.5142203271756539,
      "activation_gini": 0.5105602248563809,
      "threshold_metrics": {
        "0.1": {
          "recall_rate": 0.6196319018404908,
          "precision_rate": 0.1901840490797546
        },
        "0.2": {
          "recall_rate": 0.6196319018404908,
          "precision_rate": 0.1901840490797546
        },
        "0.3": {
          "recall_rate": 0.6196319018404908,
          "precision_rate": 0.1901840490797546
        },
        "0.4": {
          "recall_rate": 0.6196319018404908,
          "precision_rate": 0.1901840490797546
        },
        "0.5": {
          "recall_rate": 0.6196319018404908,
          "precision_rate": 0.18527607361963191
        },
        "0.6": {
          "recall_rate": 0.6319018404907976,
          "precision_rate": 0.17791411042944785
        },
        "0.7": {
          "recall_rate": 0.6196319018404908,
          "precision_rate": 0.17300613496932515
        },
        "0.8": {
          "recall_rate": 0.6134969325153374,
          "precision_rate": 0.16932515337423312
        },
        "0.9": {
          "recall_rate": 0.6134969325153374,
          "precision_rate": 0.150920245398773
        }
      },
      "recall_mean": 0.6196319018404908,
      "precision_mean": 0.17968643490115882,
      "threshold_discrimination": 0.018404907975460127,
      "threshold_summary": {
        "threshold_auc": 0.6196319018404908,
        "slope": -0.006134969325153339
      },
      "corr_mean": 0.7569820530217952,
      "corr_score": 0.7569820530217952,
      "smoothness_score": 0.9555147739209314,
      "retrieval_score": 0.4016291751874574,
      "plausibility_score": 0.8562484134713633,
      "overall_score": 0.6289387943294104,
      "composite_score": 0.6289387943294104,
      "mrr_mean": 0.5125880481708702,
      "precision_strict": 0.12392638036809817,
      "precision_lift": 1.3877787807814457e-17,
      "precision_associative": 0.17968643490115882,
      "similarity_recall_rate": 0.6196319018404908,
      "retention_curve": {
        "40": 1.0,
        "80": 1.0,
        "120": 0.8125,
        "160": 0.5974025974025974,
        "200": 0.6196319018404908
      },
      "retention_auc": 0.8059068998486175,
      "selectivity_score": 0.06816632583503751,
      "robustness_score": 0.0,
      "eval_v2_score": 0.386516318974141
    },
    {
      "tick": 200,
      "recall_rate": 0.610062893081761,
      "precision_rate": 0.20251572327044026,
      "activation_recall_correlation": 0.9561301045614021,
      "fact_episode_delta": 0.4812844036697247,
      "forgetting_curve_smoothness": 0.10673849223087095,
      "storage_std": 0.29202938355735614,
      "storage_iqr": 0.5142203271756539,
      "storage_gini": 0.5103649260888803,
      "retrieval_std": 0.2909760155302257,
      "retrieval_iqr": 0.5142203271756539,
      "retrieval_gini": 0.5096453427822656,
      "activation_std": 0.29202938355735614,
      "activation_iqr": 0.5142203271756539,
      "activation_gini": 0.5103649260888803,
      "threshold_metrics": {
        "0.1": {
          "recall_rate": 0.610062893081761,
          "precision_rate": 0.20251572327044026
        },
        "0.2": {
          "recall_rate": 0.610062893081761,
          "precision_rate": 0.20251572327044026
        },
        "0.3": {
          "recall_rate": 0.610062893081761,
          "precision_rate": 0.20251572327044026
        },
        "0.4": {
          "recall_rate": 0.610062893081761,
          "precision_rate": 0.20251572327044026
        },
        "0.5": {
          "recall_rate": 0.610062893081761,
          "precision_rate": 0.19622641509433963
        },
        "0.6": {
          "recall_rate": 0.610062893081761,
          "precision_rate": 0.17484276729559747
        },
        "0.7": {
          "recall_rate": 0.6163522012578616,
          "precision_rate": 0.17358490566037735
        },
        "0.8": {
          "recall_rate": 0.610062893081761,
          "precision_rate": 0.16855345911949685
        },
        "0.9": {
          "recall_rate": 0.610062893081761,
          "precision_rate": 0.14339622641509434
        }
      },
      "recall_mean": 0.6107617051013278,
      "precision_mean": 0.1851851851851852,
      "threshold_discrimination": 0.0062893081761006275,
      "threshold_summary": {
        "threshold_auc": 0.6107617051013278,
        "slope": 0.0
      },
      "corr_mean": 0.8217736868682929,
      "corr_score": 0.8217736868682929,
      "smoothness_score": 0.0,
      "retrieval_score": 0.39128581411600283,
      "plausibility_score": 0.41088684343414644,
      "overall_score": 0.40108632877507466,
      "composite_score": 0.40108632877507466,
      "mrr_mean": 0.489937106918239,
      "precision_strict": 0.12215234102026555,
      "precision_lift": 0.0,
      "precision_associative": 0.1851851851851852,
      "similarity_recall_rate": 0.610062893081761,
      "retention_curve": {
        "40": 0.0,
        "80": 1.0,
        "120": 0.7,
        "160": 0.5793103448275863,
        "200": 0.610062893081761
      },
      "retention_auc": 0.5778746475818695,
      "selectivity_score": 0.0591194968553459,
      "robustness_score": 0.0,
      "eval_v2_score": 0.2807354153112123
    },
    {
      "tick": 200,
      "recall_rate": 0.5388888888888889,
      "precision_rate": 0.17777777777777778,
      "activation_recall_correlation": 0.948624707602945,
      "fact_episode_delta": 0.4545454545454545,
      "forgetting_curve_smoothness": 0.11900316196880116,
      "storage_std": 0.2923645778462592,
      "storage_iqr": 0.5142203271756539,
      "storage_gini": 0.510306960340665,
      "retrieval_std": 0.2912517355099625,
      "retrieval_iqr": 0.5142203271756539,
      "retrieval_gini": 0.509552765998978,
      "activation_std": 0.2923645778462592,
      "activation_iqr": 0.5142203271756539,
      "activation_gini": 0.510306960340665,
      "threshold_metrics": {
        "0.1": {
          "recall_rate": 0.5388888888888889,
          "precision_rate": 0.17777777777777778
        },
        "0.2": {
          "recall_rate": 0.5388888888888889,
          "precision_rate": 0.17777777777777778
        },
        "0.3": {
          "recall_rate": 0.5388888888888889,
          "precision_rate": 0.17777777777777778
        },
        "0.4": {
          "recall_rate": 0.5388888888888889,
          "precision_rate": 0.17777777777777778
        },
        "0.5": {
          "recall_rate": 0.5388888888888889,
          "precision_rate": 0.17555555555555555
        },
        "0.6": {
          "recall_rate": 0.5388888888888889,
          "precision_rate": 0.16333333333333333
        },
        "0.7": {
          "recall_rate": 0.5388888888888889,
          "precision_rate": 0.16444444444444445
        },
        "0.8": {
          "recall_rate": 0.5388888888888889,
          "precision_rate": 0.16111111111111112
        },
        "0.9": {
          "recall_rate": 0.5388888888888889,
          "precision_rate": 0.13666666666666666
        }
      },
      "recall_mean": 0.5388888888888889,
      "precision_mean": 0.1680246913580247,
      "threshold_discrimination": 0.0,
      "threshold_summary": {
        "threshold_auc": 0.5388888888888889,
        "slope": 0.0
      },
      "corr_mean": 0.8016236936206355,
      "corr_score": 0.8016236936206355,
      "smoothness_score": 0.0,
      "retrieval_score": 0.3504197530864197,