{
  "status": "completed",
  "tick": 200,
  "recall_rate": 0.6666666666666666,
  "precision_rate": 0.30718954248366015,
  "activation_recall_correlation": 0.28684795368116817,
  "fact_episode_delta": 0.3035714285714286,
  "forgetting_curve_smoothness": 0.003175732994910926,
  "storage_std": 0.3073625180952556,
  "storage_iqr": 0.0021705989632894935,
  "storage_gini": 0.8271975226433816,
  "retrieval_std": 0.3073625180952556,
  "retrieval_iqr": 0.0021705989632894935,
  "retrieval_gini": 0.8271975226433816,
  "activation_std": 0.3073625180952556,
  "activation_iqr": 0.0021705989632894935,
  "activation_gini": 0.8271975226433816,
  "threshold_metrics": {
    "0.1": {
      "recall_rate": 0.6666666666666666,
      "precision_rate": 0.30718954248366015
    },
    "0.2": {
      "recall_rate": 0.6666666666666666,
      "precision_rate": 0.30718954248366015
    },
    "0.3": {
      "recall_rate": 0.6666666666666666,
      "precision_rate": 0.30718954248366015
    },
    "0.4": {
      "recall_rate": 0.6666666666666666,
      "precision_rate": 0.30718954248366015
    },
    "0.5": {
      "recall_rate": 0.6666666666666666,
      "precision_rate": 0.30718954248366015
    },
    "0.6": {
      "recall_rate": 0.6666666666666666,
      "precision_rate": 0.30718954248366015
    },
    "0.7": {
      "recall_rate": 0.6666666666666666,
      "precision_rate": 0.30718954248366015
    },
    "0.8": {
      "recall_rate": 0.6274509803921569,
      "precision_rate": 0.28888888888888886
    },
    "0.9": {
      "recall_rate": 0.2875816993464052,
      "precision_rate": 0.10457516339869281
    }
  },
  "recall_mean": 0.6201888162672475,
  "precision_mean": 0.282643427741467,
  "threshold_discrimination": 0.3790849673202614,
  "threshold_summary": {
    "threshold_auc": 0.6201888162672475,
    "slope": -0.3790849673202614
  },
  "corr_mean": 0.27302832803581334,
  "corr_score": 0.27302832803581334,
  "smoothness_score": 0.9682426700508907,
  "retrieval_score": 0.5210330428467682,
  "forgetting_score": 0.8795888883170094,
  "non_target_mean_storage": 0.12041111168299053,
  "plausibility_score": 0.27302832803581334,
  "overall_score": 0.5845264100586139,
  "composite_score": 0.5845264100586139,
  "mrr_mean": 0.39984265311062694,
  "precision_strict": 0.1240377632534495,
  "precision_lift": 0.0,
  "precision_associative": 0.282643427741467,
  "similarity_recall_rate": 0.6209150326797386,
  "retention_curve": {
    "40": 1.0,
    "80": 1.0,
    "120": 0.8181818181818182,
    "160": 0.7050359712230215,
    "200": 0.6666666666666666
  },
  "retention_auc": 0.8379768912143014,
  "selectivity_score": 0.0,
  "robustness_score": 0.0,
  "snapshots": [
    {
      "tick": 0,
      "recall_rate": 1.0,
      "precision_rate": 0.2,
      "activation_recall_correlation": 0.0,
      "fact_episode_delta": 1.0,
      "forgetting_curve_smoothness": 0.0
    },
    {
      "tick": 20,
      "recall_rate": 1.0,
      "precision_rate": 0.2,
      "activation_recall_correlation": 0.0,
      "fact_episode_delta": 1.0,
      "forgetting_curve_smoothness": 0.0
    },
    {
      "tick": 40,
      "recall_rate": 1.0,
      "precision_rate": 0.2,
      "activation_recall_correlation": 0.0,
      "fact_episode_delta": 1.0,
      "forgetting_curve_smoothness": 0.0
    },
    {
      "tick": 60,
      "recall_rate": 1.0,
      "precision_rate": 0.5,
      "activation_recall_correlation": 0.0,
      "fact_episode_delta": 1.0,
      "forgetting_curve_smoothness": 0.0
    },
    {
      "tick": 80,
      "recall_rate": 1.0,
      "precision_rate": 0.48,
      "activation_recall_correlation": 0.0,
      "fact_episode_delta": 1.0,
      "forgetting_curve_smoothness": 0.0
    },
    {
      "tick": 100,
      "recall_rate": 1.0,
      "precision_rate": 0.4666666666666667,
      "activation_recall_correlation": 0.0,
      "fact_episode_delta": 1.0,
      "forgetting_curve_smoothness": 0.0
    },
    {
      "tick": 120,
      "recall_rate": 0.8181818181818182,
      "precision_rate": 0.2727272727272727,
      "activation_recall_correlation": -0.029186465865239625,
      "fact_episode_delta": 0.19999999999999996,
      "forgetting_curve_smoothness": 0.0
    },
    {
      "tick": 140,
      "recall_rate": 0.7916666666666666,
      "precision_rate": 0.3625,
      "activation_recall_correlation": 0.028689795096626204,
      "fact_episode_delta": 0.2222222222222222,
      "forgetting_curve_smoothness": 0.0045913682277318605
    },
    {
      "tick": 160,
      "recall_rate": 0.7050359712230215,
      "precision_rate": 0.31798561151079136,
      "activation_recall_correlation": 0.24398133656228366,
      "fact_episode_delta": 0.21780604133545312,
      "forgetting_curve_smoothness": 0.003937215382020575
    },
    {
      "tick": 180,
      "recall_rate": 0.7066666666666667,
      "precision_rate": 0.31333333333333335,
      "activation_recall_correlation": 0.2794807583936799,
      "fact_episode_delta": 0.23494983277591974,
      "forgetting_curve_smoothness": 0.003798788701068397
    },
    {
      "tick": 200,
      "recall_rate": 0.6666666666666666,
      "precision_rate": 0.30718954248366015,
      "activation_recall_correlation": 0.28684795368116817,
      "fact_episode_delta": 0.3035714285714286,
      "forgetting_curve_smoothness": 0.003523105248117763
    }
  ],
  "duration_seconds": 57.56,
  "timing_breakdown": {
    "simulation_seconds": 47.751,
    "final_score_summary_seconds": 6.916,
    "query_similarity_total_seconds": 44.15,
    "query_similarity_call_count": 594
  }
}