{
  "status": "completed",
  "tick": 200,
  "recall_rate": 0.6862745098039216,
  "precision_rate": 0.3150326797385621,
  "activation_recall_correlation": 0.24039586220855363,
  "fact_episode_delta": 0.275,
  "forgetting_curve_smoothness": 0.0031426464136668454,
  "storage_std": 0.3188397747925457,
  "storage_iqr": 0.0021705989632894935,
  "storage_gini": 0.827072538322913,
  "retrieval_std": 0.3188397747925457,
  "retrieval_iqr": 0.0021705989632894935,
  "retrieval_gini": 0.827072538322913,
  "activation_std": 0.3188397747925457,
  "activation_iqr": 0.0021705989632894935,
  "activation_gini": 0.827072538322913,
  "threshold_metrics": {
    "0.1": {
      "recall_rate": 0.6862745098039216,
      "precision_rate": 0.3150326797385621
    },
    "0.2": {
      "recall_rate": 0.6862745098039216,
      "precision_rate": 0.3150326797385621
    },
    "0.3": {
      "recall_rate": 0.6862745098039216,
      "precision_rate": 0.3150326797385621
    },
    "0.4": {
      "recall_rate": 0.6862745098039216,
      "precision_rate": 0.3150326797385621
    },
    "0.5": {
      "recall_rate": 0.6862745098039216,
      "precision_rate": 0.3150326797385621
    },
    "0.6": {
      "recall_rate": 0.6862745098039216,
      "precision_rate": 0.3150326797385621
    },
    "0.7": {
      "recall_rate": 0.6862745098039216,
      "precision_rate": 0.3150326797385621
    },
    "0.8": {
      "recall_rate": 0.6666666666666666,
      "precision_rate": 0.30980392156862746
    },
    "0.9": {
      "recall_rate": 0.30718954248366015,
      "precision_rate": 0.11503267973856209
    }
  },
  "recall_mean": 0.6419753086419753,
  "precision_mean": 0.2922294843863471,
  "threshold_discrimination": 0.3790849673202614,
  "threshold_summary": {
    "threshold_auc": 0.6419753086419753,
    "slope": -0.3790849673202614
  },
  "corr_mean": 0.22702041146626753,
  "corr_score": 0.22702041146626753,
  "smoothness_score": 0.9685735358633315,
  "retrieval_score": 0.5377596223674654,
  "forgetting_score": 0.8753326567162529,
  "non_target_mean_storage": 0.1246673432837471,
  "plausibility_score": 0.22702041146626753,
  "overall_score": 0.5782253816642416,
  "composite_score": 0.5782253816642416,
  "mrr_mean": 0.41038489469862016,
  "precision_strict": 0.12839506172839507,
  "precision_lift": 2.7755575615628914e-17,
  "precision_associative": 0.2922294843863471,
  "similarity_recall_rate": 0.6274509803921569,
  "retention_curve": {
    "40": 1.0,
    "80": 1.0,
    "120": 0.8181818181818182,
    "160": 0.7122302158273381,
    "200": 0.6862745098039216
  },
  "retention_auc": 0.8433373087626157,
  "selectivity_score": 0.0,
  "robustness_score": 0.0,
  "snapshots": [
    {
      "tick": 0,
      "recall_rate": 1.0,
      "precision_rate": 0.2,
      "activation_recall_correlation": 0.0,
      "fact_episode_delta": 1.0,
      "forgetting_curve_smoothness": 0.0
    },
    {
      "tick": 20,
      "recall_rate": 1.0,
      "precision_rate": 0.5,
      "activation_recall_correlation": 0.0,
      "fact_episode_delta": 1.0,
      "forgetting_curve_smoothness": 0.0
    },
    {
      "tick": 40,
      "recall_rate": 1.0,
      "precision_rate": 0.3333333333333333,
      "activation_recall_correlation": 0.0,
      "fact_episode_delta": 1.0,
      "forgetting_curve_smoothness": 0.0
    },
    {
      "tick": 60,
      "recall_rate": 1.0,
      "precision_rate": 0.5,
      "activation_recall_correlation": 0.0,
      "fact_episode_delta": 1.0,
      "forgetting_curve_smoothness": 0.0
    },
    {
      "tick": 80,
      "recall_rate": 1.0,
      "precision_rate": 0.48,
      "activation_recall_correlation": 0.0,
      "fact_episode_delta": 1.0,
      "forgetting_curve_smoothness": 0.0
    },
    {
      "tick": 100,
      "recall_rate": 1.0,
      "precision_rate": 0.4666666666666667,
      "activation_recall_correlation": 0.0,
      "fact_episode_delta": 1.0,
      "forgetting_curve_smoothness": 0.0
    },
    {
      "tick": 120,
      "recall_rate": 0.8181818181818182,
      "precision_rate": 0.2727272727272727,
      "activation_recall_correlation": -0.02466322337066491,
      "fact_episode_delta": 0.19999999999999996,
      "forgetting_curve_smoothness": 0.0
    },
    {
      "tick": 140,
      "recall_rate": 0.7916666666666666,
      "precision_rate": 0.3625,
      "activation_recall_correlation": 0.02305127187170893,
      "fact_episode_delta": 0.2222222222222222,
      "forgetting_curve_smoothness": 0.0045913682277318605
    },
    {
      "tick": 160,
      "recall_rate": 0.7122302158273381,
      "precision_rate": 0.3194244604316547,
      "activation_recall_correlation": 0.23114789644247394,
      "fact_episode_delta": 0.2080021197668257,
      "forgetting_curve_smoothness": 0.003937215382020575
    },
    {
      "tick": 180,
      "recall_rate": 0.72,
      "precision_rate": 0.31866666666666665,
      "activation_recall_correlation": 0.2444884928323714,
      "fact_episode_delta": 0.21571906354515047,
      "forgetting_curve_smoothness": 0.0037149528920177944
    },
    {
      "tick": 200,
      "recall_rate": 0.6862745098039216,
      "precision_rate": 0.3150326797385621,
      "activation_recall_correlation": 0.24039586220855363,
      "fact_episode_delta": 0.275,
      "forgetting_curve_smoothness": 0.0034911458507187257
    }
  ],
  "duration_seconds": 36.1,
  "timing_breakdown": {
    "simulation_seconds": 27.3,
    "final_score_summary_seconds": 5.118,
    "query_similarity_total_seconds": 24.124,
    "query_similarity_call_count": 594
  }
}