{
  "fold_scores": [
    {
      "tick": 200,
      "recall_rate": 0.558282208588957,
      "precision_rate": 0.17300613496932515,
      "activation_recall_correlation": 0.7319343715245755,
      "fact_episode_delta": 0.5794726930320151,
      "forgetting_curve_smoothness": 0.00910734439158334,
      "storage_std": 0.2858062809893382,
      "storage_iqr": 0.5142203271756539,
      "storage_gini": 0.5054775754269664,
      "retrieval_std": 0.28945516763837126,
      "retrieval_iqr": 0.5142203271756539,
      "retrieval_gini": 0.5081280748456383,
      "activation_std": 0.2858062809893382,
      "activation_iqr": 0.5142203271756539,
      "activation_gini": 0.5054775754269664,
      "threshold_metrics": {
        "0.1": {
          "recall_rate": 0.558282208588957,
          "precision_rate": 0.17300613496932515
        },
        "0.2": {
          "recall_rate": 0.558282208588957,
          "precision_rate": 0.17300613496932515
        },
        "0.3": {
          "recall_rate": 0.558282208588957,
          "precision_rate": 0.17300613496932515
        },
        "0.4": {
          "recall_rate": 0.558282208588957,
          "precision_rate": 0.17300613496932515
        },
        "0.5": {
          "recall_rate": 0.558282208588957,
          "precision_rate": 0.16809815950920245
        },
        "0.6": {
          "recall_rate": 0.49693251533742333,
          "precision_rate": 0.1460122699386503
        },
        "0.7": {
          "recall_rate": 0.3128834355828221,
          "precision_rate": 0.09938650306748466
        },
        "0.8": {
          "recall_rate": 0.2822085889570552,
          "precision_rate": 0.08957055214723926
        },
        "0.9": {
          "recall_rate": 0.25766871165644173,
          "precision_rate": 0.06503067484662577
        }
      },
      "recall_mean": 0.46012269938650313,
      "precision_mean": 0.14001363326516703,
      "threshold_discrimination": 0.3006134969325153,
      "threshold_summary": {
        "threshold_auc": 0.46012269938650313,
        "slope": -0.3006134969325153
      },
      "corr_mean": 0.5227688147688303,
      "corr_score": 0.5227688147688303,
      "smoothness_score": 0.9089265560841666,
      "retrieval_score": 0.2972222222222223,
      "plausibility_score": 0.7158476854264985,
      "overall_score": 0.5065349538243604,
      "composite_score": 0.5065349538243604,
      "mrr_mean": 0.3772438082254033,
      "precision_strict": 0.09202453987730061,
      "precision_lift": 0.0,
      "precision_associative": 0.14001363326516703,
      "similarity_recall_rate": 0.558282208588957,
      "retention_curve": {
        "40": 1.0,
        "80": 1.0,
        "120": 0.6875,
        "160": 0.5714285714285714,
        "200": 0.558282208588957
      },
      "retention_auc": 0.7634421560035056,
      "selectivity_score": 0.044035446489434193,
      "robustness_score": 0.0,
      "eval_v2_score": 0.3589613764728795
    },
    {
      "tick": 200,
      "recall_rate": 0.5471698113207547,
      "precision_rate": 0.19371069182389938,
      "activation_recall_correlation": 0.7272628176417258,
      "fact_episode_delta": 0.5730275229357797,
      "forgetting_curve_smoothness": 0.10818457570458564,
      "storage_std": 0.2856786365582231,
      "storage_iqr": 0.5142203271756539,
      "storage_gini": 0.505633078230917,
      "retrieval_std": 0.2889594511842568,
      "retrieval_iqr": 0.5142203271756539,
      "retrieval_gini": 0.5080001287994461,
      "activation_std": 0.2856786365582231,
      "activation_iqr": 0.5142203271756539,
      "activation_gini": 0.505633078230917,
      "threshold_metrics": {
        "0.1": {
          "recall_rate": 0.5471698113207547,
          "precision_rate": 0.19371069182389938
        },
        "0.2": {
          "recall_rate": 0.5471698113207547,
          "precision_rate": 0.19371069182389938
        },
        "0.3": {
          "recall_rate": 0.5471698113207547,
          "precision_rate": 0.19371069182389938
        },
        "0.4": {
          "recall_rate": 0.5471698113207547,
          "precision_rate": 0.19371069182389938
        },
        "0.5": {
          "recall_rate": 0.5471698113207547,
          "precision_rate": 0.18867924528301888
        },
        "0.6": {
          "recall_rate": 0.5031446540880503,
          "precision_rate": 0.15220125786163521
        },
        "0.7": {
          "recall_rate": 0.3522012578616352,
          "precision_rate": 0.1169811320754717
        },
        "0.8": {
          "recall_rate": 0.32075471698113206,
          "precision_rate": 0.10566037735849057
        },
        "0.9": {
          "recall_rate": 0.2578616352201258,
          "precision_rate": 0.06415094339622641
        }
      },
      "recall_mean": 0.46331236897274636,
      "precision_mean": 0.15583508036338226,
      "threshold_discrimination": 0.2893081761006289,
      "threshold_summary": {
        "threshold_auc": 0.46331236897274636,
        "slope": -0.2893081761006289
      },
      "corr_mean": 0.5321842013715156,
      "corr_score": 0.5321842013715156,
      "smoothness_score": 0.0,
      "retrieval_score": 0.294538784067086,
      "plausibility_score": 0.2660921006857578,
      "overall_score": 0.2803154423764219,
      "composite_score": 0.2803154423764219,
      "mrr_mean": 0.36404612159329136,
      "precision_strict": 0.09266247379454927,
      "precision_lift": 0.0,
      "precision_associative": 0.15583508036338226,
      "similarity_recall_rate": 0.5471698113207547,
      "retention_curve": {
        "40": 0.0,
        "80": 1.0,
        "120": 0.7,
        "160": 0.5517241379310345,
        "200": 0.5471698113207547
      },
      "retention_auc": 0.5597787898503579,
      "selectivity_score": 0.029489867225716282,
      "robustness_score": 0.0,
      "eval_v2_score": 0.26222190896166175
    },
    {
      "tick": 200,
      "recall_rate": 0.49444444444444446,
      "precision_rate": 0.16666666666666666,
      "activation_recall_correlation": 0.7238304882272217,
      "fact_episode_delta": 0.5185454545454544,
      "forgetting_curve_smoothness": 0.10972224644574635,
      "storage_std": 0.2859271104195948,
      "storage_iqr": 0.5142203271756539,
      "storage_gini": 0.5055613569300265,
      "retrieval_std": 0.28932732347879353,
      "retrieval_iqr": 0.5142203271756539,
      "retrieval_gini": 0.508018456812387,
      "activation_std": 0.2859271104195948,
      "activation_iqr": 0.5142203271756539,
      "activation_gini": 0.5055613569300265,
      "threshold_metrics": {
        "0.1": {
          "recall_rate": 0.49444444444444446,
          "precision_rate": 0.16666666666666666
        },
        "0.2": {
          "recall_rate": 0.49444444444444446,
          "precision_rate": 0.16666666666666666
        },
        "0.3": {
          "recall_rate": 0.49444444444444446,
          "precision_rate": 0.16666666666666666
        },
        "0.4": {
          "recall_rate": 0.49444444444444446,
          "precision_rate": 0.16666666666666666
        },
        "0.5": {
          "recall_rate": 0.49444444444444446,
          "precision_rate": 0.16333333333333333
        },
        "0.6": {
          "recall_rate": 0.45555555555555555,
          "precision_rate": 0.14333333333333334
        },
        "0.7": {
          "recall_rate": 0.3055555555555556,
          "precision_rate": 0.10777777777777778
        },
        "0.8": {
          "recall_rate": 0.2833333333333333,
          "precision_rate": 0.09777777777777778
        },
        "0.9": {
          "recall_rate": 0.23333333333333334,
          "precision_rate": 0.06222222222222222
        }
      },
      "recall_mean": 0.4166666666666667,
      "precision_mean": 0.13790123456790124,
      "threshold_discrimination": 0.2611111111111111,
      "threshold_summary": {
        "threshold_auc": 0.4166666666666667,
        "slope": -0.2611111111111111
      },
      "corr_mean": 0.5514804071972716,
      "corr_score": 0.5514804071972716,
      "smoothness_score": 0.0,