{
  "fold_scores": [
    {
      "tick": 200,
      "recall_rate": 0.47619047619047616,
      "precision_rate": 0.09523809523809523,
      "activation_recall_correlation": 0.4240929198574059,
      "fact_episode_delta": 0.22311673375503166,
      "forgetting_curve_smoothness": 0.007653487630824645,
      "threshold_metrics": {
        "0.2": {
          "recall_rate": 0.47619047619047616,
          "precision_rate": 0.09523809523809523
        },
        "0.3": {
          "recall_rate": 0.47619047619047616,
          "precision_rate": 0.09523809523809523
        },
        "0.4": {
          "recall_rate": 0.47619047619047616,
          "precision_rate": 0.09523809523809523
        },
        "0.5": {
          "recall_rate": 0.47619047619047616,
          "precision_rate": 0.09523809523809523
        }
      },
      "recall_mean": 0.47619047619047616,
      "precision_mean": 0.09523809523809523,
      "threshold_discrimination": 0.0,
      "corr_mean": 0.4240929198574059,
      "corr_score": 0.4240929198574059,
      "smoothness_score": 0.9234651236917536,
      "retrieval_score": 0.27291666666666664,
      "plausibility_score": 0.6737790217745797,
      "overall_score": 0.25956199537056346,
      "composite_score": 0.25956199537056346,
      "mrr_mean": 0.27480158730158727,
      "precision_strict": 0.09523809523809523,
      "precision_lift": 0.0,
      "precision_associative": 0.09523809523809523,
      "similarity_recall_rate": 0.47619047619047616
    },
    {
      "tick": 200,
      "recall_rate": 0.4523809523809524,
      "precision_rate": 0.09047619047619047,
      "activation_recall_correlation": 0.4082008689198419,
      "fact_episode_delta": 0.035652673950546276,
      "forgetting_curve_smoothness": 0.00343066794772042,
      "threshold_metrics": {
        "0.2": {
          "recall_rate": 0.4523809523809524,
          "precision_rate": 0.09047619047619047
        },
        "0.3": {
          "recall_rate": 0.4523809523809524,
          "precision_rate": 0.09047619047619047
        },
        "0.4": {
          "recall_rate": 0.4523809523809524,
          "precision_rate": 0.09047619047619047
        },
        "0.5": {
          "recall_rate": 0.4523809523809524,
          "precision_rate": 0.09047619047619047
        }
      },
      "recall_mean": 0.4523809523809524,
      "precision_mean": 0.09047619047619047,
      "threshold_discrimination": 0.0,
      "corr_mean": 0.4082008689198419,
      "corr_score": 0.4082008689198419,
      "smoothness_score": 0.9656933205227958,
      "retrieval_score": 0.27339285714285716,
      "plausibility_score": 0.6869470947213189,
      "overall_score": 0.26055489291120554,
      "composite_score": 0.26055489291120554,
      "mrr_mean": 0.30813492063492065,
      "precision_strict": 0.09047619047619047,
      "precision_lift": 0.0,
      "precision_associative": 0.09047619047619047,
      "similarity_recall_rate": 0.4523809523809524
    },
    {
      "tick": 200,
      "recall_rate": 0.42168674698795183,
      "precision_rate": 0.08433734939759036,
      "activation_recall_correlation": 0.1256247762355643,
      "fact_episode_delta": 0.00886524822695034,
      "forgetting_curve_smoothness": 0.0051721372812663854,
      "threshold_metrics": {
        "0.2": {
          "recall_rate": 0.42168674698795183,
          "precision_rate": 0.08433734939759036
        },
        "0.3": {
          "recall_rate": 0.42168674698795183,
          "precision_rate": 0.08433734939759036
        },
        "0.4": {
          "recall_rate": 0.42168674698795183,
          "precision_rate": 0.08433734939759036
        },
        "0.5": {
          "recall_rate": 0.42168674698795183,
          "precision_rate": 0.08433734939759036
        }
      },
      "recall_mean": 0.42168674698795183,
      "precision_mean": 0.08433734939759036,
      "threshold_discrimination": 0.0,
      "corr_mean": 0.1256247762355643,
      "corr_score": 0.1256247762355643,
      "smoothness_score": 0.9482786271873361,
      "retrieval_score": 0.2605421686746988,
      "plausibility_score": 0.5369517017114502,
      "overall_score": 0.24244562749911466,
      "composite_score": 0.24244562749911466,
      "mrr_mean": 0.3062248995983936,
      "precision_strict": 0.08433734939759036,
      "precision_lift": 0.0,
      "precision_associative": 0.08433734939759036,
      "similarity_recall_rate": 0.42168674698795183
    },
    {
      "tick": 200,
      "recall_rate": 0.4819277108433735,
      "precision_rate": 0.0963855421686747,
      "activation_recall_correlation": 0.2475536702889597,
      "fact_episode_delta": 0.08096926713947994,
      "forgetting_curve_smoothness": 0.011687433004147346,
      "threshold_metrics": {
        "0.2": {
          "recall_rate": 0.4819277108433735,
          "precision_rate": 0.0963855421686747
        },
        "0.3": {
          "recall_rate": 0.4819277108433735,
          "precision_rate": 0.0963855421686747
        },
        "0.4": {
          "recall_rate": 0.4819277108433735,
          "precision_rate": 0.0963855421686747
        },
        "0.5": {
          "recall_rate": 0.4819277108433735,
          "precision_rate": 0.0963855421686747
        }
      },
      "recall_mean": 0.4819277108433735,
      "precision_mean": 0.0963855421686747,
      "threshold_discrimination": 0.0,
      "corr_mean": 0.2475536702889597,
      "corr_score": 0.2475536702889597,
      "smoothness_score": 0.8831256699585266,
      "retrieval_score": 0.27813253012048195,
      "plausibility_score": 0.5653396701237432,
      "overall_score": 0.25999855352675894,
      "composite_score": 0.25999855352675894,
      "mrr_mean": 0.2845381526104418,
      "precision_strict": 0.0963855421686747,
      "precision_lift": 0.0,
      "precision_associative": 0.0963855421686747,
      "similarity_recall_rate": 0.4819277108433735
    },
    {
      "tick": 200,
      "recall_rate": 0.4268292682926829,
      "precision_rate": 0.08536585365853659,
      "activation_recall_correlation": 0.1388160092099959,
      "fact_episode_delta": 0.03140096618357485,
      "forgetting_curve_smoothness": 0.0036745551607073124,
      "threshold_metrics": {
        "0.2": {
          "recall_rate": 0.4268292682926829,
          "precision_rate": 0.08536585365853659
        },
        "0.3": {
          "recall_rate": 0.4268292682926829,
          "precision_rate": 0.08536585365853659
        },
        "0.4": {
          "recall_rate": 0.4268292682926829,
          "precision_rate": 0.08536585365853659
        },
        "0.5": {
          "recall_rate": 0.4268292682926829,
          "precision_rate": 0.08536585365853659
        }
      },
      "recall_mean": 0.4268292682926829,
      "precision_mean": 0.08536585365853659,
      "threshold_discrimination": 0.0,
      "corr_mean": 0.1388160092099959,
      "corr_score": 0.1388160092099959,
      "smoothness_score": 0.9632544483929268,
      "retrieval_score": 0.25176829268292683,
      "plausibility_score": 0.5510352288014614,
      "overall_score": 0.23481302859501127,
      "composite_score": 0.23481302859501127,
      "mrr_mean": 0.27012195121951216,
      "precision_strict": 0.08536585365853659,
      "precision_lift": 1.3877787807814457e-17,
      "precision_associative": 0.08536585365853659,
      "similarity_recall_rate": 0.4268292682926829
    }
  ],
  "k": 5,
  "mean": {
    "overall_score": 0.2514748195805308,
    "retrieval_score": 0.2673505030575263,
    "plausibility_score": 0.6028105434265106,
    "recall_mean": 0.4518030309390874,
    "mrr_mean": 0.28876430227297106,
    "corr_score": 0.26885764890235353
  },
  "std": {
    "overall_score": 0.012037916896453168,
    "retrieval_score": 0.010873166799847308,
    "plausibility_score": 0.07165476391257687,
    "recall_mean": 0.02753750714100009,
    "mrr_mean": 0.01760999941671956,
    "corr_score": 0.14264892716416433
  }
}