{
  "fold_scores": [
    {
      "tick": 200,
      "recall_rate": 0.6196319018404908,
      "precision_rate": 0.1901840490797546,
      "activation_recall_correlation": 0.9839800881524136,
      "fact_episode_delta": 0.49472693032015064,
      "forgetting_curve_smoothness": 0.006242185824319837,
      "storage_std": 0.2934680211067832,
      "storage_iqr": 0.5142203271756539,
      "storage_gini": 0.5109356329027047,
      "retrieval_std": 0.2934680211067832,
      "retrieval_iqr": 0.5142203271756539,
      "retrieval_gini": 0.5109356329027047,
      "activation_std": 0.2934680211067832,
      "activation_iqr": 0.5142203271756539,
      "activation_gini": 0.5109356329027047,
      "threshold_metrics": {
        "0.1": {
          "recall_rate": 0.6196319018404908,
          "precision_rate": 0.1901840490797546
        },
        "0.2": {
          "recall_rate": 0.6196319018404908,
          "precision_rate": 0.1901840490797546
        },
        "0.3": {
          "recall_rate": 0.6196319018404908,
          "precision_rate": 0.1901840490797546
        },
        "0.4": {
          "recall_rate": 0.6196319018404908,
          "precision_rate": 0.1901840490797546
        },
        "0.5": {
          "recall_rate": 0.6196319018404908,
          "precision_rate": 0.18527607361963191
        },
        "0.6": {
          "recall_rate": 0.6257668711656442,
          "precision_rate": 0.17914110429447852
        },
        "0.7": {
          "recall_rate": 0.6257668711656442,
          "precision_rate": 0.17300613496932515
        },
        "0.8": {
          "recall_rate": 0.6196319018404908,
          "precision_rate": 0.1705521472392638
        },
        "0.9": {
          "recall_rate": 0.6196319018404908,
          "precision_rate": 0.1521472392638037
        }
      },
      "recall_mean": 0.6209952283571916,
      "precision_mean": 0.18009543285616905,
      "threshold_discrimination": 0.00613496932515345,
      "threshold_summary": {
        "threshold_auc": 0.6209952283571916,
        "slope": 0.0
      },
      "corr_mean": 0.8298929283599927,
      "corr_score": 0.8298929283599927,
      "smoothness_score": 0.9375781417568017,
      "retrieval_score": 0.40709952283571915,
      "plausibility_score": 0.8837355350583972,
      "overall_score": 0.6454175289470582,
      "composite_score": 0.6454175289470582,
      "mrr_mean": 0.5290047716428083,
      "precision_strict": 0.1241990456714383,
      "precision_lift": 0.0,
      "precision_associative": 0.18009543285616905,
      "similarity_recall_rate": 0.6196319018404908,
      "retention_curve": {
        "40": 1.0,
        "80": 1.0,
        "120": 0.75,
        "160": 0.6038961038961039,
        "200": 0.6196319018404908
      },
      "retention_auc": 0.7947056011473189,
      "selectivity_score": 0.06830265848670755,
      "robustness_score": 0.0,
      "eval_v2_score": 0.3815234509866412
    },
    {
      "tick": 200,
      "recall_rate": 0.610062893081761,
      "precision_rate": 0.2050314465408805,
      "activation_recall_correlation": 0.9617538118424483,
      "fact_episode_delta": 0.4812844036697247,
      "forgetting_curve_smoothness": 0.10657806688270222,
      "storage_std": 0.292625631246697,
      "storage_iqr": 0.5142203271756539,
      "storage_gini": 0.5107248869666188,
      "retrieval_std": 0.292625631246697,
      "retrieval_iqr": 0.5142203271756539,
      "retrieval_gini": 0.5107248869666188,
      "activation_std": 0.292625631246697,
      "activation_iqr": 0.5142203271756539,
      "activation_gini": 0.5107248869666188,
      "threshold_metrics": {
        "0.1": {
          "recall_rate": 0.610062893081761,
          "precision_rate": 0.2050314465408805
        },
        "0.2": {
          "recall_rate": 0.610062893081761,
          "precision_rate": 0.2050314465408805
        },
        "0.3": {
          "recall_rate": 0.610062893081761,
          "precision_rate": 0.2050314465408805
        },
        "0.4": {
          "recall_rate": 0.610062893081761,
          "precision_rate": 0.2050314465408805
        },
        "0.5": {
          "recall_rate": 0.610062893081761,
          "precision_rate": 0.19874213836477989
        },
        "0.6": {
          "recall_rate": 0.610062893081761,
          "precision_rate": 0.17735849056603772
        },
        "0.7": {
          "recall_rate": 0.610062893081761,
          "precision_rate": 0.17484276729559747
        },
        "0.8": {
          "recall_rate": 0.6163522012578616,
          "precision_rate": 0.1710691823899371
        },
        "0.9": {
          "recall_rate": 0.6163522012578616,
          "precision_rate": 0.1459119496855346
        }
      },
      "recall_mean": 0.6114605171208946,
      "precision_mean": 0.1875611460517121,
      "threshold_discrimination": 0.0062893081761006275,
      "threshold_summary": {
        "threshold_auc": 0.6114605171208946,
        "slope": 0.0062893081761006275
      },
      "corr_mean": 0.9313852412766993,
      "corr_score": 0.9313852412766993,
      "smoothness_score": 0.0,
      "retrieval_score": 0.3950873515024459,
      "plausibility_score": 0.46569262063834965,
      "overall_score": 0.4303899860703978,
      "composite_score": 0.4303899860703978,
      "mrr_mean": 0.5016771488469601,
      "precision_strict": 0.1222921034241789,
      "precision_lift": 0.0,
      "precision_associative": 0.1875611460517121,
      "similarity_recall_rate": 0.610062893081761,
      "retention_curve": {
        "40": 0.0,
        "80": 1.0,
        "120": 0.7,
        "160": 0.5862068965517241,
        "200": 0.610062893081761
      },
      "retention_auc": 0.579253957926697,
      "selectivity_score": 0.05702306079664571,
      "robustness_score": 0.0,
      "eval_v2_score": 0.28062235234583965
    },
    {
      "tick": 200,
      "recall_rate": 0.55,
      "precision_rate": 0.17888888888888888,
      "activation_recall_correlation": 0.9571919670439317,
      "fact_episode_delta": 0.4123636363636363,
      "forgetting_curve_smoothness": 0.11550238323694499,
      "storage_std": 0.292967523426616,
      "storage_iqr": 0.5142203271756539,
      "storage_gini": 0.5107267487181186,
      "retrieval_std": 0.292967523426616,
      "retrieval_iqr": 0.5142203271756539,
      "retrieval_gini": 0.5107267487181186,
      "activation_std": 0.292967523426616,
      "activation_iqr": 0.5142203271756539,
      "activation_gini": 0.5107267487181186,
      "threshold_metrics": {
        "0.1": {
          "recall_rate": 0.55,
          "precision_rate": 0.17888888888888888
        },
        "0.2": {
          "recall_rate": 0.55,
          "precision_rate": 0.17888888888888888
        },
        "0.3": {
          "recall_rate": 0.55,
          "precision_rate": 0.17888888888888888
        },
        "0.4": {
          "recall_rate": 0.55,
          "precision_rate": 0.17888888888888888
        },
        "0.5": {
          "recall_rate": 0.55,
          "precision_rate": 0.17666666666666667
        },
        "0.6": {
          "recall_rate": 0.55,
          "precision_rate": 0.16444444444444445
        },
        "0.7": {
          "recall_rate": 0.55,
          "precision_rate": 0.16555555555555557
        },
        "0.8": {
          "recall_rate": 0.55,
          "precision_rate": 0.1622222222222222
        },
        "0.9": {
          "recall_rate": 0.55,
          "precision_rate": 0.1388888888888889
        }
      },
      "recall_mean": 0.55,
      "precision_mean": 0.16925925925925925,
      "threshold_discrimination": 0.0,
      "threshold_summary": {
        "threshold_auc": 0.55,
        "slope": 0.0
      },
      "corr_mean": 0.8585975588293391,
      "corr_score": 0.8585975588293391,
      "smoothness_score": 0.0,
      "retrieval_score": 0.3633333333333334,
      "plausibility_score": 0.42929877941466954,
      "overall_score": 0.39631605637400147,
      "composite_score": 0.39631605637400147,
      "mrr_mean": 0.47777777777777786,
      "precision_strict": 0.11,