{
  "fold_scores": [
    {
      "tick": 200,
      "recall_rate": 0.6993865030674846,
      "precision_rate": 0.25030674846625767,
      "activation_recall_correlation": 0.9569668426649305,
      "fact_episode_delta": 0.35386064030131836,
      "forgetting_curve_smoothness": 0.004066764464665097,
      "storage_std": 0.1865249531151164,
      "storage_iqr": 0.289140981674872,
      "storage_gini": 0.2100629080475773,
      "retrieval_std": 0.18645383780171254,
      "retrieval_iqr": 0.289140981674872,
      "retrieval_gini": 0.21001958676191596,
      "activation_std": 0.1865249531151164,
      "activation_iqr": 0.289140981674872,
      "activation_gini": 0.2100629080475773,
      "threshold_metrics": {
        "0.1": {
          "recall_rate": 0.6993865030674846,
          "precision_rate": 0.25030674846625767
        },
        "0.2": {
          "recall_rate": 0.6993865030674846,
          "precision_rate": 0.25030674846625767
        },
        "0.3": {
          "recall_rate": 0.6993865030674846,
          "precision_rate": 0.25030674846625767
        },
        "0.4": {
          "recall_rate": 0.6993865030674846,
          "precision_rate": 0.25153374233128833
        },
        "0.5": {
          "recall_rate": 0.6993865030674846,
          "precision_rate": 0.25153374233128833
        },
        "0.6": {
          "recall_rate": 0.6993865030674846,
          "precision_rate": 0.2049079754601227
        },
        "0.7": {
          "recall_rate": 0.7055214723926381,
          "precision_rate": 0.20368098159509201
        },
        "0.8": {
          "recall_rate": 0.7116564417177914,
          "precision_rate": 0.19141104294478528
        },
        "0.9": {
          "recall_rate": 0.7055214723926381,
          "precision_rate": 0.17177914110429449
        }
      },
      "recall_mean": 0.7021131561008862,
      "precision_mean": 0.22508520790729378,
      "threshold_discrimination": 0.012269938650306789,
      "threshold_summary": {
        "threshold_auc": 0.7021131561008862,
        "slope": 0.00613496932515345
      },
      "corr_mean": 0.8062111471805813,
      "corr_score": 0.8062111471805813,
      "smoothness_score": 0.959332355353349,
      "retrieval_score": 0.455961145194274,
      "plausibility_score": 0.8827717512669652,
      "overall_score": 0.6693664482306196,
      "composite_score": 0.6693664482306196,
      "mrr_mean": 0.5837196091797318,
      "precision_strict": 0.14042263122017726,
      "precision_lift": 2.7755575615628914e-17,
      "precision_associative": 0.22508520790729378,
      "similarity_recall_rate": 0.6993865030674846,
      "retention_curve": {
        "40": 1.0,
        "80": 1.0,
        "120": 0.8125,
        "160": 0.6623376623376623,
        "200": 0.6993865030674846
      },
      "retention_auc": 0.8348448330810294,
      "selectivity_score": 0.05576005453306074,
      "robustness_score": 0.0,
      "eval_v2_score": 0.3951961939730345
    },
    {
      "tick": 200,
      "recall_rate": 0.6477987421383647,
      "precision_rate": 0.24528301886792453,
      "activation_recall_correlation": 0.9204067297375897,
      "fact_episode_delta": 0.2803669724770642,
      "forgetting_curve_smoothness": 0.10777618164277683,
      "storage_std": 0.185801136959044,
      "storage_iqr": 0.289140981674872,
      "storage_gini": 0.20970473300040682,
      "retrieval_std": 0.18568396130351872,
      "retrieval_iqr": 0.289140981674872,
      "retrieval_gini": 0.20963488101248817,
      "activation_std": 0.185801136959044,
      "activation_iqr": 0.289140981674872,
      "activation_gini": 0.20970473300040682,
      "threshold_metrics": {
        "0.1": {
          "recall_rate": 0.6477987421383647,
          "precision_rate": 0.24528301886792453
        },
        "0.2": {
          "recall_rate": 0.6477987421383647,
          "precision_rate": 0.24528301886792453
        },
        "0.3": {
          "recall_rate": 0.6477987421383647,
          "precision_rate": 0.24528301886792453
        },
        "0.4": {
          "recall_rate": 0.6540880503144654,
          "precision_rate": 0.24654088050314465
        },
        "0.5": {
          "recall_rate": 0.6540880503144654,
          "precision_rate": 0.24654088050314465
        },
        "0.6": {
          "recall_rate": 0.660377358490566,
          "precision_rate": 0.20125786163522014
        },
        "0.7": {
          "recall_rate": 0.6855345911949685,
          "precision_rate": 0.20628930817610064
        },
        "0.8": {
          "recall_rate": 0.6855345911949685,
          "precision_rate": 0.189937106918239
        },
        "0.9": {
          "recall_rate": 0.660377358490566,
          "precision_rate": 0.15723270440251572
        }
      },
      "recall_mean": 0.660377358490566,
      "precision_mean": 0.22040531097134872,
      "threshold_discrimination": 0.037735849056603765,
      "threshold_summary": {
        "threshold_auc": 0.660377358490566,
        "slope": 0.012578616352201255
      },
      "corr_mean": 0.8222783853212516,
      "corr_score": 0.8222783853212516,
      "smoothness_score": 0.0,
      "retrieval_score": 0.42237246680642904,
      "plausibility_score": 0.4111391926606258,
      "overall_score": 0.4167558297335274,
      "composite_score": 0.4167558297335274,
      "mrr_mean": 0.5274050780340088,
      "precision_strict": 0.1320754716981132,
      "precision_lift": 0.0,
      "precision_associative": 0.22040531097134872,
      "similarity_recall_rate": 0.6477987421383647,
      "retention_curve": {
        "40": 0.0,
        "80": 1.0,
        "120": 0.7,
        "160": 0.6,
        "200": 0.6477987421383647
      },
      "retention_auc": 0.5895597484276729,
      "selectivity_score": 0.043745632424877695,
      "robustness_score": 0.0,
      "eval_v2_score": 0.28061285814116
    },
    {
      "tick": 200,
      "recall_rate": 0.6,
      "precision_rate": 0.23555555555555555,
      "activation_recall_correlation": 0.9314672449949936,
      "fact_episode_delta": 0.28800000000000003,
      "forgetting_curve_smoothness": 0.1034693259992278,
      "storage_std": 0.1862970711081429,
      "storage_iqr": 0.289140981674872,
      "storage_gini": 0.20999742703543892,
      "retrieval_std": 0.18613265832049872,
      "retrieval_iqr": 0.289140981674872,
      "retrieval_gini": 0.20989789761951783,
      "activation_std": 0.1862970711081429,
      "activation_iqr": 0.289140981674872,
      "activation_gini": 0.20999742703543892,
      "threshold_metrics": {
        "0.1": {
          "recall_rate": 0.6,
          "precision_rate": 0.23444444444444446
        },
        "0.2": {
          "recall_rate": 0.6,
          "precision_rate": 0.23444444444444446
        },
        "0.3": {
          "recall_rate": 0.6,
          "precision_rate": 0.23555555555555555
        },
        "0.4": {
          "recall_rate": 0.6,
          "precision_rate": 0.23777777777777778
        },
        "0.5": {
          "recall_rate": 0.6,
          "precision_rate": 0.23777777777777778
        },
        "0.6": {
          "recall_rate": 0.6166666666666667,
          "precision_rate": 0.19444444444444445
        },
        "0.7": {
          "recall_rate": 0.6222222222222222,
          "precision_rate": 0.1922222222222222
        },
        "0.8": {
          "recall_rate": 0.6277777777777778,
          "precision_rate": 0.19111111111111112
        },
        "0.9": {
          "recall_rate": 0.6,
          "precision_rate": 0.15888888888888889
        }
      },
      "recall_mean": 0.6074074074074074,
      "precision_mean": 0.21296296296296297,
      "threshold_discrimination": 0.02777777777777779,
      "threshold_summary": {
        "threshold_auc": 0.6074074074074074,
        "slope": 0.0
      },
      "corr_mean": 0.8077944623382664,
      "corr_score": 0.8077944623382664,
      "smoothness_score": 0.0,
      "retrieval_score": 0.3968549382716049,
      "plausibility_score": 0.4038972311691332,
      "overall_score": 0.400376084720369,