{
  "fold_scores": [
    {
      "tick": 200,
      "recall_rate": 0.6993865030674846,
      "precision_rate": 0.2723926380368098,
      "activation_recall_correlation": 0.9494086360395034,
      "fact_episode_delta": 0.3231638418079096,
      "forgetting_curve_smoothness": 0.004062920805786242,
      "storage_std": 0.20705706438880025,
      "storage_iqr": 0.299746874601266,
      "storage_gini": 0.2187018751824598,
      "retrieval_std": 0.20705706438880025,
      "retrieval_iqr": 0.299746874601266,
      "retrieval_gini": 0.2187018751824598,
      "activation_std": 0.20705706438880025,
      "activation_iqr": 0.299746874601266,
      "activation_gini": 0.2187018751824598,
      "threshold_metrics": {
        "0.1": {
          "recall_rate": 0.6993865030674846,
          "precision_rate": 0.2723926380368098
        },
        "0.2": {
          "recall_rate": 0.6993865030674846,
          "precision_rate": 0.2723926380368098
        },
        "0.3": {
          "recall_rate": 0.6993865030674846,
          "precision_rate": 0.2723926380368098
        },
        "0.4": {
          "recall_rate": 0.6993865030674846,
          "precision_rate": 0.2723926380368098
        },
        "0.5": {
          "recall_rate": 0.6993865030674846,
          "precision_rate": 0.2723926380368098
        },
        "0.6": {
          "recall_rate": 0.6993865030674846,
          "precision_rate": 0.2723926380368098
        },
        "0.7": {
          "recall_rate": 0.7239263803680982,
          "precision_rate": 0.2871165644171779
        },
        "0.8": {
          "recall_rate": 0.7423312883435583,
          "precision_rate": 0.2184049079754601
        },
        "0.9": {
          "recall_rate": 0.7177914110429447,
          "precision_rate": 0.2
        }
      },
      "recall_mean": 0.7089297886843898,
      "precision_mean": 0.259986366734833,
      "threshold_discrimination": 0.042944785276073705,
      "threshold_summary": {
        "threshold_auc": 0.7089297886843898,
        "slope": 0.018404907975460127
      },
      "corr_mean": 0.8860280700288192,
      "corr_score": 0.8860280700288192,
      "smoothness_score": 0.9593707919421376,
      "retrieval_score": 0.44571915473755963,
      "plausibility_score": 0.9226994309854784,
      "overall_score": 0.684209292861519,
      "composite_score": 0.684209292861519,
      "mrr_mean": 0.5404907975460123,
      "precision_strict": 0.141785957736878,
      "precision_lift": 2.7755575615628914e-17,
      "precision_associative": 0.259986366734833,
      "similarity_recall_rate": 0.6993865030674846,
      "retention_curve": {
        "40": 1.0,
        "80": 1.0,
        "120": 0.8125,
        "160": 0.6623376623376623,
        "200": 0.6993865030674846
      },
      "retention_auc": 0.8348448330810294,
      "selectivity_score": 0.02358554873892299,
      "robustness_score": 0.0,
      "eval_v2_score": 0.3839351169450863
    },
    {
      "tick": 200,
      "recall_rate": 0.6540880503144654,
      "precision_rate": 0.2591194968553459,
      "activation_recall_correlation": 0.9146994284204057,
      "fact_episode_delta": 0.30036697247706423,
      "forgetting_curve_smoothness": 0.10123086546178875,
      "storage_std": 0.20596983763561477,
      "storage_iqr": 0.299746874601266,
      "storage_gini": 0.21803508930798837,
      "retrieval_std": 0.20596983763561477,
      "retrieval_iqr": 0.299746874601266,
      "retrieval_gini": 0.21803508930798837,
      "activation_std": 0.20596983763561477,
      "activation_iqr": 0.299746874601266,
      "activation_gini": 0.21803508930798837,
      "threshold_metrics": {
        "0.1": {
          "recall_rate": 0.6540880503144654,
          "precision_rate": 0.2591194968553459
        },
        "0.2": {
          "recall_rate": 0.6540880503144654,
          "precision_rate": 0.2591194968553459
        },
        "0.3": {
          "recall_rate": 0.6540880503144654,
          "precision_rate": 0.2591194968553459
        },
        "0.4": {
          "recall_rate": 0.6540880503144654,
          "precision_rate": 0.2591194968553459
        },
        "0.5": {
          "recall_rate": 0.6540880503144654,
          "precision_rate": 0.2591194968553459
        },
        "0.6": {
          "recall_rate": 0.6540880503144654,
          "precision_rate": 0.2591194968553459
        },
        "0.7": {
          "recall_rate": 0.6666666666666666,
          "precision_rate": 0.2691823899371069
        },
        "0.8": {
          "recall_rate": 0.710691823899371,
          "precision_rate": 0.21635220125786164
        },
        "0.9": {
          "recall_rate": 0.6792452830188679,
          "precision_rate": 0.18867924528301888
        }
      },
      "recall_mean": 0.6645702306079664,
      "precision_mean": 0.24765897973445142,
      "threshold_discrimination": 0.05660377358490565,
      "threshold_summary": {
        "threshold_auc": 0.6645702306079664,
        "slope": 0.02515723270440251
      },
      "corr_mean": 0.8537712831703002,
      "corr_score": 0.8537712831703002,
      "smoothness_score": 0.0,
      "retrieval_score": 0.4152969951083158,
      "plausibility_score": 0.4268856415851501,
      "overall_score": 0.42109131834673297,
      "composite_score": 0.42109131834673297,
      "mrr_mean": 0.4982296762170976,
      "precision_strict": 0.1329140461215933,
      "precision_lift": 2.7755575615628914e-17,
      "precision_associative": 0.24765897973445142,
      "similarity_recall_rate": 0.6540880503144654,
      "retention_curve": {
        "40": 0.0,
        "80": 1.0,
        "120": 0.8,
        "160": 0.6344827586206897,
        "200": 0.6540880503144654
      },
      "retention_auc": 0.617714161787031,
      "selectivity_score": 0.01816911250873518,
      "robustness_score": 0.0,
      "eval_v2_score": 0.28433056218222125
    },
    {
      "tick": 200,
      "recall_rate": 0.6111111111111112,
      "precision_rate": 0.26555555555555554,
      "activation_recall_correlation": 0.9203665586158633,
      "fact_episode_delta": 0.19345454545454543,
      "forgetting_curve_smoothness": 0.1084705451219854,
      "storage_std": 0.20639585978926114,
      "storage_iqr": 0.299746874601266,
      "storage_gini": 0.21833201356997173,
      "retrieval_std": 0.20636267360005275,
      "retrieval_iqr": 0.299746874601266,
      "retrieval_gini": 0.21831030645154273,
      "activation_std": 0.20639585978926114,
      "activation_iqr": 0.299746874601266,
      "activation_gini": 0.21833201356997173,
      "threshold_metrics": {
        "0.1": {
          "recall_rate": 0.6111111111111112,
          "precision_rate": 0.26555555555555554
        },
        "0.2": {
          "recall_rate": 0.6111111111111112,
          "precision_rate": 0.26555555555555554
        },
        "0.3": {
          "recall_rate": 0.6111111111111112,
          "precision_rate": 0.26555555555555554
        },
        "0.4": {
          "recall_rate": 0.6111111111111112,
          "precision_rate": 0.26555555555555554
        },
        "0.5": {
          "recall_rate": 0.6111111111111112,
          "precision_rate": 0.26555555555555554
        },
        "0.6": {
          "recall_rate": 0.6166666666666667,
          "precision_rate": 0.26666666666666666
        },
        "0.7": {
          "recall_rate": 0.6277777777777778,
          "precision_rate": 0.2733333333333333
        },
        "0.8": {
          "recall_rate": 0.65,
          "precision_rate": 0.20555555555555555
        },
        "0.9": {
          "recall_rate": 0.6388888888888888,
          "precision_rate": 0.19444444444444445
        }
      },
      "recall_mean": 0.6209876543209876,
      "precision_mean": 0.2519753086419753,
      "threshold_discrimination": 0.03888888888888886,
      "threshold_summary": {
        "threshold_auc": 0.6209876543209876,
        "slope": 0.02777777777777768
      },
      "corr_mean": 0.893269723177322,
      "corr_score": 0.893269723177322,
      "smoothness_score": 0.0,