{
  "fold_scores": [
    {
      "tick": 200,
      "recall_rate": 0.6687116564417178,
      "precision_rate": 0.2233128834355828,
      "activation_recall_correlation": 0.9810215424989776,
      "fact_episode_delta": 0.4269303201506591,
      "forgetting_curve_smoothness": 0.002400215340458141,
      "storage_std": 0.2032436059175051,
      "storage_iqr": 0.15345733117966365,
      "storage_gini": 0.33807648640347454,
      "retrieval_std": 0.2016294102081311,
      "retrieval_iqr": 0.15345733117966365,
      "retrieval_gini": 0.33703038336879443,
      "activation_std": 0.2032436059175051,
      "activation_iqr": 0.15345733117966365,
      "activation_gini": 0.33807648640347454,
      "threshold_metrics": {
        "0.1": {
          "recall_rate": 0.6687116564417178,
          "precision_rate": 0.2233128834355828
        },
        "0.2": {
          "recall_rate": 0.6687116564417178,
          "precision_rate": 0.2233128834355828
        },
        "0.3": {
          "recall_rate": 0.6687116564417178,
          "precision_rate": 0.2233128834355828
        },
        "0.4": {
          "recall_rate": 0.6687116564417178,
          "precision_rate": 0.2233128834355828
        },
        "0.5": {
          "recall_rate": 0.6687116564417178,
          "precision_rate": 0.2233128834355828
        },
        "0.6": {
          "recall_rate": 0.6687116564417178,
          "precision_rate": 0.2196319018404908
        },
        "0.7": {
          "recall_rate": 0.6687116564417178,
          "precision_rate": 0.18895705521472392
        },
        "0.8": {
          "recall_rate": 0.656441717791411,
          "precision_rate": 0.16319018404907976
        },
        "0.9": {
          "recall_rate": 0.656441717791411,
          "precision_rate": 0.15460122699386503
        }
      },
      "recall_mean": 0.6659850034083163,
      "precision_mean": 0.20477164280845261,
      "threshold_discrimination": 0.012269938650306789,
      "threshold_summary": {
        "threshold_auc": 0.6659850034083163,
        "slope": -0.012269938650306789
      },
      "corr_mean": 0.8622610050918708,
      "corr_score": 0.8622610050918708,
      "smoothness_score": 0.9759978465954186,
      "retrieval_score": 0.6225749829584186,
      "forgetting_score": 0.7290676036306598,
      "non_target_mean_storage": 0.2709323963693402,
      "plausibility_score": 0.8622610050918708,
      "overall_score": 0.7197689057270661,
      "composite_score": 0.7197689057270661,
      "mrr_mean": 0.5695182912974325,
      "precision_strict": 0.13319700068166326,
      "precision_lift": 0.0,
      "precision_associative": 0.20477164280845261,
      "similarity_recall_rate": 0.656441717791411,
      "retention_curve": {
        "40": 1.0,
        "80": 1.0,
        "120": 0.875,
        "160": 0.6948051948051948,
        "200": 0.6687116564417178
      },
      "retention_auc": 0.8477033702493826,
      "selectivity_score": 0.06162235855487391,
      "robustness_score": 0.0,
      "_fold_idx": 0,
      "_fold_duration_seconds": 77.05
    },
    {
      "tick": 200,
      "recall_rate": 0.6666666666666666,
      "precision_rate": 0.24276729559748428,
      "activation_recall_correlation": 0.9734841165461696,
      "fact_episode_delta": 0.42788990825688067,
      "forgetting_curve_smoothness": 0.10587633860217807,
      "storage_std": 0.20256176339465148,
      "storage_iqr": 0.15345733117966365,
      "storage_gini": 0.33755366551008925,
      "retrieval_std": 0.20108900299017915,
      "retrieval_iqr": 0.15345733117966365,
      "retrieval_gini": 0.3366039404296396,
      "activation_std": 0.20256176339465148,
      "activation_iqr": 0.15345733117966365,
      "activation_gini": 0.33755366551008925,
      "threshold_metrics": {
        "0.1": {
          "recall_rate": 0.6666666666666666,
          "precision_rate": 0.24276729559748428
        },
        "0.2": {
          "recall_rate": 0.6666666666666666,
          "precision_rate": 0.24276729559748428
        },
        "0.3": {
          "recall_rate": 0.6666666666666666,
          "precision_rate": 0.24276729559748428
        },
        "0.4": {
          "recall_rate": 0.6666666666666666,
          "precision_rate": 0.24276729559748428
        },
        "0.5": {
          "recall_rate": 0.6666666666666666,
          "precision_rate": 0.24276729559748428
        },
        "0.6": {
          "recall_rate": 0.6666666666666666,
          "precision_rate": 0.23647798742138365
        },
        "0.7": {
          "recall_rate": 0.6666666666666666,
          "precision_rate": 0.19371069182389938
        },
        "0.8": {
          "recall_rate": 0.660377358490566,
          "precision_rate": 0.1610062893081761
        },
        "0.9": {
          "recall_rate": 0.6540880503144654,
          "precision_rate": 0.15220125786163521
        }
      },
      "recall_mean": 0.6645702306079664,
      "precision_mean": 0.2174703004891684,
      "threshold_discrimination": 0.012578616352201255,
      "threshold_summary": {
        "threshold_auc": 0.6645702306079664,
        "slope": -0.012578616352201255
      },
      "corr_mean": 0.8301433474751713,
      "corr_score": 0.8301433474751713,
      "smoothness_score": 0.0,
      "retrieval_score": 0.6163155136268343,
      "forgetting_score": 0.7293090951619162,
      "non_target_mean_storage": 0.2706909048380838,
      "plausibility_score": 0.8301433474751713,
      "overall_score": 0.7093202256261972,
      "composite_score": 0.7093202256261972,
      "mrr_mean": 0.5573375262054507,
      "precision_strict": 0.1329140461215933,
      "precision_lift": 2.7755575615628914e-17,
      "precision_associative": 0.2174703004891684,
      "similarity_recall_rate": 0.6540880503144654,
      "retention_curve": {
        "40": 0.0,
        "80": 1.0,
        "120": 0.7,
        "160": 0.6620689655172414,
        "200": 0.6666666666666666
      },
      "retention_auc": 0.6057471264367815,
      "selectivity_score": 0.04835779175401819,
      "robustness_score": 0.0,
      "_fold_idx": 1,
      "_fold_duration_seconds": 76.58
    },
    {
      "tick": 200,
      "recall_rate": 0.6277777777777778,
      "precision_rate": 0.23333333333333334,
      "activation_recall_correlation": 0.9691762889858475,
      "fact_episode_delta": 0.35272727272727267,
      "forgetting_curve_smoothness": 0.11029456791768677,
      "storage_std": 0.20376911507476012,
      "storage_iqr": 0.15345733117966365,
      "storage_gini": 0.3385170943110005,
      "retrieval_std": 0.2019941697483167,
      "retrieval_iqr": 0.15345733117966365,
      "retrieval_gini": 0.3373655998354701,
      "activation_std": 0.20376911507476012,
      "activation_iqr": 0.15345733117966365,
      "activation_gini": 0.3385170943110005,
      "threshold_metrics": {
        "0.1": {
          "recall_rate": 0.6277777777777778,
          "precision_rate": 0.23333333333333334
        },
        "0.2": {
          "recall_rate": 0.6277777777777778,
          "precision_rate": 0.23333333333333334
        },
        "0.3": {
          "recall_rate": 0.6277777777777778,
          "precision_rate": 0.23333333333333334
        },
        "0.4": {
          "recall_rate": 0.6277777777777778,
          "precision_rate": 0.23333333333333334
        },
        "0.5": {
          "recall_rate": 0.6277777777777778,
          "precision_rate": 0.23333333333333334
        },
        "0.6": {
          "recall_rate": 0.6277777777777778,
          "precision_rate": 0.22444444444444445
        },
        "0.7": {
          "recall_rate": 0.6333333333333333,
          "precision_rate": 0.19555555555555557
        },
        "0.8": {
          "recall_rate": 0.6166666666666667,
          "precision_rate": 0.16666666666666666
        },
        "0.9": {
          "recall_rate": 0.6166666666666667,
          "precision_rate": 0.15888888888888889
        }
      },
      "recall_mean": 0.6259259259259259,
      "precision_mean": 0.21246913580246915,