{
  "fold_scores": [
    {
      "tick": 200,
      "recall_rate": 0.6871165644171779,
      "precision_rate": 0.2723926380368098,
      "activation_recall_correlation": 0.9491446241664755,
      "fact_episode_delta": 0.3401129943502825,
      "forgetting_curve_smoothness": 0.003949818556085562,
      "storage_std": 0.20884707715549808,
      "storage_iqr": 0.3021419266168167,
      "storage_gini": 0.2131745138915026,
      "retrieval_std": 0.20884439413391834,
      "retrieval_iqr": 0.3021419266168167,
      "retrieval_gini": 0.2131728257660235,
      "activation_std": 0.20884707715549808,
      "activation_iqr": 0.3021419266168167,
      "activation_gini": 0.2131745138915026,
      "threshold_metrics": {
        "0.1": {
          "recall_rate": 0.6871165644171779,
          "precision_rate": 0.2723926380368098
        },
        "0.2": {
          "recall_rate": 0.6871165644171779,
          "precision_rate": 0.2723926380368098
        },
        "0.3": {
          "recall_rate": 0.6871165644171779,
          "precision_rate": 0.2723926380368098
        },
        "0.4": {
          "recall_rate": 0.6932515337423313,
          "precision_rate": 0.27361963190184047
        },
        "0.5": {
          "recall_rate": 0.6932515337423313,
          "precision_rate": 0.27361963190184047
        },
        "0.6": {
          "recall_rate": 0.6993865030674846,
          "precision_rate": 0.27607361963190186
        },
        "0.7": {
          "recall_rate": 0.7116564417177914,
          "precision_rate": 0.2809815950920245
        },
        "0.8": {
          "recall_rate": 0.7177914110429447,
          "precision_rate": 0.25766871165644173
        },
        "0.9": {
          "recall_rate": 0.7055214723926381,
          "precision_rate": 0.1950920245398773
        }
      },
      "recall_mean": 0.6980231765507838,
      "precision_mean": 0.2638036809815951,
      "threshold_discrimination": 0.030674846625766805,
      "threshold_summary": {
        "threshold_auc": 0.6980231765507838,
        "slope": 0.018404907975460127
      },
      "corr_mean": 0.9085552837826513,
      "corr_score": 0.9085552837826513,
      "smoothness_score": 0.9605018144391444,
      "retrieval_score": 0.4334014996591683,
      "plausibility_score": 0.9345285491108979,
      "overall_score": 0.683965024385033,
      "composite_score": 0.683965024385033,
      "mrr_mean": 0.5139740967961827,
      "precision_strict": 0.13960463531015682,
      "precision_lift": 5.551115123125783e-17,
      "precision_associative": 0.2638036809815951,
      "similarity_recall_rate": 0.6871165644171779,
      "retention_curve": {
        "40": 1.0,
        "80": 1.0,
        "120": 0.8125,
        "160": 0.6623376623376623,
        "200": 0.6871165644171779
      },
      "retention_auc": 0.8323908453509681,
      "selectivity_score": 0.01540558963871852,
      "robustness_score": 0.0,
      "eval_v2_score": 0.37996783678148716
    },
    {
      "tick": 200,
      "recall_rate": 0.6415094339622641,
      "precision_rate": 0.2628930817610063,
      "activation_recall_correlation": 0.9104879237467924,
      "fact_episode_delta": 0.28954128440366966,
      "forgetting_curve_smoothness": 0.10128731661887196,
      "storage_std": 0.2084281612123158,
      "storage_iqr": 0.3021419266168167,
      "storage_gini": 0.21300222350710907,
      "retrieval_std": 0.20841410059347723,
      "retrieval_iqr": 0.3021419266168167,
      "retrieval_gini": 0.21299312607892149,
      "activation_std": 0.2084281612123158,
      "activation_iqr": 0.3021419266168167,
      "activation_gini": 0.21300222350710907,
      "threshold_metrics": {
        "0.1": {
          "recall_rate": 0.6415094339622641,
          "precision_rate": 0.2628930817610063
        },
        "0.2": {
          "recall_rate": 0.6415094339622641,
          "precision_rate": 0.2628930817610063
        },
        "0.3": {
          "recall_rate": 0.6415094339622641,
          "precision_rate": 0.2628930817610063
        },
        "0.4": {
          "recall_rate": 0.6415094339622641,
          "precision_rate": 0.2641509433962264
        },
        "0.5": {
          "recall_rate": 0.6415094339622641,
          "precision_rate": 0.2641509433962264
        },
        "0.6": {
          "recall_rate": 0.6415094339622641,
          "precision_rate": 0.2641509433962264
        },
        "0.7": {
          "recall_rate": 0.660377358490566,
          "precision_rate": 0.27672955974842767
        },
        "0.8": {
          "recall_rate": 0.6855345911949685,
          "precision_rate": 0.2641509433962264
        },
        "0.9": {
          "recall_rate": 0.6792452830188679,
          "precision_rate": 0.19622641509433963
        }
      },
      "recall_mean": 0.6526904262753319,
      "precision_mean": 0.25758211041229906,
      "threshold_discrimination": 0.04402515723270439,
      "threshold_summary": {
        "threshold_auc": 0.6526904262753319,
        "slope": 0.037735849056603765
      },
      "corr_mean": 0.8757874614172118,
      "corr_score": 0.8757874614172118,
      "smoothness_score": 0.0,
      "retrieval_score": 0.404601677148847,
      "plausibility_score": 0.4378937307086059,
      "overall_score": 0.42124770392872646,
      "composite_score": 0.42124770392872646,
      "mrr_mean": 0.47841835546238065,
      "precision_strict": 0.13053808525506638,
      "precision_lift": 0.0,
      "precision_associative": 0.25758211041229906,
      "similarity_recall_rate": 0.6415094339622641,
      "retention_curve": {
        "40": 0.0,
        "80": 1.0,
        "120": 0.8,
        "160": 0.6344827586206897,
        "200": 0.6415094339622641
      },
      "retention_auc": 0.6151984385165907,
      "selectivity_score": 0.0034940600978337066,
      "robustness_score": 0.0,
      "eval_v2_score": 0.27806221836670764
    },
    {
      "tick": 200,
      "recall_rate": 0.6055555555555555,
      "precision_rate": 0.26666666666666666,
      "activation_recall_correlation": 0.9097282278925106,
      "fact_episode_delta": 0.20145454545454544,
      "forgetting_curve_smoothness": 0.11010393537014025,
      "storage_std": 0.20869718911454097,
      "storage_iqr": 0.3021419266168167,
      "storage_gini": 0.21319500713428713,
      "retrieval_std": 0.20868245484423462,
      "retrieval_iqr": 0.3021419266168167,
      "retrieval_gini": 0.21318548582893265,
      "activation_std": 0.20869718911454097,
      "activation_iqr": 0.3021419266168167,
      "activation_gini": 0.21319500713428713,
      "threshold_metrics": {
        "0.1": {
          "recall_rate": 0.6055555555555555,
          "precision_rate": 0.26666666666666666
        },
        "0.2": {
          "recall_rate": 0.6055555555555555,
          "precision_rate": 0.26666666666666666
        },
        "0.3": {
          "recall_rate": 0.6055555555555555,
          "precision_rate": 0.26666666666666666
        },
        "0.4": {
          "recall_rate": 0.6055555555555555,
          "precision_rate": 0.26666666666666666
        },
        "0.5": {
          "recall_rate": 0.6055555555555555,
          "precision_rate": 0.26666666666666666
        },
        "0.6": {
          "recall_rate": 0.6055555555555555,
          "precision_rate": 0.26666666666666666
        },
        "0.7": {
          "recall_rate": 0.6333333333333333,
          "precision_rate": 0.2788888888888889
        },
        "0.8": {
          "recall_rate": 0.65,
          "precision_rate": 0.2588888888888889
        },
        "0.9": {
          "recall_rate": 0.6388888888888888,
          "precision_rate": 0.19777777777777777
        }
      },
      "recall_mean": 0.6172839506172839,
      "precision_mean": 0.25950617283950617,
      "threshold_discrimination": 0.04444444444444451,
      "threshold_summary": {
        "threshold_auc": 0.6172839506172839,
        "slope": 0.033333333333333326
      },
      "corr_mean": 0.887568165149088,
      "corr_score": 0.887568165149088,
      "smoothness_score": 0.0,