{
  "fold_scores": [
    {
      "tick": 200,
      "recall_rate": 0.6871165644171779,
      "precision_rate": 0.26993865030674846,
      "activation_recall_correlation": 0.9419502116277015,
      "fact_episode_delta": 0.3401129943502825,
      "forgetting_curve_smoothness": 0.003888558567339908,
      "storage_std": 0.20721766103007155,
      "storage_iqr": 0.299746874601266,
      "storage_gini": 0.21885992265073942,
      "retrieval_std": 0.20721766103007155,
      "retrieval_iqr": 0.299746874601266,
      "retrieval_gini": 0.21885992265073942,
      "activation_std": 0.20721766103007155,
      "activation_iqr": 0.299746874601266,
      "activation_gini": 0.21885992265073942,
      "threshold_metrics": {
        "0.1": {
          "recall_rate": 0.6871165644171779,
          "precision_rate": 0.26993865030674846
        },
        "0.2": {
          "recall_rate": 0.6871165644171779,
          "precision_rate": 0.26993865030674846
        },
        "0.3": {
          "recall_rate": 0.6871165644171779,
          "precision_rate": 0.26993865030674846
        },
        "0.4": {
          "recall_rate": 0.6871165644171779,
          "precision_rate": 0.26993865030674846
        },
        "0.5": {
          "recall_rate": 0.6871165644171779,
          "precision_rate": 0.26993865030674846
        },
        "0.6": {
          "recall_rate": 0.6871165644171779,
          "precision_rate": 0.26993865030674846
        },
        "0.7": {
          "recall_rate": 0.7116564417177914,
          "precision_rate": 0.2822085889570552
        },
        "0.8": {
          "recall_rate": 0.7300613496932515,
          "precision_rate": 0.22208588957055214
        },
        "0.9": {
          "recall_rate": 0.7116564417177914,
          "precision_rate": 0.20122699386503068
        }
      },
      "recall_mean": 0.6973415132924337,
      "precision_mean": 0.25835037491479207,
      "threshold_discrimination": 0.042944785276073594,
      "threshold_summary": {
        "threshold_auc": 0.6973415132924337,
        "slope": 0.024539877300613466
      },
      "corr_mean": 0.8674130625586552,
      "corr_score": 0.8674130625586552,
      "smoothness_score": 0.9611144143266009,
      "retrieval_score": 0.43684730743012956,
      "plausibility_score": 0.9142637384426281,
      "overall_score": 0.6755555229363788,
      "composite_score": 0.6755555229363788,
      "mrr_mean": 0.5263690070438537,
      "precision_strict": 0.13946830265848675,
      "precision_lift": 2.7755575615628914e-17,
      "precision_associative": 0.25835037491479207,
      "similarity_recall_rate": 0.6871165644171779,
      "retention_curve": {
        "40": 1.0,
        "80": 1.0,
        "120": 0.8125,
        "160": 0.6688311688311688,
        "200": 0.6871165644171779
      },
      "retention_auc": 0.8336895466496692,
      "selectivity_score": 0.020586230402181438,
      "robustness_score": 0.0,
      "eval_v2_score": 0.38236547663311465
    },
    {
      "tick": 200,
      "recall_rate": 0.6540880503144654,
      "precision_rate": 0.2591194968553459,
      "activation_recall_correlation": 0.9302375092605553,
      "fact_episode_delta": 0.30036697247706423,
      "forgetting_curve_smoothness": 0.10120363112576333,
      "storage_std": 0.20606522767446914,
      "storage_iqr": 0.299746874601266,
      "storage_gini": 0.21810587714469634,
      "retrieval_std": 0.20606522767446914,
      "retrieval_iqr": 0.299746874601266,
      "retrieval_gini": 0.21810587714469634,
      "activation_std": 0.20606522767446914,
      "activation_iqr": 0.299746874601266,
      "activation_gini": 0.21810587714469634,
      "threshold_metrics": {
        "0.1": {
          "recall_rate": 0.6540880503144654,
          "precision_rate": 0.2591194968553459
        },
        "0.2": {
          "recall_rate": 0.6540880503144654,
          "precision_rate": 0.2591194968553459
        },
        "0.3": {
          "recall_rate": 0.6540880503144654,
          "precision_rate": 0.2591194968553459
        },
        "0.4": {
          "recall_rate": 0.6540880503144654,
          "precision_rate": 0.2591194968553459
        },
        "0.5": {
          "recall_rate": 0.6540880503144654,
          "precision_rate": 0.2591194968553459
        },
        "0.6": {
          "recall_rate": 0.6540880503144654,
          "precision_rate": 0.2591194968553459
        },
        "0.7": {
          "recall_rate": 0.6666666666666666,
          "precision_rate": 0.2691823899371069
        },
        "0.8": {
          "recall_rate": 0.7044025157232704,
          "precision_rate": 0.22012578616352202
        },
        "0.9": {
          "recall_rate": 0.6792452830188679,
          "precision_rate": 0.19371069182389938
        }
      },
      "recall_mean": 0.6638714185883997,
      "precision_mean": 0.24863731656184487,
      "threshold_discrimination": 0.05031446540880502,
      "threshold_summary": {
        "threshold_auc": 0.6638714185883997,
        "slope": 0.02515723270440251
      },
      "corr_mean": 0.8701304958425026,
      "corr_score": 0.8701304958425026,
      "smoothness_score": 0.0,
      "retrieval_score": 0.4145108315863033,
      "plausibility_score": 0.4350652479212513,
      "overall_score": 0.4247880397537773,
      "composite_score": 0.4247880397537773,
      "mrr_mean": 0.4965408805031447,
      "precision_strict": 0.13277428371767994,
      "precision_lift": 0.0,
      "precision_associative": 0.24863731656184487,
      "similarity_recall_rate": 0.6540880503144654,
      "retention_curve": {
        "40": 0.0,
        "80": 1.0,
        "120": 0.8,
        "160": 0.6344827586206897,
        "200": 0.6540880503144654
      },
      "retention_auc": 0.617714161787031,
      "selectivity_score": 0.016911250873515,
      "robustness_score": 0.0,
      "eval_v2_score": 0.2838903106098942
    },
    {
      "tick": 200,
      "recall_rate": 0.6222222222222222,
      "precision_rate": 0.27444444444444444,
      "activation_recall_correlation": 0.8951973125649364,
      "fact_episode_delta": 0.17745454545454553,
      "forgetting_curve_smoothness": 0.10310654824566526,
      "storage_std": 0.20705970031623105,
      "storage_iqr": 0.299746874601266,
      "storage_gini": 0.21884100780861235,
      "retrieval_std": 0.20699429124755542,
      "retrieval_iqr": 0.299746874601266,
      "retrieval_gini": 0.21879819948270188,
      "activation_std": 0.20705970031623105,
      "activation_iqr": 0.299746874601266,
      "activation_gini": 0.21884100780861235,
      "threshold_metrics": {
        "0.1": {
          "recall_rate": 0.6222222222222222,
          "precision_rate": 0.27444444444444444
        },
        "0.2": {
          "recall_rate": 0.6222222222222222,
          "precision_rate": 0.27444444444444444
        },
        "0.3": {
          "recall_rate": 0.6222222222222222,
          "precision_rate": 0.27444444444444444
        },
        "0.4": {
          "recall_rate": 0.6222222222222222,
          "precision_rate": 0.27444444444444444
        },
        "0.5": {
          "recall_rate": 0.6222222222222222,
          "precision_rate": 0.27444444444444444
        },
        "0.6": {
          "recall_rate": 0.6277777777777778,
          "precision_rate": 0.27555555555555555
        },
        "0.7": {
          "recall_rate": 0.6388888888888888,
          "precision_rate": 0.2811111111111111
        },
        "0.8": {
          "recall_rate": 0.6555555555555556,
          "precision_rate": 0.22777777777777777
        },
        "0.9": {
          "recall_rate": 0.6611111111111111,
          "precision_rate": 0.21777777777777776
        }
      },
      "recall_mean": 0.6327160493827161,
      "precision_mean": 0.2638271604938271,
      "threshold_discrimination": 0.03888888888888886,
      "threshold_summary": {
        "threshold_auc": 0.6327160493827161,
        "slope": 0.03888888888888886
      },
      "corr_mean": 0.8709907638114418,
      "corr_score": 0.8709907638114418,