{
  "fold_scores": [
    {
      "tick": 200,
      "recall_rate": 0.6687116564417178,
      "precision_rate": 0.21595092024539878,
      "activation_recall_correlation": 0.9728982649953102,
      "fact_episode_delta": 0.4269303201506591,
      "forgetting_curve_smoothness": 0.0032270603644047754,
      "storage_std": 0.20142474264957058,
      "storage_iqr": 0.21250017675772861,
      "storage_gini": 0.2696212063150535,
      "retrieval_std": 0.20139931605367092,
      "retrieval_iqr": 0.21250017675772861,
      "retrieval_gini": 0.26960554275834114,
      "activation_std": 0.20142474264957058,
      "activation_iqr": 0.21250017675772861,
      "activation_gini": 0.2696212063150535,
      "threshold_metrics": {
        "0.1": {
          "recall_rate": 0.6687116564417178,
          "precision_rate": 0.21595092024539878
        },
        "0.2": {
          "recall_rate": 0.6687116564417178,
          "precision_rate": 0.21595092024539878
        },
        "0.3": {
          "recall_rate": 0.6687116564417178,
          "precision_rate": 0.21595092024539878
        },
        "0.4": {
          "recall_rate": 0.6687116564417178,
          "precision_rate": 0.21595092024539878
        },
        "0.5": {
          "recall_rate": 0.6687116564417178,
          "precision_rate": 0.21595092024539878
        },
        "0.6": {
          "recall_rate": 0.6687116564417178,
          "precision_rate": 0.21595092024539878
        },
        "0.7": {
          "recall_rate": 0.6687116564417178,
          "precision_rate": 0.19141104294478528
        },
        "0.8": {
          "recall_rate": 0.6687116564417178,
          "precision_rate": 0.18282208588957055
        },
        "0.9": {
          "recall_rate": 0.6625766871165644,
          "precision_rate": 0.1619631901840491
        }
      },
      "recall_mean": 0.6680299931833674,
      "precision_mean": 0.20354464894342195,
      "threshold_discrimination": 0.00613496932515345,
      "threshold_summary": {
        "threshold_auc": 0.6680299931833674,
        "slope": -0.00613496932515345
      },
      "corr_mean": 0.9234789809319304,
      "corr_score": 0.9234789809319304,
      "smoothness_score": 0.9677293963559522,
      "retrieval_score": 0.6220944103612815,
      "forgetting_score": 0.6313039619839016,
      "non_target_mean_storage": 0.36869603801609835,
      "plausibility_score": 0.9234789809319304,
      "overall_score": 0.7006638960718607,
      "composite_score": 0.7006638960718607,
      "mrr_mean": 0.5659509202453987,
      "precision_strict": 0.1336059986366735,
      "precision_lift": 0.0,
      "precision_associative": 0.20354464894342195,
      "similarity_recall_rate": 0.6687116564417178,
      "retention_curve": {
        "40": 1.0,
        "80": 1.0,
        "120": 0.8125,
        "160": 0.6948051948051948,
        "200": 0.6687116564417178
      },
      "retention_auc": 0.8352033702493825,
      "selectivity_score": 0.06366734832992504,
      "robustness_score": 0.0
    },
    {
      "tick": 200,
      "recall_rate": 0.6729559748427673,
      "precision_rate": 0.23522012578616353,
      "activation_recall_correlation": 0.9639014166436265,
      "fact_episode_delta": 0.38954128440366964,
      "forgetting_curve_smoothness": 0.09918580968583526,
      "storage_std": 0.20077984513770278,
      "storage_iqr": 0.21250017675772861,
      "storage_gini": 0.2691790219762217,
      "retrieval_std": 0.20077984513770278,
      "retrieval_iqr": 0.21250017675772861,
      "retrieval_gini": 0.2691790219762217,
      "activation_std": 0.20077984513770278,
      "activation_iqr": 0.21250017675772861,
      "activation_gini": 0.2691790219762217,
      "threshold_metrics": {
        "0.1": {
          "recall_rate": 0.6729559748427673,
          "precision_rate": 0.23522012578616353
        },
        "0.2": {
          "recall_rate": 0.6729559748427673,
          "precision_rate": 0.23522012578616353
        },
        "0.3": {
          "recall_rate": 0.6729559748427673,
          "precision_rate": 0.23522012578616353
        },
        "0.4": {
          "recall_rate": 0.6729559748427673,
          "precision_rate": 0.23522012578616353
        },
        "0.5": {
          "recall_rate": 0.6729559748427673,
          "precision_rate": 0.23522012578616353
        },
        "0.6": {
          "recall_rate": 0.6729559748427673,
          "precision_rate": 0.23522012578616353
        },
        "0.7": {
          "recall_rate": 0.6729559748427673,
          "precision_rate": 0.19748427672955976
        },
        "0.8": {
          "recall_rate": 0.6729559748427673,
          "precision_rate": 0.189937106918239
        },
        "0.9": {
          "recall_rate": 0.6855345911949685,
          "precision_rate": 0.16226415094339622
        }
      },
      "recall_mean": 0.6743535988819007,
      "precision_mean": 0.21788958770090847,
      "threshold_discrimination": 0.012578616352201255,
      "threshold_summary": {
        "threshold_auc": 0.6743535988819007,
        "slope": 0.012578616352201255
      },
      "corr_mean": 0.8886017480906789,
      "corr_score": 0.8886017480906789,
      "smoothness_score": 0.008141903141647422,
      "retrieval_score": 0.6290286512928023,
      "forgetting_score": 0.6317161074193035,
      "non_target_mean_storage": 0.3682838925806965,
      "plausibility_score": 0.8886017480906789,
      "overall_score": 0.6948625351365469,
      "composite_score": 0.6948625351365469,
      "mrr_mean": 0.5736314931283485,
      "precision_strict": 0.13487071977638015,
      "precision_lift": 0.0,
      "precision_associative": 0.21788958770090847,
      "similarity_recall_rate": 0.6729559748427673,
      "retention_curve": {
        "40": 0.0,
        "80": 1.0,
        "120": 0.9,
        "160": 0.6758620689655173,
        "200": 0.6729559748427673
      },
      "retention_auc": 0.649763608761657,
      "selectivity_score": 0.05185185185185184,
      "robustness_score": 0.0
    },
    {
      "tick": 200,
      "recall_rate": 0.6333333333333333,
      "precision_rate": 0.21777777777777776,
      "activation_recall_correlation": 0.9764020492909776,
      "fact_episode_delta": 0.34472727272727266,
      "forgetting_curve_smoothness": 0.10240993661892939,
      "storage_std": 0.20191771555576862,
      "storage_iqr": 0.21250017675772861,
      "storage_gini": 0.2700573687389095,
      "retrieval_std": 0.20187437988860482,
      "retrieval_iqr": 0.21250017675772861,
      "retrieval_gini": 0.27003106797290666,
      "activation_std": 0.20191771555576862,
      "activation_iqr": 0.21250017675772861,
      "activation_gini": 0.2700573687389095,
      "threshold_metrics": {
        "0.1": {
          "recall_rate": 0.6333333333333333,
          "precision_rate": 0.21777777777777776
        },
        "0.2": {
          "recall_rate": 0.6333333333333333,
          "precision_rate": 0.21777777777777776
        },
        "0.3": {
          "recall_rate": 0.6333333333333333,
          "precision_rate": 0.21777777777777776
        },
        "0.4": {
          "recall_rate": 0.6333333333333333,
          "precision_rate": 0.21777777777777776
        },
        "0.5": {
          "recall_rate": 0.6333333333333333,
          "precision_rate": 0.21777777777777776
        },
        "0.6": {
          "recall_rate": 0.6333333333333333,
          "precision_rate": 0.21777777777777776
        },
        "0.7": {
          "recall_rate": 0.6388888888888888,
          "precision_rate": 0.1988888888888889
        },
        "0.8": {
          "recall_rate": 0.6333333333333333,
          "precision_rate": 0.19444444444444445
        },
        "0.9": {
          "recall_rate": 0.6333333333333333,
          "precision_rate": 0.16777777777777778
        }
      },
      "recall_mean": 0.6339506172839506,
      "precision_mean": 0.20753086419753083,
      "threshold_discrimination": 0.005555555555555536,
      "threshold_summary": {
        "threshold_auc": 0.6339506172839506,