{
  "fold_scores": [
    {
      "tick": 200,
      "recall_rate": 0.6134969325153374,
      "precision_rate": 0.2049079754601227,
      "activation_recall_correlation": 0.9774020423189683,
      "fact_episode_delta": 0.4725047080979285,
      "forgetting_curve_smoothness": 0.003974381930558971,
      "storage_std": 0.29360209201516707,
      "storage_iqr": 0.5142203271756539,
      "storage_gini": 0.510867460624631,
      "retrieval_std": 0.2902939347194264,
      "retrieval_iqr": 0.5142203271756539,
      "retrieval_gini": 0.5085552659065774,
      "activation_std": 0.29360209201516707,
      "activation_iqr": 0.5142203271756539,
      "activation_gini": 0.510867460624631,
      "threshold_metrics": {
        "0.1": {
          "recall_rate": 0.6134969325153374,
          "precision_rate": 0.2049079754601227
        },
        "0.2": {
          "recall_rate": 0.6134969325153374,
          "precision_rate": 0.2049079754601227
        },
        "0.3": {
          "recall_rate": 0.6134969325153374,
          "precision_rate": 0.2049079754601227
        },
        "0.4": {
          "recall_rate": 0.6134969325153374,
          "precision_rate": 0.2049079754601227
        },
        "0.5": {
          "recall_rate": 0.6134969325153374,
          "precision_rate": 0.1950920245398773
        },
        "0.6": {
          "recall_rate": 0.6319018404907976,
          "precision_rate": 0.18159509202453988
        },
        "0.7": {
          "recall_rate": 0.6196319018404908,
          "precision_rate": 0.1754601226993865
        },
        "0.8": {
          "recall_rate": 0.6196319018404908,
          "precision_rate": 0.16932515337423312
        },
        "0.9": {
          "recall_rate": 0.6134969325153374,
          "precision_rate": 0.150920245398773
        }
      },
      "recall_mean": 0.6169052488070892,
      "precision_mean": 0.18800272665303341,
      "threshold_discrimination": 0.018404907975460127,
      "threshold_summary": {
        "threshold_auc": 0.6169052488070892,
        "slope": 0.0
      },
      "corr_mean": 0.7902317923969127,
      "corr_score": 0.7902317923969127,
      "smoothness_score": 0.9602561806944103,
      "retrieval_score": 0.3968029993183367,
      "plausibility_score": 0.8752439865456615,
      "overall_score": 0.6360234929319991,
      "composite_score": 0.6360234929319991,
      "mrr_mean": 0.50013633265167,
      "precision_strict": 0.12338104976141787,
      "precision_lift": 2.7755575615628914e-17,
      "precision_associative": 0.18800272665303341,
      "similarity_recall_rate": 0.6134969325153374,
      "retention_curve": {
        "40": 1.0,
        "80": 1.0,
        "120": 0.8125,
        "160": 0.6168831168831169,
        "200": 0.6134969325153374
      },
      "retention_auc": 0.8085760098796909,
      "selectivity_score": 0.05875937286980232,
      "robustness_score": 0.0,
      "eval_v2_score": 0.3844249849502917
    },
    {
      "tick": 200,
      "recall_rate": 0.6226415094339622,
      "precision_rate": 0.22641509433962265,
      "activation_recall_correlation": 0.9573817536743116,
      "fact_episode_delta": 0.43376146788990827,
      "forgetting_curve_smoothness": 0.10734532669429184,
      "storage_std": 0.29302627796963693,
      "storage_iqr": 0.5142203271756539,
      "storage_gini": 0.5109043579105123,
      "retrieval_std": 0.28971790084601656,
      "retrieval_iqr": 0.5142203271756539,
      "retrieval_gini": 0.5085852091503086,
      "activation_std": 0.29302627796963693,
      "activation_iqr": 0.5142203271756539,
      "activation_gini": 0.5109043579105123,
      "threshold_metrics": {
        "0.1": {
          "recall_rate": 0.6226415094339622,
          "precision_rate": 0.22641509433962265
        },
        "0.2": {
          "recall_rate": 0.6226415094339622,
          "precision_rate": 0.22641509433962265
        },
        "0.3": {
          "recall_rate": 0.6226415094339622,
          "precision_rate": 0.22641509433962265
        },
        "0.4": {
          "recall_rate": 0.6226415094339622,
          "precision_rate": 0.22641509433962265
        },
        "0.5": {
          "recall_rate": 0.6226415094339622,
          "precision_rate": 0.21635220125786164
        },
        "0.6": {
          "recall_rate": 0.6352201257861635,
          "precision_rate": 0.1861635220125786
        },
        "0.7": {
          "recall_rate": 0.6352201257861635,
          "precision_rate": 0.1811320754716981
        },
        "0.8": {
          "recall_rate": 0.6352201257861635,
          "precision_rate": 0.1761006289308176
        },
        "0.9": {
          "recall_rate": 0.6289308176100629,
          "precision_rate": 0.14968553459119496
        }
      },
      "recall_mean": 0.6275331935709293,
      "precision_mean": 0.20167714884696017,
      "threshold_discrimination": 0.012578616352201255,
      "threshold_summary": {
        "threshold_auc": 0.6275331935709293,
        "slope": 0.0062893081761006275
      },
      "corr_mean": 0.8458108759484531,
      "corr_score": 0.8458108759484531,
      "smoothness_score": 0.0,
      "retrieval_score": 0.3979839273235499,
      "plausibility_score": 0.42290543797422653,
      "overall_score": 0.4104446826488882,
      "composite_score": 0.4104446826488882,
      "mrr_mean": 0.48990216631726063,
      "precision_strict": 0.12550663871418588,
      "precision_lift": 2.7755575615628914e-17,
      "precision_associative": 0.20167714884696017,
      "similarity_recall_rate": 0.6226415094339622,
      "retention_curve": {
        "40": 0.0,
        "80": 1.0,
        "120": 0.7,
        "160": 0.5862068965517241,
        "200": 0.6226415094339622
      },
      "retention_auc": 0.5817696811971372,
      "selectivity_score": 0.04933612858141159,
      "robustness_score": 0.0,
      "eval_v2_score": 0.2790640015422058
    },
    {
      "tick": 200,
      "recall_rate": 0.5611111111111111,
      "precision_rate": 0.20333333333333334,
      "activation_recall_correlation": 0.934565738019826,
      "fact_episode_delta": 0.3701818181818182,
      "forgetting_curve_smoothness": 0.10463583329065904,
      "storage_std": 0.2931896768099835,
      "storage_iqr": 0.5142203271756539,
      "storage_gini": 0.5108172842777502,
      "retrieval_std": 0.2898581315163726,
      "retrieval_iqr": 0.5142203271756539,
      "retrieval_gini": 0.5084758549824059,
      "activation_std": 0.2931896768099835,
      "activation_iqr": 0.5142203271756539,
      "activation_gini": 0.5108172842777502,
      "threshold_metrics": {
        "0.1": {
          "recall_rate": 0.5611111111111111,
          "precision_rate": 0.20333333333333334
        },
        "0.2": {
          "recall_rate": 0.5611111111111111,
          "precision_rate": 0.20333333333333334
        },
        "0.3": {
          "recall_rate": 0.5611111111111111,
          "precision_rate": 0.20333333333333334
        },
        "0.4": {
          "recall_rate": 0.5611111111111111,
          "precision_rate": 0.20333333333333334
        },
        "0.5": {
          "recall_rate": 0.5611111111111111,
          "precision_rate": 0.19555555555555557
        },
        "0.6": {
          "recall_rate": 0.5888888888888889,
          "precision_rate": 0.1811111111111111
        },
        "0.7": {
          "recall_rate": 0.5722222222222222,
          "precision_rate": 0.17333333333333334
        },
        "0.8": {
          "recall_rate": 0.5611111111111111,
          "precision_rate": 0.16777777777777778
        },
        "0.9": {
          "recall_rate": 0.55,
          "precision_rate": 0.14222222222222222
        }
      },
      "recall_mean": 0.5641975308641975,
      "precision_mean": 0.18592592592592594,
      "threshold_discrimination": 0.03888888888888886,
      "threshold_summary": {
        "threshold_auc": 0.5641975308641975,
        "slope": -0.011111111111111072
      },
      "corr_mean": 0.8253851522617305,
      "corr_score": 0.8253851522617305,
      "smoothness_score": 0.0,