{
  "fold_scores": [
    {
      "tick": 200,
      "recall_rate": 0.6932515337423313,
      "precision_rate": 0.2331288343558282,
      "activation_recall_correlation": 0.9792797622344914,
      "fact_episode_delta": 0.39303201506591334,
      "forgetting_curve_smoothness": 0.002150758549350107,
      "storage_std": 0.2060287382305473,
      "storage_iqr": 0.17621543777421317,
      "storage_gini": 0.31300682948333625,
      "retrieval_std": 0.2058128751744561,
      "retrieval_iqr": 0.17621543777421317,
      "retrieval_gini": 0.3128717507992667,
      "activation_std": 0.2060287382305473,
      "activation_iqr": 0.17621543777421317,
      "activation_gini": 0.31300682948333625,
      "threshold_metrics": {
        "0.1": {
          "recall_rate": 0.6932515337423313,
          "precision_rate": 0.2331288343558282
        },
        "0.2": {
          "recall_rate": 0.6932515337423313,
          "precision_rate": 0.2331288343558282
        },
        "0.3": {
          "recall_rate": 0.6932515337423313,
          "precision_rate": 0.2331288343558282
        },
        "0.4": {
          "recall_rate": 0.6932515337423313,
          "precision_rate": 0.2331288343558282
        },
        "0.5": {
          "recall_rate": 0.6932515337423313,
          "precision_rate": 0.2331288343558282
        },
        "0.6": {
          "recall_rate": 0.6932515337423313,
          "precision_rate": 0.2331288343558282
        },
        "0.7": {
          "recall_rate": 0.6993865030674846,
          "precision_rate": 0.19754601226993865
        },
        "0.8": {
          "recall_rate": 0.6871165644171779,
          "precision_rate": 0.18527607361963191
        },
        "0.9": {
          "recall_rate": 0.6809815950920245,
          "precision_rate": 0.1619631901840491
        }
      },
      "recall_mean": 0.6918882072256305,
      "precision_mean": 0.21595092024539875,
      "threshold_discrimination": 0.018404907975460127,
      "threshold_summary": {
        "threshold_auc": 0.6918882072256305,
        "slope": -0.012269938650306789
      },
      "corr_mean": 0.8307472643698495,
      "corr_score": 0.8307472643698495,
      "smoothness_score": 0.9784924145064989,
      "retrieval_score": 0.6428289025221541,
      "forgetting_score": 0.6923282787868148,
      "non_target_mean_storage": 0.30767172121318526,
      "plausibility_score": 0.8307472643698495,
      "overall_score": 0.7071332746767092,
      "composite_score": 0.7071332746767092,
      "mrr_mean": 0.5828675301067939,
      "precision_strict": 0.1383776414451261,
      "precision_lift": 0.0,
      "precision_associative": 0.21595092024539875,
      "similarity_recall_rate": 0.6809815950920245,
      "retention_curve": {
        "40": 1.0,
        "80": 1.0,
        "120": 0.875,
        "160": 0.7077922077922078,
        "200": 0.6932515337423313
      },
      "retention_auc": 0.8552087483069079,
      "selectivity_score": 0.06080436264485345,
      "robustness_score": 0.0,
      "_fold_idx": 0,
      "_fold_duration_seconds": 75.34
    },
    {
      "tick": 200,
      "recall_rate": 0.6855345911949685,
      "precision_rate": 0.24150943396226415,
      "activation_recall_correlation": 0.9734753017806835,
      "fact_episode_delta": 0.4003669724770642,
      "forgetting_curve_smoothness": 0.10511094152996585,
      "storage_std": 0.2056440304285805,
      "storage_iqr": 0.17621543777421317,
      "storage_gini": 0.31278551271713373,
      "retrieval_std": 0.20544204121068618,
      "retrieval_iqr": 0.17621543777421317,
      "retrieval_gini": 0.3126608699918001,
      "activation_std": 0.2056440304285805,
      "activation_iqr": 0.17621543777421317,
      "activation_gini": 0.31278551271713373,
      "threshold_metrics": {
        "0.1": {
          "recall_rate": 0.6855345911949685,
          "precision_rate": 0.24150943396226415
        },
        "0.2": {
          "recall_rate": 0.6855345911949685,
          "precision_rate": 0.24150943396226415
        },
        "0.3": {
          "recall_rate": 0.6855345911949685,
          "precision_rate": 0.24150943396226415
        },
        "0.4": {
          "recall_rate": 0.6855345911949685,
          "precision_rate": 0.24150943396226415
        },
        "0.5": {
          "recall_rate": 0.6855345911949685,
          "precision_rate": 0.24150943396226415
        },
        "0.6": {
          "recall_rate": 0.6855345911949685,
          "precision_rate": 0.24150943396226415
        },
        "0.7": {
          "recall_rate": 0.6855345911949685,
          "precision_rate": 0.19748427672955976
        },
        "0.8": {
          "recall_rate": 0.6855345911949685,
          "precision_rate": 0.19119496855345913
        },
        "0.9": {
          "recall_rate": 0.6729559748427673,
          "precision_rate": 0.15974842767295597
        }
      },
      "recall_mean": 0.684136967155835,
      "precision_mean": 0.22194269741439554,
      "threshold_discrimination": 0.012578616352201255,
      "threshold_summary": {
        "threshold_auc": 0.684136967155835,
        "slope": -0.012578616352201255
      },
      "corr_mean": 0.8371339276649843,
      "corr_score": 0.8371339276649843,
      "smoothness_score": 0.0,
      "retrieval_score": 0.6257512229210344,
      "forgetting_score": 0.6924618494045396,
      "non_target_mean_storage": 0.30753815059546036,
      "plausibility_score": 0.8371339276649843,
      "overall_score": 0.7019456183762487,
      "composite_score": 0.7019456183762487,
      "mrr_mean": 0.5543908688562778,
      "precision_strict": 0.136827393431167,
      "precision_lift": 0.0,
      "precision_associative": 0.22194269741439554,
      "similarity_recall_rate": 0.6729559748427673,
      "retention_curve": {
        "40": 0.0,
        "80": 1.0,
        "120": 0.7,
        "160": 0.6896551724137931,
        "200": 0.6855345911949685
      },
      "retention_auc": 0.6150379527217523,
      "selectivity_score": 0.05171208944793848,
      "robustness_score": 0.0,
      "_fold_idx": 1,
      "_fold_duration_seconds": 74.61
    },
    {
      "tick": 200,
      "recall_rate": 0.6555555555555556,
      "precision_rate": 0.24444444444444444,
      "activation_recall_correlation": 0.9831822945325313,
      "fact_episode_delta": 0.31272727272727263,
      "forgetting_curve_smoothness": 0.10147693059712826,
      "storage_std": 0.20698567471201207,
      "storage_iqr": 0.17621543777421317,
      "storage_gini": 0.3138232390210181,
      "retrieval_std": 0.20669062164325985,
      "retrieval_iqr": 0.17621543777421317,
      "retrieval_gini": 0.3136389777101579,
      "activation_std": 0.20698567471201207,
      "activation_iqr": 0.17621543777421317,
      "activation_gini": 0.3138232390210181,
      "threshold_metrics": {
        "0.1": {
          "recall_rate": 0.6555555555555556,
          "precision_rate": 0.24444444444444444
        },
        "0.2": {
          "recall_rate": 0.6555555555555556,
          "precision_rate": 0.24444444444444444
        },
        "0.3": {
          "recall_rate": 0.6555555555555556,
          "precision_rate": 0.24444444444444444
        },
        "0.4": {
          "recall_rate": 0.6555555555555556,
          "precision_rate": 0.24444444444444444
        },
        "0.5": {
          "recall_rate": 0.6555555555555556,
          "precision_rate": 0.24444444444444444
        },
        "0.6": {
          "recall_rate": 0.6555555555555556,
          "precision_rate": 0.24444444444444444
        },
        "0.7": {
          "recall_rate": 0.6555555555555556,
          "precision_rate": 0.20444444444444446
        },
        "0.8": {
          "recall_rate": 0.6555555555555556,
          "precision_rate": 0.1988888888888889
        },
        "0.9": {
          "recall_rate": 0.6555555555555556,
          "precision_rate": 0.17333333333333334
        }
      },
      "recall_mean": 0.6555555555555556,
      "precision_mean": 0.22703703703703704,
      "threshold_discrimination": 0.0,