{
  "fold_scores": [
    {
      "tick": 200,
      "recall_rate": 0.6196319018404908,
      "precision_rate": 0.19631901840490798,
      "activation_recall_correlation": 0.9853852279600454,
      "fact_episode_delta": 0.49472693032015064,
      "forgetting_curve_smoothness": 0.0027916756144958374,
      "storage_std": 0.2051780933156701,
      "storage_iqr": 0.17234896765399568,
      "storage_gini": 0.3168949727701025,
      "retrieval_std": 0.20492124397481495,
      "retrieval_iqr": 0.17234896765399568,
      "retrieval_gini": 0.31673321228094103,
      "activation_std": 0.2051780933156701,
      "activation_iqr": 0.17234896765399568,
      "activation_gini": 0.3168949727701025,
      "threshold_metrics": {
        "0.1": {
          "recall_rate": 0.6196319018404908,
          "precision_rate": 0.19631901840490798
        },
        "0.2": {
          "recall_rate": 0.6196319018404908,
          "precision_rate": 0.19631901840490798
        },
        "0.3": {
          "recall_rate": 0.6196319018404908,
          "precision_rate": 0.19631901840490798
        },
        "0.4": {
          "recall_rate": 0.6196319018404908,
          "precision_rate": 0.19631901840490798
        },
        "0.5": {
          "recall_rate": 0.6196319018404908,
          "precision_rate": 0.19631901840490798
        },
        "0.6": {
          "recall_rate": 0.6196319018404908,
          "precision_rate": 0.19631901840490798
        },
        "0.7": {
          "recall_rate": 0.6257668711656442,
          "precision_rate": 0.17914110429447852
        },
        "0.8": {
          "recall_rate": 0.6196319018404908,
          "precision_rate": 0.16932515337423312
        },
        "0.9": {
          "recall_rate": 0.6196319018404908,
          "precision_rate": 0.147239263803681
        }
      },
      "recall_mean": 0.6203135650988411,
      "precision_mean": 0.18595773687798228,
      "threshold_discrimination": 0.00613496932515345,
      "threshold_summary": {
        "threshold_auc": 0.6203135650988411,
        "slope": 0.0
      },
      "corr_mean": 0.8717097110933631,
      "corr_score": 0.8717097110933631,
      "smoothness_score": 0.9720832438550416,
      "retrieval_score": 0.5862798227675527,
      "forgetting_score": 0.6981870703246842,
      "non_target_mean_storage": 0.30181292967531576,
      "plausibility_score": 0.8717097110933631,
      "overall_score": 0.6968048314940014,
      "composite_score": 0.6968048314940014,
      "mrr_mean": 0.5446830265848671,
      "precision_strict": 0.12406271301976823,
      "precision_lift": 2.7755575615628914e-17,
      "precision_associative": 0.18595773687798228,
      "similarity_recall_rate": 0.6196319018404908,
      "retention_curve": {
        "40": 1.0,
        "80": 1.0,
        "120": 0.875,
        "160": 0.6558441558441559,
        "200": 0.6196319018404908
      },
      "retention_auc": 0.8300952115369293,
      "selectivity_score": 0.062167689161554185,
      "robustness_score": 0.0,
      "_fold_idx": 0,
      "_fold_duration_seconds": 76.47
    },
    {
      "tick": 200,
      "recall_rate": 0.6477987421383647,
      "precision_rate": 0.2238993710691824,
      "activation_recall_correlation": 0.9707701968899327,
      "fact_episode_delta": 0.4845871559633027,
      "forgetting_curve_smoothness": 0.10754485410860382,
      "storage_std": 0.20486075368786477,
      "storage_iqr": 0.17234896765399568,
      "storage_gini": 0.3166783495427964,
      "retrieval_std": 0.20462185545680164,
      "retrieval_iqr": 0.17234896765399568,
      "retrieval_gini": 0.3165293156456596,
      "activation_std": 0.20486075368786477,
      "activation_iqr": 0.17234896765399568,
      "activation_gini": 0.3166783495427964,
      "threshold_metrics": {
        "0.1": {
          "recall_rate": 0.6477987421383647,
          "precision_rate": 0.2238993710691824
        },
        "0.2": {
          "recall_rate": 0.6477987421383647,
          "precision_rate": 0.2238993710691824
        },
        "0.3": {
          "recall_rate": 0.6477987421383647,
          "precision_rate": 0.2238993710691824
        },
        "0.4": {
          "recall_rate": 0.6477987421383647,
          "precision_rate": 0.2238993710691824
        },
        "0.5": {
          "recall_rate": 0.6477987421383647,
          "precision_rate": 0.2238993710691824
        },
        "0.6": {
          "recall_rate": 0.6477987421383647,
          "precision_rate": 0.2238993710691824
        },
        "0.7": {
          "recall_rate": 0.6477987421383647,
          "precision_rate": 0.19119496855345913
        },
        "0.8": {
          "recall_rate": 0.6415094339622641,
          "precision_rate": 0.1811320754716981
        },
        "0.9": {
          "recall_rate": 0.6352201257861635,
          "precision_rate": 0.14842767295597484
        }
      },
      "recall_mean": 0.6457023060796644,
      "precision_mean": 0.2071278825995807,
      "threshold_discrimination": 0.012578616352201255,
      "threshold_summary": {
        "threshold_auc": 0.6457023060796644,
        "slope": -0.012578616352201255
      },
      "corr_mean": 0.8306376569468269,
      "corr_score": 0.8306376569468269,
      "smoothness_score": 0.0,
      "retrieval_score": 0.5999895178197064,
      "forgetting_score": 0.6984710630485028,
      "non_target_mean_storage": 0.3015289369514972,
      "plausibility_score": 0.8306376569468269,
      "overall_score": 0.6921200934315653,
      "composite_score": 0.6921200934315653,
      "mrr_mean": 0.5441183321686467,
      "precision_strict": 0.12914046121593292,
      "precision_lift": 5.551115123125783e-17,
      "precision_associative": 0.2071278825995807,
      "similarity_recall_rate": 0.6352201257861635,
      "retention_curve": {
        "40": 0.0,
        "80": 1.0,
        "120": 0.7,
        "160": 0.6482758620689655,
        "200": 0.6477987421383647
      },
      "retention_auc": 0.5992149208414661,
      "selectivity_score": 0.05115303983228514,
      "robustness_score": 0.0,
      "_fold_idx": 1,
      "_fold_duration_seconds": 76.37
    },
    {
      "tick": 200,
      "recall_rate": 0.5888888888888889,
      "precision_rate": 0.20222222222222222,
      "activation_recall_correlation": 0.9716242470138012,
      "fact_episode_delta": 0.40872727272727266,
      "forgetting_curve_smoothness": 0.11044298201383185,
      "storage_std": 0.2054053722822306,
      "storage_iqr": 0.17234896765399568,
      "storage_gini": 0.3171330954335401,
      "retrieval_std": 0.20507630310237016,
      "retrieval_iqr": 0.17234896765399568,
      "retrieval_gini": 0.3169236168360795,
      "activation_std": 0.2054053722822306,
      "activation_iqr": 0.17234896765399568,
      "activation_gini": 0.3171330954335401,
      "threshold_metrics": {
        "0.1": {
          "recall_rate": 0.5888888888888889,
          "precision_rate": 0.20222222222222222
        },
        "0.2": {
          "recall_rate": 0.5888888888888889,
          "precision_rate": 0.20222222222222222
        },
        "0.3": {
          "recall_rate": 0.5888888888888889,
          "precision_rate": 0.20222222222222222
        },
        "0.4": {
          "recall_rate": 0.5888888888888889,
          "precision_rate": 0.20222222222222222
        },
        "0.5": {
          "recall_rate": 0.5888888888888889,
          "precision_rate": 0.20222222222222222
        },
        "0.6": {
          "recall_rate": 0.5888888888888889,
          "precision_rate": 0.20222222222222222
        },
        "0.7": {
          "recall_rate": 0.5888888888888889,
          "precision_rate": 0.1811111111111111
        },
        "0.8": {
          "recall_rate": 0.5888888888888889,
          "precision_rate": 0.17444444444444446
        },
        "0.9": {
          "recall_rate": 0.5722222222222222,
          "precision_rate": 0.14666666666666667
        }
      },
      "recall_mean": 0.587037037037037,
      "precision_mean": 0.1906172839506173,