{
  "fold_scores": [
    {
      "tick": 200,
      "recall_rate": 0.7177914110429447,
      "precision_rate": 0.2809815950920245,
      "activation_recall_correlation": 0.968861186943561,
      "fact_episode_delta": 0.2977401129943503,
      "forgetting_curve_smoothness": 0.003697098653625333,
      "storage_std": 0.20229255744572602,
      "storage_iqr": 0.22702852388123518,
      "storage_gini": 0.2544088246531108,
      "retrieval_std": 0.20227036813986868,
      "retrieval_iqr": 0.22702852388123518,
      "retrieval_gini": 0.2543955280525578,
      "activation_std": 0.20229255744572602,
      "activation_iqr": 0.22702852388123518,
      "activation_gini": 0.2544088246531108,
      "threshold_metrics": {
        "0.1": {
          "recall_rate": 0.7177914110429447,
          "precision_rate": 0.2809815950920245
        },
        "0.2": {
          "recall_rate": 0.7177914110429447,
          "precision_rate": 0.2809815950920245
        },
        "0.3": {
          "recall_rate": 0.7177914110429447,
          "precision_rate": 0.2809815950920245
        },
        "0.4": {
          "recall_rate": 0.7177914110429447,
          "precision_rate": 0.2809815950920245
        },
        "0.5": {
          "recall_rate": 0.7239263803680982,
          "precision_rate": 0.28343558282208586
        },
        "0.6": {
          "recall_rate": 0.7239263803680982,
          "precision_rate": 0.28343558282208586
        },
        "0.7": {
          "recall_rate": 0.7300613496932515,
          "precision_rate": 0.26134969325153373
        },
        "0.8": {
          "recall_rate": 0.7361963190184049,
          "precision_rate": 0.2085889570552147
        },
        "0.9": {
          "recall_rate": 0.7239263803680982,
          "precision_rate": 0.18036809815950922
        }
      },
      "recall_mean": 0.7232447171097478,
      "precision_mean": 0.260122699386503,
      "threshold_discrimination": 0.018404907975460127,
      "threshold_summary": {
        "threshold_auc": 0.7232447171097478,
        "slope": 0.00613496932515345
      },
      "corr_mean": 0.8256443438797988,
      "corr_score": 0.8256443438797988,
      "smoothness_score": 0.9630290134637467,
      "retrieval_score": 0.653873551465576,
      "forgetting_score": 0.6011830907653077,
      "non_target_mean_storage": 0.39881690923469226,
      "plausibility_score": 0.8256443438797988,
      "overall_score": 0.6783745883240379,
      "composite_score": 0.6783745883240379,
      "mrr_mean": 0.5690865712338105,
      "precision_strict": 0.14464894342194956,
      "precision_lift": 0.0,
      "precision_associative": 0.260122699386503,
      "similarity_recall_rate": 0.7177914110429447,
      "retention_curve": {
        "40": 1.0,
        "80": 1.0,
        "120": 0.8125,
        "160": 0.6948051948051948,
        "200": 0.7177914110429447
      },
      "retention_auc": 0.8450193211696279,
      "selectivity_score": 0.029175187457396112,
      "robustness_score": 0.0
    },
    {
      "tick": 200,
      "recall_rate": 0.6666666666666666,
      "precision_rate": 0.26037735849056604,
      "activation_recall_correlation": 0.9353525086691944,
      "fact_episode_delta": 0.2820183486238532,
      "forgetting_curve_smoothness": 0.10111775367993021,
      "storage_std": 0.20116796490849642,
      "storage_iqr": 0.22702852388123518,
      "storage_gini": 0.2537018739287151,
      "retrieval_std": 0.2011584785678342,
      "retrieval_iqr": 0.22702852388123518,
      "retrieval_gini": 0.25369623386346857,
      "activation_std": 0.20116796490849642,
      "activation_iqr": 0.22702852388123518,
      "activation_gini": 0.2537018739287151,
      "threshold_metrics": {
        "0.1": {
          "recall_rate": 0.6666666666666666,
          "precision_rate": 0.26037735849056604
        },
        "0.2": {
          "recall_rate": 0.6666666666666666,
          "precision_rate": 0.26037735849056604
        },
        "0.3": {
          "recall_rate": 0.6666666666666666,
          "precision_rate": 0.26037735849056604
        },
        "0.4": {
          "recall_rate": 0.6666666666666666,
          "precision_rate": 0.26037735849056604
        },
        "0.5": {
          "recall_rate": 0.6792452830188679,
          "precision_rate": 0.26540880503144654
        },
        "0.6": {
          "recall_rate": 0.6792452830188679,
          "precision_rate": 0.26540880503144654
        },
        "0.7": {
          "recall_rate": 0.6855345911949685,
          "precision_rate": 0.2540880503144654
        },
        "0.8": {
          "recall_rate": 0.7044025157232704,
          "precision_rate": 0.20251572327044026
        },
        "0.9": {
          "recall_rate": 0.6792452830188679,
          "precision_rate": 0.16477987421383647
        }
      },
      "recall_mean": 0.6771488469601676,
      "precision_mean": 0.24374563242487776,
      "threshold_discrimination": 0.037735849056603765,
      "threshold_summary": {
        "threshold_auc": 0.6771488469601676,
        "slope": 0.012578616352201255
      },
      "corr_mean": 0.87530193929994,
      "corr_score": 0.87530193929994,
      "smoothness_score": 0.0,
      "retrieval_score": 0.609916142557652,
      "forgetting_score": 0.6014651155094399,
      "non_target_mean_storage": 0.39853488449056007,
      "plausibility_score": 0.87530193929994,
      "overall_score": 0.6733047322763498,
      "composite_score": 0.6733047322763498,
      "mrr_mean": 0.5277428371767995,
      "precision_strict": 0.13542976939203355,
      "precision_lift": 2.7755575615628914e-17,
      "precision_associative": 0.24374563242487776,
      "similarity_recall_rate": 0.6666666666666666,
      "retention_curve": {
        "40": 0.0,
        "80": 1.0,
        "120": 0.8,
        "160": 0.6413793103448275,
        "200": 0.6666666666666666
      },
      "retention_auc": 0.6216091954022989,
      "selectivity_score": 0.027113906359189338,
      "robustness_score": 0.0
    },
    {
      "tick": 200,
      "recall_rate": 0.6388888888888888,
      "precision_rate": 0.28,
      "activation_recall_correlation": 0.9521996168201529,
      "fact_episode_delta": 0.2320000000000001,
      "forgetting_curve_smoothness": 0.10829469237422454,
      "storage_std": 0.20229887655585374,
      "storage_iqr": 0.22702852388123518,
      "storage_gini": 0.25455266133701937,
      "retrieval_std": 0.2022715975098635,
      "retrieval_iqr": 0.22702852388123518,
      "retrieval_gini": 0.25453642901470647,
      "activation_std": 0.20229887655585374,
      "activation_iqr": 0.22702852388123518,
      "activation_gini": 0.25455266133701937,
      "threshold_metrics": {
        "0.1": {
          "recall_rate": 0.6388888888888888,
          "precision_rate": 0.28
        },
        "0.2": {
          "recall_rate": 0.6388888888888888,
          "precision_rate": 0.28
        },
        "0.3": {
          "recall_rate": 0.6388888888888888,
          "precision_rate": 0.28
        },
        "0.4": {
          "recall_rate": 0.6388888888888888,
          "precision_rate": 0.28
        },
        "0.5": {
          "recall_rate": 0.6388888888888888,
          "precision_rate": 0.28
        },
        "0.6": {
          "recall_rate": 0.6444444444444445,
          "precision_rate": 0.2833333333333333
        },
        "0.7": {
          "recall_rate": 0.65,
          "precision_rate": 0.2644444444444444
        },
        "0.8": {
          "recall_rate": 0.6555555555555556,
          "precision_rate": 0.21222222222222223
        },
        "0.9": {
          "recall_rate": 0.6388888888888888,
          "precision_rate": 0.17555555555555555
        }
      },
      "recall_mean": 0.6425925925925926,
      "precision_mean": 0.25950617283950617,
      "threshold_discrimination": 0.01666666666666672,
      "threshold_summary": {
        "threshold_auc": 0.6425925925925926,
        "slope": 0.0
      },
      "corr_mean": 0.8323714217996216,
      "corr_score": 0.8323714217996216,