{
  "status": "completed",
  "tick": 200,
  "recall_rate": 0.5686274509803921,
  "precision_rate": 0.32669983416252074,
  "activation_recall_correlation": 0.2872101530895783,
  "fact_episode_delta": 0.32499999999999996,
  "forgetting_curve_smoothness": 0.022873652615557037,
  "storage_std": 0.3188397747925457,
  "storage_iqr": 0.0021705989632894935,
  "storage_gini": 0.827072538322913,
  "retrieval_std": 0.3188397747925457,
  "retrieval_iqr": 0.0021705989632894935,
  "retrieval_gini": 0.827072538322913,
  "activation_std": 0.3188397747925457,
  "activation_iqr": 0.0021705989632894935,
  "activation_gini": 0.827072538322913,
  "threshold_metrics": {
    "0.1": {
      "recall_rate": 0.5686274509803921,
      "precision_rate": 0.32669983416252074
    },
    "0.2": {
      "recall_rate": 0.5686274509803921,
      "precision_rate": 0.32669983416252074
    },
    "0.3": {
      "recall_rate": 0.5686274509803921,
      "precision_rate": 0.32669983416252074
    },
    "0.4": {
      "recall_rate": 0.5686274509803921,
      "precision_rate": 0.32669983416252074
    },
    "0.5": {
      "recall_rate": 0.5686274509803921,
      "precision_rate": 0.32669983416252074
    },
    "0.6": {
      "recall_rate": 0.5686274509803921,
      "precision_rate": 0.32669983416252074
    },
    "0.7": {
      "recall_rate": 0.5686274509803921,
      "precision_rate": 0.32669983416252074
    },
    "0.8": {
      "recall_rate": 0.5620915032679739,
      "precision_rate": 0.32558139534883723
    },
    "0.9": {
      "recall_rate": 0.27450980392156865,
      "precision_rate": 0.1797752808988764
    }
  },
  "recall_mean": 0.5352214960058097,
  "precision_mean": 0.3102506128205954,
  "threshold_discrimination": 0.2941176470588235,
  "threshold_summary": {
    "threshold_auc": 0.5352214960058097,
    "slope": -0.2941176470588235
  },
  "corr_mean": 0.2413383049752138,
  "corr_score": 0.2413383049752138,
  "smoothness_score": 0.7712634738444296,
  "retrieval_score": 0.44533042846768334,
  "forgetting_score": 0.8753326567162529,
  "non_target_mean_storage": 0.1246673432837471,
  "plausibility_score": 0.2413383049752138,
  "overall_score": 0.5448331774815653,
  "composite_score": 0.5448331774815653,
  "mrr_mean": 0.3354635681433067,
  "precision_strict": 0.1385766015650302,
  "precision_lift": 0.03153230236386827,
  "precision_associative": 0.3102506128205954,
  "similarity_recall_rate": 0.6339869281045751,
  "retention_curve": {
    "40": 1.0,
    "80": 0.8,
    "120": 0.45454545454545453,
    "160": 0.6115107913669064,
    "200": 0.5686274509803921
  },
  "retention_auc": 0.6869367393785506,
  "selectivity_score": 0.0,
  "robustness_score": 0.0,
  "snapshots": [
    {
      "tick": 0,
      "recall_rate": 1.0,
      "precision_rate": 0.2,
      "activation_recall_correlation": 0.0,
      "fact_episode_delta": 1.0,
      "forgetting_curve_smoothness": 0.0
    },
    {
      "tick": 20,
      "recall_rate": 1.0,
      "precision_rate": 1.0,
      "activation_recall_correlation": 0.0,
      "fact_episode_delta": 1.0,
      "forgetting_curve_smoothness": 0.0
    },
    {
      "tick": 40,
      "recall_rate": 1.0,
      "precision_rate": 1.0,
      "activation_recall_correlation": 0.0,
      "fact_episode_delta": 1.0,
      "forgetting_curve_smoothness": 0.0
    },
    {
      "tick": 60,
      "recall_rate": 1.0,
      "precision_rate": 0.7142857142857143,
      "activation_recall_correlation": 0.0,
      "fact_episode_delta": 1.0,
      "forgetting_curve_smoothness": 0.0
    },
    {
      "tick": 80,
      "recall_rate": 0.8,
      "precision_rate": 0.7333333333333333,
      "activation_recall_correlation": -0.8823630552701227,
      "fact_episode_delta": 0.8,
      "forgetting_curve_smoothness": 0.0
    },
    {
      "tick": 100,
      "recall_rate": 0.8333333333333334,
      "precision_rate": 0.75,
      "activation_recall_correlation": -0.357428028140935,
      "fact_episode_delta": 0.8333333333333334,
      "forgetting_curve_smoothness": 0.007499999999999996
    },
    {
      "tick": 120,
      "recall_rate": 0.45454545454545453,
      "precision_rate": 0.23684210526315788,
      "activation_recall_correlation": 0.34223478575705174,
      "fact_episode_delta": 0.6,
      "forgetting_curve_smoothness": 0.007111111111111108
    },
    {
      "tick": 140,
      "recall_rate": 0.6875,
      "precision_rate": 0.4301675977653631,
      "activation_recall_correlation": 0.33939131595375865,
      "fact_episode_delta": 0.33333333333333337,
      "forgetting_curve_smoothness": 0.02250076522803796
    },
    {
      "tick": 160,
      "recall_rate": 0.6115107913669064,
      "precision_rate": 0.327212020033389,
      "activation_recall_correlation": 0.20416226610691443,
      "fact_episode_delta": 0.23476417594064647,
      "forgetting_curve_smoothness": 0.03212975651693185
    },
    {
      "tick": 180,
      "recall_rate": 0.62,
      "precision_rate": 0.33706070287539935,
      "activation_recall_correlation": 0.306462155775169,
      "fact_episode_delta": 0.2972408026755853,
      "forgetting_curve_smoothness": 0.028221008143912957
    },
    {
      "tick": 200,
      "recall_rate": 0.5686274509803921,
      "precision_rate": 0.32669983416252074,
      "activation_recall_correlation": 0.2872101530895783,
      "fact_episode_delta": 0.32499999999999996,
      "forgetting_curve_smoothness": 0.025406796724791264
    }
  ],
  "duration_seconds": 21.56,
  "timing_breakdown": {
    "simulation_seconds": 9.653,
    "final_score_summary_seconds": 5.468,
    "query_similarity_total_seconds": 6.203,
    "query_similarity_call_count": 594
  }
}