{
  "nll": 1.4862627908065247,
  "brier": 0.44884165717413954,
  "ece": 0.44902468564672227,
  "num_events": 2
}