{
  "fold_scores": [
    {
      "tick": 200,
      "recall_rate": 0.588957055214724,
      "precision_rate": 0.1901840490797546,
      "activation_recall_correlation": 0.9502166106303047,
      "fact_episode_delta": 0.5370998116760828,
      "forgetting_curve_smoothness": 0.0047668623048043104,
      "storage_std": 0.2866267812389013,
      "storage_iqr": 0.5142203271756539,
      "storage_gini": 0.5059838252566268,
      "retrieval_std": 0.2875666561272996,
      "retrieval_iqr": 0.5142203271756539,
      "retrieval_gini": 0.5066688514029839,
      "activation_std": 0.2866267812389013,
      "activation_iqr": 0.5142203271756539,
      "activation_gini": 0.5059838252566268,
      "threshold_metrics": {
        "0.1": {
          "recall_rate": 0.588957055214724,
          "precision_rate": 0.1901840490797546
        },
        "0.2": {
          "recall_rate": 0.588957055214724,
          "precision_rate": 0.1901840490797546
        },
        "0.3": {
          "recall_rate": 0.588957055214724,
          "precision_rate": 0.1901840490797546
        },
        "0.4": {
          "recall_rate": 0.588957055214724,
          "precision_rate": 0.1901840490797546
        },
        "0.5": {
          "recall_rate": 0.588957055214724,
          "precision_rate": 0.18527607361963191
        },
        "0.6": {
          "recall_rate": 0.588957055214724,
          "precision_rate": 0.17300613496932515
        },
        "0.7": {
          "recall_rate": 0.588957055214724,
          "precision_rate": 0.16932515337423312
        },
        "0.8": {
          "recall_rate": 0.32515337423312884,
          "precision_rate": 0.10184049079754601
        },
        "0.9": {
          "recall_rate": 0.03067484662576687,
          "precision_rate": 0.014723926380368098
        }
      },
      "recall_mean": 0.4976141785957738,
      "precision_mean": 0.15610088616223583,
      "threshold_discrimination": 0.558282208588957,
      "threshold_summary": {
        "threshold_auc": 0.4976141785957738,
        "slope": -0.558282208588957
      },
      "corr_mean": 0.6055539726112551,
      "corr_score": 0.6055539726112551,
      "smoothness_score": 0.9523313769519569,
      "retrieval_score": 0.31456373551465583,
      "plausibility_score": 0.778942674781606,
      "overall_score": 0.5467532051481309,
      "composite_score": 0.5467532051481309,
      "mrr_mean": 0.385060213587821,
      "precision_strict": 0.09952283571915473,
      "precision_lift": 0.0,
      "precision_associative": 0.15610088616223583,
      "similarity_recall_rate": 0.588957055214724,
      "retention_curve": {
        "40": 1.0,
        "80": 1.0,
        "120": 0.8125,
        "160": 0.5714285714285714,
        "200": 0.588957055214724
      },
      "retention_auc": 0.7945771253286591,
      "selectivity_score": 0.04294478527607362,
      "robustness_score": 0.0,
      "eval_v2_score": 0.3725903812445224
    },
    {
      "tick": 200,
      "recall_rate": 0.6037735849056604,
      "precision_rate": 0.20251572327044026,
      "activation_recall_correlation": 0.8985006651326402,
      "fact_episode_delta": 0.4904587155963302,
      "forgetting_curve_smoothness": 0.10744218636460405,
      "storage_std": 0.28617938393948317,
      "storage_iqr": 0.5142203271756539,
      "storage_gini": 0.5061592093366925,
      "retrieval_std": 0.2870612424989977,
      "retrieval_iqr": 0.5142203271756539,
      "retrieval_gini": 0.5068091415660382,
      "activation_std": 0.28617938393948317,
      "activation_iqr": 0.5142203271756539,
      "activation_gini": 0.5061592093366925,
      "threshold_metrics": {
        "0.1": {
          "recall_rate": 0.6037735849056604,
          "precision_rate": 0.20251572327044026
        },
        "0.2": {
          "recall_rate": 0.6037735849056604,
          "precision_rate": 0.20251572327044026
        },
        "0.3": {
          "recall_rate": 0.6037735849056604,
          "precision_rate": 0.20251572327044026
        },
        "0.4": {
          "recall_rate": 0.6037735849056604,
          "precision_rate": 0.20251572327044026
        },
        "0.5": {
          "recall_rate": 0.6037735849056604,
          "precision_rate": 0.19622641509433963
        },
        "0.6": {
          "recall_rate": 0.610062893081761,
          "precision_rate": 0.1761006289308176
        },
        "0.7": {
          "recall_rate": 0.610062893081761,
          "precision_rate": 0.17358490566037735
        },
        "0.8": {
          "recall_rate": 0.33962264150943394,
          "precision_rate": 0.10817610062893082
        },
        "0.9": {
          "recall_rate": 0.06289308176100629,
          "precision_rate": 0.016352201257861635
        }
      },
      "recall_mean": 0.5157232704402516,
      "precision_mean": 0.1645003494060098,
      "threshold_discrimination": 0.5471698113207547,
      "threshold_summary": {
        "threshold_auc": 0.5157232704402516,
        "slope": -0.5408805031446541
      },
      "corr_mean": 0.5676095088517872,
      "corr_score": 0.5676095088517872,
      "smoothness_score": 0.0,
      "retrieval_score": 0.32016072676450036,
      "plausibility_score": 0.2838047544258936,
      "overall_score": 0.301982740595197,
      "composite_score": 0.301982740595197,
      "mrr_mean": 0.3795713952946657,
      "precision_strict": 0.10314465408805032,
      "precision_lift": 0.0,
      "precision_associative": 0.1645003494060098,
      "similarity_recall_rate": 0.6037735849056604,
      "retention_curve": {
        "40": 0.0,
        "80": 1.0,
        "120": 0.7,
        "160": 0.5586206896551724,
        "200": 0.6037735849056604
      },
      "retention_auc": 0.5724788549121665,
      "selectivity_score": 0.04178895877009084,
      "robustness_score": 0.0,
      "eval_v2_score": 0.27224162028000676
    },
    {
      "tick": 200,
      "recall_rate": 0.5166666666666667,
      "precision_rate": 0.17222222222222222,
      "activation_recall_correlation": 0.8744364900415735,
      "fact_episode_delta": 0.4603636363636363,
      "forgetting_curve_smoothness": 0.11969851922499333,
      "storage_std": 0.28622648178471466,
      "storage_iqr": 0.5142203271756539,
      "storage_gini": 0.5059536634039288,
      "retrieval_std": 0.28705401724952534,
      "retrieval_iqr": 0.5142203271756539,
      "retrieval_gini": 0.5065628072346509,
      "activation_std": 0.28622648178471466,
      "activation_iqr": 0.5142203271756539,
      "activation_gini": 0.5059536634039288,
      "threshold_metrics": {
        "0.1": {
          "recall_rate": 0.5166666666666667,
          "precision_rate": 0.17222222222222222
        },
        "0.2": {
          "recall_rate": 0.5166666666666667,
          "precision_rate": 0.17222222222222222
        },
        "0.3": {
          "recall_rate": 0.5166666666666667,
          "precision_rate": 0.17222222222222222
        },
        "0.4": {
          "recall_rate": 0.5166666666666667,
          "precision_rate": 0.17222222222222222
        },
        "0.5": {
          "recall_rate": 0.5166666666666667,
          "precision_rate": 0.1688888888888889
        },
        "0.6": {
          "recall_rate": 0.5166666666666667,
          "precision_rate": 0.15666666666666668
        },
        "0.7": {
          "recall_rate": 0.5166666666666667,
          "precision_rate": 0.15777777777777777
        },
        "0.8": {
          "recall_rate": 0.3,
          "precision_rate": 0.10222222222222223
        },
        "0.9": {
          "recall_rate": 0.022222222222222223,
          "precision_rate": 0.01
        }
      },
      "recall_mean": 0.43765432098765433,
      "precision_mean": 0.14271604938271606,
      "threshold_discrimination": 0.4944444444444445,
      "threshold_summary": {
        "threshold_auc": 0.43765432098765433,
        "slope": -0.4944444444444445
      },
      "corr_mean": 0.3732765564856625,
      "corr_score": 0.3732765564856625,
      "smoothness_score": 0.0,
      "retrieval_score": 0.27796296296296297,