{
  "fold_scores": [
    {
      "tick": 200,
      "recall_rate": 0.7116564417177914,
      "precision_rate": 0.2785276073619632,
      "activation_recall_correlation": 0.9794282061561683,
      "fact_episode_delta": 0.3369114877589454,
      "forgetting_curve_smoothness": 0.003347417227345546,
      "storage_std": 0.20226551540944934,
      "storage_iqr": 0.2001187573610049,
      "storage_gini": 0.2835526823021162,
      "retrieval_std": 0.20214526171311853,
      "retrieval_iqr": 0.2001187573610049,
      "retrieval_gini": 0.28347722533929265,
      "activation_std": 0.20226551540944934,
      "activation_iqr": 0.2001187573610049,
      "activation_gini": 0.2835526823021162,
      "threshold_metrics": {
        "0.1": {
          "recall_rate": 0.7116564417177914,
          "precision_rate": 0.2785276073619632
        },
        "0.2": {
          "recall_rate": 0.7116564417177914,
          "precision_rate": 0.2785276073619632
        },
        "0.3": {
          "recall_rate": 0.7116564417177914,
          "precision_rate": 0.2785276073619632
        },
        "0.4": {
          "recall_rate": 0.7177914110429447,
          "precision_rate": 0.27975460122699386
        },
        "0.5": {
          "recall_rate": 0.7177914110429447,
          "precision_rate": 0.27975460122699386
        },
        "0.6": {
          "recall_rate": 0.7177914110429447,
          "precision_rate": 0.27975460122699386
        },
        "0.7": {
          "recall_rate": 0.7361963190184049,
          "precision_rate": 0.21104294478527608
        },
        "0.8": {
          "recall_rate": 0.7177914110429447,
          "precision_rate": 0.19386503067484662
        },
        "0.9": {
          "recall_rate": 0.7116564417177914,
          "precision_rate": 0.17300613496932515
        }
      },
      "recall_mean": 0.7171097477845945,
      "precision_mean": 0.25030674846625767,
      "threshold_discrimination": 0.024539877300613466,
      "threshold_summary": {
        "threshold_auc": 0.7171097477845945,
        "slope": 0.0
      },
      "corr_mean": 0.8201268458355775,
      "corr_score": 0.8201268458355775,
      "smoothness_score": 0.9665258277265445,
      "retrieval_score": 0.6527948193592366,
      "forgetting_score": 0.6546140281986077,
      "non_target_mean_storage": 0.3453859718013923,
      "plausibility_score": 0.8201268458355775,
      "overall_score": 0.6952645490721017,
      "composite_score": 0.6952645490721017,
      "mrr_mean": 0.5741876846171324,
      "precision_strict": 0.1434219495569189,
      "precision_lift": 0.0,
      "precision_associative": 0.25030674846625767,
      "similarity_recall_rate": 0.7116564417177914,
      "retention_curve": {
        "40": 1.0,
        "80": 1.0,
        "120": 0.8125,
        "160": 0.7077922077922078,
        "200": 0.7116564417177914
      },
      "retention_auc": 0.8463897299019999,
      "selectivity_score": 0.03653715064758012,
      "robustness_score": 0.0
    },
    {
      "tick": 200,
      "recall_rate": 0.6918238993710691,
      "precision_rate": 0.2679245283018868,
      "activation_recall_correlation": 0.960963861109689,
      "fact_episode_delta": 0.3328440366972477,
      "forgetting_curve_smoothness": 0.10028031633153944,
      "storage_std": 0.20132825812413171,
      "storage_iqr": 0.2001187573610049,
      "storage_gini": 0.2829442279644027,
      "retrieval_std": 0.2012425095857964,
      "retrieval_iqr": 0.2001187573610049,
      "retrieval_gini": 0.28289098080915337,
      "activation_std": 0.20132825812413171,
      "activation_iqr": 0.2001187573610049,
      "activation_gini": 0.2829442279644027,
      "threshold_metrics": {
        "0.1": {
          "recall_rate": 0.6918238993710691,
          "precision_rate": 0.2679245283018868
        },
        "0.2": {
          "recall_rate": 0.6918238993710691,
          "precision_rate": 0.2679245283018868
        },
        "0.3": {
          "recall_rate": 0.6918238993710691,
          "precision_rate": 0.2679245283018868
        },
        "0.4": {
          "recall_rate": 0.6918238993710691,
          "precision_rate": 0.2679245283018868
        },
        "0.5": {
          "recall_rate": 0.6918238993710691,
          "precision_rate": 0.2679245283018868
        },
        "0.6": {
          "recall_rate": 0.6918238993710691,
          "precision_rate": 0.2679245283018868
        },
        "0.7": {
          "recall_rate": 0.710691823899371,
          "precision_rate": 0.2088050314465409
        },
        "0.8": {
          "recall_rate": 0.7044025157232704,
          "precision_rate": 0.19748427672955976
        },
        "0.9": {
          "recall_rate": 0.6918238993710691,
          "precision_rate": 0.16477987421383647
        }
      },
      "recall_mean": 0.6953179594689028,
      "precision_mean": 0.24206848357791758,
      "threshold_discrimination": 0.018867924528301883,
      "threshold_summary": {
        "threshold_auc": 0.6953179594689028,
        "slope": 0.0
      },
      "corr_mean": 0.894415498256207,
      "corr_score": 0.894415498256207,
      "smoothness_score": 0.0,
      "retrieval_score": 0.6280066387141858,
      "forgetting_score": 0.654879860763337,
      "non_target_mean_storage": 0.34512013923666296,
      "plausibility_score": 0.894415498256207,
      "overall_score": 0.704014481316894,
      "composite_score": 0.704014481316894,
      "mrr_mean": 0.5457372466806428,
      "precision_strict": 0.13906359189378056,
      "precision_lift": 0.0,
      "precision_associative": 0.24206848357791758,
      "similarity_recall_rate": 0.6918238993710691,
      "retention_curve": {
        "40": 0.0,
        "80": 1.0,
        "120": 0.8,
        "160": 0.6689655172413793,
        "200": 0.6918238993710691
      },
      "retention_auc": 0.6321578833224897,
      "selectivity_score": 0.03605870020964355,
      "robustness_score": 0.0
    },
    {
      "tick": 200,
      "recall_rate": 0.6444444444444445,
      "precision_rate": 0.2811111111111111,
      "activation_recall_correlation": 0.9637263259830559,
      "fact_episode_delta": 0.2240000000000001,
      "forgetting_curve_smoothness": 0.1087333558971247,
      "storage_std": 0.20260333715500728,
      "storage_iqr": 0.2001187573610049,
      "storage_gini": 0.28394741558924275,
      "retrieval_std": 0.20243730561223225,
      "retrieval_iqr": 0.2001187573610049,
      "retrieval_gini": 0.28384263986142205,
      "activation_std": 0.20260333715500728,
      "activation_iqr": 0.2001187573610049,
      "activation_gini": 0.28394741558924275,
      "threshold_metrics": {
        "0.1": {
          "recall_rate": 0.6444444444444445,
          "precision_rate": 0.2811111111111111
        },
        "0.2": {
          "recall_rate": 0.6444444444444445,
          "precision_rate": 0.2811111111111111
        },
        "0.3": {
          "recall_rate": 0.6444444444444445,
          "precision_rate": 0.2811111111111111
        },
        "0.4": {
          "recall_rate": 0.6444444444444445,
          "precision_rate": 0.2811111111111111
        },
        "0.5": {
          "recall_rate": 0.65,
          "precision_rate": 0.28444444444444444
        },
        "0.6": {
          "recall_rate": 0.65,
          "precision_rate": 0.28444444444444444
        },
        "0.7": {
          "recall_rate": 0.6666666666666666,
          "precision_rate": 0.21777777777777776
        },
        "0.8": {
          "recall_rate": 0.6555555555555556,
          "precision_rate": 0.20444444444444446
        },
        "0.9": {
          "recall_rate": 0.6444444444444445,
          "precision_rate": 0.17222222222222222
        }
      },
      "recall_mean": 0.6493827160493828,
      "precision_mean": 0.2541975308641975,
      "threshold_discrimination": 0.022222222222222143,
      "threshold_summary": {
        "threshold_auc": 0.6493827160493828,
        "slope": 0.0
      },
      "corr_mean": 0.8380788348597041,
      "corr_score": 0.8380788348597041,