{
  "fold_scores": [
    {
      "tick": 200,
      "recall_rate": 0.6809815950920245,
      "precision_rate": 0.23067484662576687,
      "activation_recall_correlation": 0.9794963267432047,
      "fact_episode_delta": 0.4099811676082862,
      "forgetting_curve_smoothness": 0.002116658819022316,
      "storage_std": 0.2060726582056052,
      "storage_iqr": 0.17234896765399568,
      "storage_gini": 0.3175110953267954,
      "retrieval_std": 0.20576772187892367,
      "retrieval_iqr": 0.17234896765399568,
      "retrieval_gini": 0.3173193961542248,
      "activation_std": 0.2060726582056052,
      "activation_iqr": 0.17234896765399568,
      "activation_gini": 0.3175110953267954,
      "threshold_metrics": {
        "0.1": {
          "recall_rate": 0.6809815950920245,
          "precision_rate": 0.23067484662576687
        },
        "0.2": {
          "recall_rate": 0.6809815950920245,
          "precision_rate": 0.23067484662576687
        },
        "0.3": {
          "recall_rate": 0.6809815950920245,
          "precision_rate": 0.23067484662576687
        },
        "0.4": {
          "recall_rate": 0.6809815950920245,
          "precision_rate": 0.23067484662576687
        },
        "0.5": {
          "recall_rate": 0.6809815950920245,
          "precision_rate": 0.23067484662576687
        },
        "0.6": {
          "recall_rate": 0.6809815950920245,
          "precision_rate": 0.23067484662576687
        },
        "0.7": {
          "recall_rate": 0.6871165644171779,
          "precision_rate": 0.1950920245398773
        },
        "0.8": {
          "recall_rate": 0.6748466257668712,
          "precision_rate": 0.18282208588957055
        },
        "0.9": {
          "recall_rate": 0.6687116564417178,
          "precision_rate": 0.15950920245398773
        }
      },
      "recall_mean": 0.6796182685753238,
      "precision_mean": 0.2134969325153374,
      "threshold_discrimination": 0.018404907975460127,
      "threshold_summary": {
        "threshold_auc": 0.6796182685753238,
        "slope": -0.012269938650306678
      },
      "corr_mean": 0.832118210372093,
      "corr_score": 0.832118210372093,
      "smoothness_score": 0.9788334118097768,
      "retrieval_score": 0.6323483299250171,
      "forgetting_score": 0.6983179286271843,
      "non_target_mean_storage": 0.3016820713728156,
      "plausibility_score": 0.832118210372093,
      "overall_score": 0.7053801595825446,
      "composite_score": 0.7053801595825446,
      "mrr_mean": 0.574573960463531,
      "precision_strict": 0.13592365371506476,
      "precision_lift": 0.0,
      "precision_associative": 0.2134969325153374,
      "similarity_recall_rate": 0.6687116564417178,
      "retention_curve": {
        "40": 1.0,
        "80": 1.0,
        "120": 0.875,
        "160": 0.7142857142857143,
        "200": 0.6809815950920245
      },
      "retention_auc": 0.8540534618755478,
      "selectivity_score": 0.058350374914792114,
      "robustness_score": 0.0,
      "_fold_idx": 0,
      "_fold_duration_seconds": 76.15
    },
    {
      "tick": 200,
      "recall_rate": 0.6855345911949685,
      "precision_rate": 0.24150943396226415,
      "activation_recall_correlation": 0.9743102190558052,
      "fact_episode_delta": 0.4003669724770642,
      "forgetting_curve_smoothness": 0.10522395692033923,
      "storage_std": 0.20597394374040526,
      "storage_iqr": 0.17234896765399568,
      "storage_gini": 0.317501779137265,
      "retrieval_std": 0.2056706278411832,
      "retrieval_iqr": 0.17234896765399568,
      "retrieval_gini": 0.317313234922557,
      "activation_std": 0.20597394374040526,
      "activation_iqr": 0.17234896765399568,
      "activation_gini": 0.317501779137265,
      "threshold_metrics": {
        "0.1": {
          "recall_rate": 0.6855345911949685,
          "precision_rate": 0.24150943396226415
        },
        "0.2": {
          "recall_rate": 0.6855345911949685,
          "precision_rate": 0.24150943396226415
        },
        "0.3": {
          "recall_rate": 0.6855345911949685,
          "precision_rate": 0.24150943396226415
        },
        "0.4": {
          "recall_rate": 0.6855345911949685,
          "precision_rate": 0.24150943396226415
        },
        "0.5": {
          "recall_rate": 0.6855345911949685,
          "precision_rate": 0.24150943396226415
        },
        "0.6": {
          "recall_rate": 0.6855345911949685,
          "precision_rate": 0.24150943396226415
        },
        "0.7": {
          "recall_rate": 0.6855345911949685,
          "precision_rate": 0.19748427672955976
        },
        "0.8": {
          "recall_rate": 0.6855345911949685,
          "precision_rate": 0.19119496855345913
        },
        "0.9": {
          "recall_rate": 0.6729559748427673,
          "precision_rate": 0.15974842767295597
        }
      },
      "recall_mean": 0.684136967155835,
      "precision_mean": 0.22194269741439554,
      "threshold_discrimination": 0.012578616352201255,
      "threshold_summary": {
        "threshold_auc": 0.684136967155835,
        "slope": -0.012578616352201255
      },
      "corr_mean": 0.8376062181581401,
      "corr_score": 0.8376062181581401,
      "smoothness_score": 0.0,
      "retrieval_score": 0.6257512229210344,
      "forgetting_score": 0.6984458607792309,
      "non_target_mean_storage": 0.3015541392207691,
      "plausibility_score": 0.8376062181581401,
      "overall_score": 0.7041580949806796,
      "composite_score": 0.7041580949806796,
      "mrr_mean": 0.5543908688562778,
      "precision_strict": 0.136827393431167,
      "precision_lift": 0.0,
      "precision_associative": 0.22194269741439554,
      "similarity_recall_rate": 0.6729559748427673,
      "retention_curve": {
        "40": 0.0,
        "80": 1.0,
        "120": 0.7,
        "160": 0.6827586206896552,
        "200": 0.6855345911949685
      },
      "retention_auc": 0.6136586423769248,
      "selectivity_score": 0.05171208944793848,
      "robustness_score": 0.0,
      "_fold_idx": 1,
      "_fold_duration_seconds": 74.74
    },
    {
      "tick": 200,
      "recall_rate": 0.6555555555555556,
      "precision_rate": 0.24555555555555555,
      "activation_recall_correlation": 0.9836847555964653,
      "fact_episode_delta": 0.31272727272727263,
      "forgetting_curve_smoothness": 0.10147693059712826,
      "storage_std": 0.20735534101371822,
      "storage_iqr": 0.17234896765399568,
      "storage_gini": 0.3185743411137059,
      "retrieval_std": 0.20694355502262718,
      "retrieval_iqr": 0.17234896765399568,
      "retrieval_gini": 0.3183162242245498,
      "activation_std": 0.20735534101371822,
      "activation_iqr": 0.17234896765399568,
      "activation_gini": 0.3185743411137059,
      "threshold_metrics": {
        "0.1": {
          "recall_rate": 0.6555555555555556,
          "precision_rate": 0.24555555555555555
        },
        "0.2": {
          "recall_rate": 0.6555555555555556,
          "precision_rate": 0.24555555555555555
        },
        "0.3": {
          "recall_rate": 0.6555555555555556,
          "precision_rate": 0.24555555555555555
        },
        "0.4": {
          "recall_rate": 0.6555555555555556,
          "precision_rate": 0.24555555555555555
        },
        "0.5": {
          "recall_rate": 0.6555555555555556,
          "precision_rate": 0.24555555555555555
        },
        "0.6": {
          "recall_rate": 0.6555555555555556,
          "precision_rate": 0.24555555555555555
        },
        "0.7": {
          "recall_rate": 0.6555555555555556,
          "precision_rate": 0.20444444444444446
        },
        "0.8": {
          "recall_rate": 0.6555555555555556,
          "precision_rate": 0.1988888888888889
        },
        "0.9": {
          "recall_rate": 0.6555555555555556,
          "precision_rate": 0.17333333333333334
        }
      },
      "recall_mean": 0.6555555555555556,
      "precision_mean": 0.22777777777777775,
      "threshold_discrimination": 0.0,