{
  "fold_scores": [
    {
      "tick": 200,
      "recall_rate": 0.7055214723926381,
      "precision_rate": 0.26380368098159507,
      "activation_recall_correlation": 0.9562501951405719,
      "fact_episode_delta": 0.34538606403013183,
      "forgetting_curve_smoothness": 0.0062940569242960435,
      "storage_std": 0.16749084382960214,
      "storage_iqr": 0.12845972232439767,
      "storage_gini": 0.29975428648025215,
      "retrieval_std": 0.15587188817243627,
      "retrieval_iqr": 0.12845972232439767,
      "retrieval_gini": 0.29207013772793794,
      "activation_std": 0.16749084382960214,
      "activation_iqr": 0.12845972232439767,
      "activation_gini": 0.29975428648025215,
      "threshold_metrics": {
        "0.1": {
          "recall_rate": 0.6993865030674846,
          "precision_rate": 0.26134969325153373
        },
        "0.2": {
          "recall_rate": 0.6993865030674846,
          "precision_rate": 0.26134969325153373
        },
        "0.3": {
          "recall_rate": 0.7055214723926381,
          "precision_rate": 0.26380368098159507
        },
        "0.4": {
          "recall_rate": 0.7055214723926381,
          "precision_rate": 0.26380368098159507
        },
        "0.5": {
          "recall_rate": 0.7116564417177914,
          "precision_rate": 0.2049079754601227
        },
        "0.6": {
          "recall_rate": 0.6932515337423313,
          "precision_rate": 0.18159509202453988
        },
        "0.7": {
          "recall_rate": 0.6871165644171779,
          "precision_rate": 0.1668711656441718
        },
        "0.8": {
          "recall_rate": 0.6871165644171779,
          "precision_rate": 0.1619631901840491
        },
        "0.9": {
          "recall_rate": 0.6809815950920245,
          "precision_rate": 0.1607361963190184
        }
      },
      "recall_mean": 0.6966598500340832,
      "precision_mean": 0.2140422631220177,
      "threshold_discrimination": 0.030674846625766916,
      "threshold_summary": {
        "threshold_auc": 0.6966598500340832,
        "slope": -0.018404907975460127
      },
      "corr_mean": 0.7429910673933153,
      "corr_score": 0.7429910673933153,
      "smoothness_score": 0.9370594307570396,
      "retrieval_score": 0.6428408316291752,
      "forgetting_score": 0.7574069948419793,
      "non_target_mean_storage": 0.24259300515802074,
      "plausibility_score": 0.7429910673933153,
      "overall_score": 0.7079765476946916,
      "composite_score": 0.7079765476946916,
      "mrr_mean": 0.5770620313565098,
      "precision_strict": 0.13933197000681666,
      "precision_lift": 2.7755575615628914e-17,
      "precision_associative": 0.2140422631220177,
      "similarity_recall_rate": 0.6993865030674846,
      "retention_curve": {
        "40": 1.0,
        "80": 1.0,
        "120": 0.75,
        "160": 0.6818181818181818,
        "200": 0.7055214723926381
      },
      "retention_auc": 0.827467930842164,
      "selectivity_score": 0.0646216768916156,
      "robustness_score": 0.0
    },
    {
      "tick": 200,
      "recall_rate": 0.6855345911949685,
      "precision_rate": 0.26163522012578616,
      "activation_recall_correlation": 0.9721482607656048,
      "fact_episode_delta": 0.3128440366972477,
      "forgetting_curve_smoothness": 0.104534012363695,
      "storage_std": 0.16667956212215648,
      "storage_iqr": 0.12845972232439767,
      "storage_gini": 0.2988996249501594,
      "retrieval_std": 0.15566886473891678,
      "retrieval_iqr": 0.12845972232439767,
      "retrieval_gini": 0.29164674565656273,
      "activation_std": 0.16667956212215648,
      "activation_iqr": 0.12845972232439767,
      "activation_gini": 0.2988996249501594,
      "threshold_metrics": {
        "0.1": {
          "recall_rate": 0.6855345911949685,
          "precision_rate": 0.26163522012578616
        },
        "0.2": {
          "recall_rate": 0.6855345911949685,
          "precision_rate": 0.26163522012578616
        },
        "0.3": {
          "recall_rate": 0.6855345911949685,
          "precision_rate": 0.26163522012578616
        },
        "0.4": {
          "recall_rate": 0.6855345911949685,
          "precision_rate": 0.26163522012578616
        },
        "0.5": {
          "recall_rate": 0.7044025157232704,
          "precision_rate": 0.20628930817610064
        },
        "0.6": {
          "recall_rate": 0.6918238993710691,
          "precision_rate": 0.1861635220125786
        },
        "0.7": {
          "recall_rate": 0.6918238993710691,
          "precision_rate": 0.16477987421383647
        },
        "0.8": {
          "recall_rate": 0.6855345911949685,
          "precision_rate": 0.15974842767295597
        },
        "0.9": {
          "recall_rate": 0.6792452830188679,
          "precision_rate": 0.15849056603773584
        }
      },
      "recall_mean": 0.6883298392732354,
      "precision_mean": 0.2135569531795947,
      "threshold_discrimination": 0.02515723270440251,
      "threshold_summary": {
        "threshold_auc": 0.6883298392732354,
        "slope": -0.0062893081761006275
      },
      "corr_mean": 0.629288841379354,
      "corr_score": 0.629288841379354,
      "smoothness_score": 0.0,
      "retrieval_score": 0.637879105520615,
      "forgetting_score": 0.7576389440491764,
      "non_target_mean_storage": 0.24236105595082358,
      "plausibility_score": 0.629288841379354,
      "overall_score": 0.6776474829702962,
      "composite_score": 0.6776474829702962,
      "mrr_mean": 0.5762170976007454,
      "precision_strict": 0.1376659678546471,
      "precision_lift": 2.7755575615628914e-17,
      "precision_associative": 0.2135569531795947,
      "similarity_recall_rate": 0.6855345911949685,
      "retention_curve": {
        "40": 0.0,
        "80": 1.0,
        "120": 0.7,
        "160": 0.6896551724137931,
        "200": 0.6855345911949685
      },
      "retention_auc": 0.6150379527217523,
      "selectivity_score": 0.06177498252969951,
      "robustness_score": 0.0
    },
    {
      "tick": 200,
      "recall_rate": 0.6388888888888888,
      "precision_rate": 0.2611111111111111,
      "activation_recall_correlation": 0.975110839329424,
      "fact_episode_delta": 0.2581818181818182,
      "forgetting_curve_smoothness": 0.10347509703144822,
      "storage_std": 0.16809978216468552,
      "storage_iqr": 0.12845972232439767,
      "storage_gini": 0.3002531962799947,
      "retrieval_std": 0.15639557604257392,
      "retrieval_iqr": 0.12845972232439767,
      "retrieval_gini": 0.29247423466397354,
      "activation_std": 0.16809978216468552,
      "activation_iqr": 0.12845972232439767,
      "activation_gini": 0.3002531962799947,
      "threshold_metrics": {
        "0.1": {
          "recall_rate": 0.6388888888888888,
          "precision_rate": 0.2611111111111111
        },
        "0.2": {
          "recall_rate": 0.6388888888888888,
          "precision_rate": 0.2611111111111111
        },
        "0.3": {
          "recall_rate": 0.6388888888888888,
          "precision_rate": 0.2611111111111111
        },
        "0.4": {
          "recall_rate": 0.6388888888888888,
          "precision_rate": 0.2611111111111111
        },
        "0.5": {
          "recall_rate": 0.6444444444444445,
          "precision_rate": 0.19666666666666666
        },
        "0.6": {
          "recall_rate": 0.6444444444444445,
          "precision_rate": 0.18777777777777777
        },
        "0.7": {
          "recall_rate": 0.6333333333333333,
          "precision_rate": 0.16666666666666666
        },
        "0.8": {
          "recall_rate": 0.6333333333333333,
          "precision_rate": 0.16444444444444445
        },
        "0.9": {
          "recall_rate": 0.6166666666666667,
          "precision_rate": 0.16
        }
      },
      "recall_mean": 0.6364197530864197,
      "precision_mean": 0.21333333333333332,
      "threshold_discrimination": 0.02777777777777779,
      "threshold_summary": {
        "threshold_auc": 0.6364197530864197,