{
  "fold_scores": [
    {
      "tick": 200,
      "recall_rate": 0.6748466257668712,
      "precision_rate": 0.22699386503067484,
      "activation_recall_correlation": 0.9804317297913037,
      "fact_episode_delta": 0.4184557438794727,
      "forgetting_curve_smoothness": 0.0022482886399140182,
      "storage_std": 0.20728695279158102,
      "storage_iqr": 0.15905021599311064,
      "storage_gini": 0.3344322305448466,
      "retrieval_std": 0.20665747271738766,
      "retrieval_iqr": 0.15905021599311064,
      "retrieval_gini": 0.3340283280623009,
      "activation_std": 0.20728695279158102,
      "activation_iqr": 0.15905021599311064,
      "activation_gini": 0.3344322305448466,
      "threshold_metrics": {
        "0.1": {
          "recall_rate": 0.6748466257668712,
          "precision_rate": 0.22699386503067484
        },
        "0.2": {
          "recall_rate": 0.6748466257668712,
          "precision_rate": 0.22699386503067484
        },
        "0.3": {
          "recall_rate": 0.6748466257668712,
          "precision_rate": 0.22699386503067484
        },
        "0.4": {
          "recall_rate": 0.6748466257668712,
          "precision_rate": 0.22699386503067484
        },
        "0.5": {
          "recall_rate": 0.6748466257668712,
          "precision_rate": 0.22699386503067484
        },
        "0.6": {
          "recall_rate": 0.6748466257668712,
          "precision_rate": 0.22699386503067484
        },
        "0.7": {
          "recall_rate": 0.6809815950920245,
          "precision_rate": 0.19386503067484662
        },
        "0.8": {
          "recall_rate": 0.6748466257668712,
          "precision_rate": 0.16932515337423312
        },
        "0.9": {
          "recall_rate": 0.6625766871165644,
          "precision_rate": 0.1558282208588957
        }
      },
      "recall_mean": 0.6741649625085208,
      "precision_mean": 0.20899795501022492,
      "threshold_discrimination": 0.018404907975460127,
      "threshold_summary": {
        "threshold_auc": 0.6741649625085208,
        "slope": -0.012269938650306789
      },
      "corr_mean": 0.8030956446184462,
      "corr_score": 0.8030956446184462,
      "smoothness_score": 0.9775171136008598,
      "retrieval_score": 0.6284185412406271,
      "forgetting_score": 0.718345561998244,
      "non_target_mean_storage": 0.281654438001756,
      "plausibility_score": 0.8030956446184462,
      "overall_score": 0.7035622743502478,
      "composite_score": 0.7035622743502478,
      "mrr_mean": 0.5725062485798682,
      "precision_strict": 0.13483299250170416,
      "precision_lift": 0.0,
      "precision_associative": 0.20899795501022492,
      "similarity_recall_rate": 0.6625766871165644,
      "retention_curve": {
        "40": 1.0,
        "80": 1.0,
        "120": 0.875,
        "160": 0.6948051948051948,
        "200": 0.6748466257668712
      },
      "retention_auc": 0.8489303641144131,
      "selectivity_score": 0.06066802999318341,
      "robustness_score": 0.0,
      "_fold_idx": 0,
      "_fold_duration_seconds": 77.71
    },
    {
      "tick": 200,
      "recall_rate": 0.6792452830188679,
      "precision_rate": 0.2440251572327044,
      "activation_recall_correlation": 0.9756005368184706,
      "fact_episode_delta": 0.40954128440366966,
      "forgetting_curve_smoothness": 0.10551785189496918,
      "storage_std": 0.20703307153825434,
      "storage_iqr": 0.15905021599311064,
      "storage_gini": 0.33426223275569383,
      "retrieval_std": 0.2063801964491897,
      "retrieval_iqr": 0.15905021599311064,
      "retrieval_gini": 0.3338469050070271,
      "activation_std": 0.20703307153825434,
      "activation_iqr": 0.15905021599311064,
      "activation_gini": 0.33426223275569383,
      "threshold_metrics": {
        "0.1": {
          "recall_rate": 0.6792452830188679,
          "precision_rate": 0.2440251572327044
        },
        "0.2": {
          "recall_rate": 0.6792452830188679,
          "precision_rate": 0.2440251572327044
        },
        "0.3": {
          "recall_rate": 0.6792452830188679,
          "precision_rate": 0.2440251572327044
        },
        "0.4": {
          "recall_rate": 0.6792452830188679,
          "precision_rate": 0.2440251572327044
        },
        "0.5": {
          "recall_rate": 0.6792452830188679,
          "precision_rate": 0.2440251572327044
        },
        "0.6": {
          "recall_rate": 0.6792452830188679,
          "precision_rate": 0.2440251572327044
        },
        "0.7": {
          "recall_rate": 0.6792452830188679,
          "precision_rate": 0.19874213836477989
        },
        "0.8": {
          "recall_rate": 0.6855345911949685,
          "precision_rate": 0.17358490566037735
        },
        "0.9": {
          "recall_rate": 0.6792452830188679,
          "precision_rate": 0.15849056603773584
        }
      },
      "recall_mean": 0.6799440950384347,
      "precision_mean": 0.22166317260656884,
      "threshold_discrimination": 0.0062893081761006275,
      "threshold_summary": {
        "threshold_auc": 0.6799440950384347,
        "slope": 0.0
      },
      "corr_mean": 0.8409096818642348,
      "corr_score": 0.8409096818642348,
      "smoothness_score": 0.0,
      "retrieval_score": 0.6269619147449336,
      "forgetting_score": 0.7186084712845122,
      "non_target_mean_storage": 0.2813915287154877,
      "plausibility_score": 0.8409096818642348,
      "overall_score": 0.7125251513136114,
      "composite_score": 0.7125251513136114,
      "mrr_mean": 0.5622059166084321,
      "precision_strict": 0.13598881900768692,
      "precision_lift": 0.0,
      "precision_associative": 0.22166317260656884,
      "similarity_recall_rate": 0.6792452830188679,
      "retention_curve": {
        "40": 0.0,
        "80": 1.0,
        "120": 0.7,
        "160": 0.6758620689655173,
        "200": 0.6792452830188679
      },
      "retention_auc": 0.611021470396877,
      "selectivity_score": 0.05031446540880499,
      "robustness_score": 0.0,
      "_fold_idx": 1,
      "_fold_duration_seconds": 76.49
    },
    {
      "tick": 200,
      "recall_rate": 0.6444444444444445,
      "precision_rate": 0.2411111111111111,
      "activation_recall_correlation": 0.9742388364727722,
      "fact_episode_delta": 0.32872727272727265,
      "forgetting_curve_smoothness": 0.10999436326798964,
      "storage_std": 0.2081642485066581,
      "storage_iqr": 0.15905021599311064,
      "storage_gini": 0.33515271401785857,
      "retrieval_std": 0.2073688185475122,
      "retrieval_iqr": 0.15905021599311064,
      "retrieval_gini": 0.33464215482934506,
      "activation_std": 0.2081642485066581,
      "activation_iqr": 0.15905021599311064,
      "activation_gini": 0.33515271401785857,
      "threshold_metrics": {
        "0.1": {
          "recall_rate": 0.6444444444444445,
          "precision_rate": 0.2411111111111111
        },
        "0.2": {
          "recall_rate": 0.6444444444444445,
          "precision_rate": 0.2411111111111111
        },
        "0.3": {
          "recall_rate": 0.6444444444444445,
          "precision_rate": 0.2411111111111111
        },
        "0.4": {
          "recall_rate": 0.6444444444444445,
          "precision_rate": 0.2411111111111111
        },
        "0.5": {
          "recall_rate": 0.6444444444444445,
          "precision_rate": 0.2411111111111111
        },
        "0.6": {
          "recall_rate": 0.6444444444444445,
          "precision_rate": 0.24
        },
        "0.7": {
          "recall_rate": 0.65,
          "precision_rate": 0.2011111111111111
        },
        "0.8": {
          "recall_rate": 0.6388888888888888,
          "precision_rate": 0.17777777777777778
        },
        "0.9": {
          "recall_rate": 0.6388888888888888,
          "precision_rate": 0.16555555555555557
        }
      },
      "recall_mean": 0.6438271604938272,
      "precision_mean": 0.22111111111111115,
      "threshold_discrimination": 0.011111111111111183,