{
  "fold_scores": [
    {
      "tick": 200,
      "recall_rate": 0.7055214723926381,
      "precision_rate": 0.2785276073619632,
      "activation_recall_correlation": 0.9604689358301965,
      "fact_episode_delta": 0.31468926553672316,
      "forgetting_curve_smoothness": 0.0040511498670937505,
      "storage_std": 0.20990281319206916,
      "storage_iqr": 0.29970473453997515,
      "storage_gini": 0.2208645409214361,
      "retrieval_std": 0.20990281319206916,
      "retrieval_iqr": 0.29970473453997515,
      "retrieval_gini": 0.2208645409214361,
      "activation_std": 0.20990281319206916,
      "activation_iqr": 0.29970473453997515,
      "activation_gini": 0.2208645409214361,
      "threshold_metrics": {
        "0.1": {
          "recall_rate": 0.7055214723926381,
          "precision_rate": 0.2785276073619632
        },
        "0.2": {
          "recall_rate": 0.7055214723926381,
          "precision_rate": 0.2785276073619632
        },
        "0.3": {
          "recall_rate": 0.7055214723926381,
          "precision_rate": 0.2785276073619632
        },
        "0.4": {
          "recall_rate": 0.7055214723926381,
          "precision_rate": 0.2785276073619632
        },
        "0.5": {
          "recall_rate": 0.7055214723926381,
          "precision_rate": 0.2785276073619632
        },
        "0.6": {
          "recall_rate": 0.7055214723926381,
          "precision_rate": 0.2785276073619632
        },
        "0.7": {
          "recall_rate": 0.7177914110429447,
          "precision_rate": 0.28343558282208586
        },
        "0.8": {
          "recall_rate": 0.7423312883435583,
          "precision_rate": 0.2184049079754601
        },
        "0.9": {
          "recall_rate": 0.7177914110429447,
          "precision_rate": 0.20245398773006135
        }
      },
      "recall_mean": 0.7123381049761419,
      "precision_mean": 0.26394001363326525,
      "threshold_discrimination": 0.036809815950920255,
      "threshold_summary": {
        "threshold_auc": 0.7123381049761419,
        "slope": 0.012269938650306678
      },
      "corr_mean": 0.8992025894981699,
      "corr_score": 0.8992025894981699,
      "smoothness_score": 0.9594885013290625,
      "retrieval_score": 0.4458963871847308,
      "plausibility_score": 0.9293455454136161,
      "overall_score": 0.6876209662991735,
      "composite_score": 0.6876209662991735,
      "mrr_mean": 0.5365371506475801,
      "precision_strict": 0.14246762099522836,
      "precision_lift": 0.0,
      "precision_associative": 0.26394001363326525,
      "similarity_recall_rate": 0.7055214723926381,
      "retention_curve": {
        "40": 1.0,
        "80": 1.0,
        "120": 0.8125,
        "160": 0.6688311688311688,
        "200": 0.7055214723926381
      },
      "retention_auc": 0.8373705282447613,
      "selectivity_score": 0.020995228357191476,
      "robustness_score": 0.0,
      "eval_v2_score": 0.3841650676351596
    },
    {
      "tick": 200,
      "recall_rate": 0.6477987421383647,
      "precision_rate": 0.2641509433962264,
      "activation_recall_correlation": 0.9001084603514414,
      "fact_episode_delta": 0.3095412844036697,
      "forgetting_curve_smoothness": 0.10122429031281817,
      "storage_std": 0.20932581130042513,
      "storage_iqr": 0.29970473453997515,
      "storage_gini": 0.22058975916087206,
      "retrieval_std": 0.20932581130042513,
      "retrieval_iqr": 0.29970473453997515,
      "retrieval_gini": 0.22058975916087206,
      "activation_std": 0.20932581130042513,
      "activation_iqr": 0.29970473453997515,
      "activation_gini": 0.22058975916087206,
      "threshold_metrics": {
        "0.1": {
          "recall_rate": 0.6477987421383647,
          "precision_rate": 0.2641509433962264
        },
        "0.2": {
          "recall_rate": 0.6477987421383647,
          "precision_rate": 0.2641509433962264
        },
        "0.3": {
          "recall_rate": 0.6477987421383647,
          "precision_rate": 0.2641509433962264
        },
        "0.4": {
          "recall_rate": 0.6477987421383647,
          "precision_rate": 0.2641509433962264
        },
        "0.5": {
          "recall_rate": 0.6477987421383647,
          "precision_rate": 0.2641509433962264
        },
        "0.6": {
          "recall_rate": 0.6477987421383647,
          "precision_rate": 0.2641509433962264
        },
        "0.7": {
          "recall_rate": 0.660377358490566,
          "precision_rate": 0.27169811320754716
        },
        "0.8": {
          "recall_rate": 0.6981132075471698,
          "precision_rate": 0.21635220125786164
        },
        "0.9": {
          "recall_rate": 0.6792452830188679,
          "precision_rate": 0.1949685534591195
        }
      },
      "recall_mean": 0.6582809224318659,
      "precision_mean": 0.2519916142557652,
      "threshold_discrimination": 0.05031446540880502,
      "threshold_summary": {
        "threshold_auc": 0.6582809224318659,
        "slope": 0.03144654088050314
      },
      "corr_mean": 0.8429574611824251,
      "corr_score": 0.8429574611824251,
      "smoothness_score": 0.0,
      "retrieval_score": 0.41102725366876314,
      "plausibility_score": 0.42147873059121255,
      "overall_score": 0.41625299212998784,
      "composite_score": 0.41625299212998784,
      "mrr_mean": 0.4923829489867226,
      "precision_strict": 0.13165618448637317,
      "precision_lift": 0.0,
      "precision_associative": 0.2519916142557652,
      "similarity_recall_rate": 0.6477987421383647,
      "retention_curve": {
        "40": 0.0,
        "80": 1.0,
        "120": 0.8,
        "160": 0.6344827586206897,
        "200": 0.6477987421383647
      },
      "retention_auc": 0.616456300151811,
      "selectivity_score": 0.01132075471698113,
      "robustness_score": 0.0,
      "eval_v2_score": 0.28136759921925836
    },
    {
      "tick": 200,
      "recall_rate": 0.6111111111111112,
      "precision_rate": 0.26555555555555554,
      "activation_recall_correlation": 0.8988522790149756,
      "fact_episode_delta": 0.19345454545454543,
      "forgetting_curve_smoothness": 0.10820464267870471,
      "storage_std": 0.20973673502810847,
      "storage_iqr": 0.29970473453997515,
      "storage_gini": 0.22088292974003504,
      "retrieval_std": 0.20973673502810847,
      "retrieval_iqr": 0.29970473453997515,
      "retrieval_gini": 0.22088292974003504,
      "activation_std": 0.20973673502810847,
      "activation_iqr": 0.29970473453997515,
      "activation_gini": 0.22088292974003504,
      "threshold_metrics": {
        "0.1": {
          "recall_rate": 0.6111111111111112,
          "precision_rate": 0.26555555555555554
        },
        "0.2": {
          "recall_rate": 0.6111111111111112,
          "precision_rate": 0.26555555555555554
        },
        "0.3": {
          "recall_rate": 0.6111111111111112,
          "precision_rate": 0.26555555555555554
        },
        "0.4": {
          "recall_rate": 0.6111111111111112,
          "precision_rate": 0.26555555555555554
        },
        "0.5": {
          "recall_rate": 0.6111111111111112,
          "precision_rate": 0.26555555555555554
        },
        "0.6": {
          "recall_rate": 0.6166666666666667,
          "precision_rate": 0.2677777777777778
        },
        "0.7": {
          "recall_rate": 0.6277777777777778,
          "precision_rate": 0.2733333333333333
        },
        "0.8": {
          "recall_rate": 0.65,
          "precision_rate": 0.20777777777777778
        },
        "0.9": {
          "recall_rate": 0.6444444444444445,
          "precision_rate": 0.19666666666666666
        }
      },
      "recall_mean": 0.621604938271605,
      "precision_mean": 0.2525925925925926,
      "threshold_discrimination": 0.03888888888888886,
      "threshold_summary": {
        "threshold_auc": 0.621604938271605,
        "slope": 0.033333333333333326
      },
      "corr_mean": 0.8745584182873789,
      "corr_score": 0.8745584182873789,
      "smoothness_score": 0.0,