{
  "fold_scores": [
    {
      "tick": 200,
      "recall_rate": 0.6932515337423313,
      "precision_rate": 0.27116564417177913,
      "activation_recall_correlation": 0.9515960799600858,
      "fact_episode_delta": 0.3316384180790961,
      "forgetting_curve_smoothness": 0.004008971524587415,
      "storage_std": 0.20698983156467046,
      "storage_iqr": 0.299746874601266,
      "storage_gini": 0.21868342777350747,
      "retrieval_std": 0.20698983156467046,
      "retrieval_iqr": 0.299746874601266,
      "retrieval_gini": 0.21868342777350747,
      "activation_std": 0.20698983156467046,
      "activation_iqr": 0.299746874601266,
      "activation_gini": 0.21868342777350747,
      "threshold_metrics": {
        "0.1": {
          "recall_rate": 0.6932515337423313,
          "precision_rate": 0.27116564417177913
        },
        "0.2": {
          "recall_rate": 0.6932515337423313,
          "precision_rate": 0.27116564417177913
        },
        "0.3": {
          "recall_rate": 0.6932515337423313,
          "precision_rate": 0.27116564417177913
        },
        "0.4": {
          "recall_rate": 0.6932515337423313,
          "precision_rate": 0.27116564417177913
        },
        "0.5": {
          "recall_rate": 0.6932515337423313,
          "precision_rate": 0.27116564417177913
        },
        "0.6": {
          "recall_rate": 0.6932515337423313,
          "precision_rate": 0.27116564417177913
        },
        "0.7": {
          "recall_rate": 0.7239263803680982,
          "precision_rate": 0.2871165644171779
        },
        "0.8": {
          "recall_rate": 0.7361963190184049,
          "precision_rate": 0.21717791411042944
        },
        "0.9": {
          "recall_rate": 0.7116564417177914,
          "precision_rate": 0.19877300613496932
        }
      },
      "recall_mean": 0.7034764826175869,
      "precision_mean": 0.2588957055214724,
      "threshold_discrimination": 0.042944785276073594,
      "threshold_summary": {
        "threshold_auc": 0.7034764826175869,
        "slope": 0.018404907975460127
      },
      "corr_mean": 0.8863537691618091,
      "corr_score": 0.8863537691618091,
      "smoothness_score": 0.9599102847541259,
      "retrieval_score": 0.44240627130197685,
      "plausibility_score": 0.9231320269579675,
      "overall_score": 0.6827691491299721,
      "composite_score": 0.6827691491299721,
      "mrr_mean": 0.5367189275164734,
      "precision_strict": 0.14069529652351742,
      "precision_lift": 5.551115123125783e-17,
      "precision_associative": 0.2588957055214724,
      "similarity_recall_rate": 0.6932515337423313,
      "retention_curve": {
        "40": 1.0,
        "80": 1.0,
        "120": 0.8125,
        "160": 0.6623376623376623,
        "200": 0.6932515337423313
      },
      "retention_auc": 0.8336178392159986,
      "selectivity_score": 0.022494887525562446,
      "robustness_score": 0.0,
      "eval_v2_score": 0.38300123828114624
    },
    {
      "tick": 200,
      "recall_rate": 0.6540880503144654,
      "precision_rate": 0.2591194968553459,
      "activation_recall_correlation": 0.9160308738217791,
      "fact_episode_delta": 0.30036697247706423,
      "forgetting_curve_smoothness": 0.10123086546178875,
      "storage_std": 0.20599831387440581,
      "storage_iqr": 0.299746874601266,
      "storage_gini": 0.21806241865980303,
      "retrieval_std": 0.2059657591965202,
      "retrieval_iqr": 0.299746874601266,
      "retrieval_gini": 0.2180410724463668,
      "activation_std": 0.20599831387440581,
      "activation_iqr": 0.299746874601266,
      "activation_gini": 0.21806241865980303,
      "threshold_metrics": {
        "0.1": {
          "recall_rate": 0.6540880503144654,
          "precision_rate": 0.2591194968553459
        },
        "0.2": {
          "recall_rate": 0.6540880503144654,
          "precision_rate": 0.2591194968553459
        },
        "0.3": {
          "recall_rate": 0.6540880503144654,
          "precision_rate": 0.2591194968553459
        },
        "0.4": {
          "recall_rate": 0.6540880503144654,
          "precision_rate": 0.2591194968553459
        },
        "0.5": {
          "recall_rate": 0.6540880503144654,
          "precision_rate": 0.2591194968553459
        },
        "0.6": {
          "recall_rate": 0.6540880503144654,
          "precision_rate": 0.2591194968553459
        },
        "0.7": {
          "recall_rate": 0.6666666666666666,
          "precision_rate": 0.2691823899371069
        },
        "0.8": {
          "recall_rate": 0.710691823899371,
          "precision_rate": 0.21635220125786164
        },
        "0.9": {
          "recall_rate": 0.6792452830188679,
          "precision_rate": 0.18867924528301888
        }
      },
      "recall_mean": 0.6645702306079664,
      "precision_mean": 0.24765897973445142,
      "threshold_discrimination": 0.05660377358490565,
      "threshold_summary": {
        "threshold_auc": 0.6645702306079664,
        "slope": 0.02515723270440251
      },
      "corr_mean": 0.8557999342742597,
      "corr_score": 0.8557999342742597,
      "smoothness_score": 0.0,
      "retrieval_score": 0.4149685534591195,
      "plausibility_score": 0.42789996713712986,
      "overall_score": 0.4214342602981247,
      "composite_score": 0.4214342602981247,
      "mrr_mean": 0.49713487071977647,
      "precision_strict": 0.1329140461215933,
      "precision_lift": 2.7755575615628914e-17,
      "precision_associative": 0.24765897973445142,
      "similarity_recall_rate": 0.6540880503144654,
      "retention_curve": {
        "40": 0.0,
        "80": 1.0,
        "120": 0.8,
        "160": 0.6344827586206897,
        "200": 0.6540880503144654
      },
      "retention_auc": 0.617714161787031,
      "selectivity_score": 0.01816911250873518,
      "robustness_score": 0.0,
      "eval_v2_score": 0.28433056218222125
    },
    {
      "tick": 200,
      "recall_rate": 0.6111111111111112,
      "precision_rate": 0.26555555555555554,
      "activation_recall_correlation": 0.9209548296286546,
      "fact_episode_delta": 0.19345454545454543,
      "forgetting_curve_smoothness": 0.1084705451219854,
      "storage_std": 0.20642554813580719,
      "storage_iqr": 0.299746874601266,
      "storage_gini": 0.2183598164515917,
      "retrieval_std": 0.20639235750536994,
      "retrieval_iqr": 0.299746874601266,
      "retrieval_gini": 0.21833810325182018,
      "activation_std": 0.20642554813580719,
      "activation_iqr": 0.299746874601266,
      "activation_gini": 0.2183598164515917,
      "threshold_metrics": {
        "0.1": {
          "recall_rate": 0.6111111111111112,
          "precision_rate": 0.26555555555555554
        },
        "0.2": {
          "recall_rate": 0.6111111111111112,
          "precision_rate": 0.26555555555555554
        },
        "0.3": {
          "recall_rate": 0.6111111111111112,
          "precision_rate": 0.26555555555555554
        },
        "0.4": {
          "recall_rate": 0.6111111111111112,
          "precision_rate": 0.26555555555555554
        },
        "0.5": {
          "recall_rate": 0.6111111111111112,
          "precision_rate": 0.26555555555555554
        },
        "0.6": {
          "recall_rate": 0.6166666666666667,
          "precision_rate": 0.26666666666666666
        },
        "0.7": {
          "recall_rate": 0.6277777777777778,
          "precision_rate": 0.2733333333333333
        },
        "0.8": {
          "recall_rate": 0.65,
          "precision_rate": 0.20555555555555555
        },
        "0.9": {
          "recall_rate": 0.6388888888888888,
          "precision_rate": 0.19444444444444445
        }
      },
      "recall_mean": 0.6209876543209876,
      "precision_mean": 0.2519753086419753,
      "threshold_discrimination": 0.03888888888888886,
      "threshold_summary": {
        "threshold_auc": 0.6209876543209876,
        "slope": 0.02777777777777768
      },
      "corr_mean": 0.892830842736329,
      "corr_score": 0.892830842736329,