{
  "fold_scores": [
    {
      "tick": 200,
      "recall_rate": 0.6748466257668712,
      "precision_rate": 0.25398773006134967,
      "activation_recall_correlation": 0.9756686275604598,
      "fact_episode_delta": 0.35706214689265536,
      "forgetting_curve_smoothness": 0.0039186028201977086,
      "storage_std": 0.1915035354660556,
      "storage_iqr": 0.29658790572015753,
      "storage_gini": 0.20600833970594323,
      "retrieval_std": 0.19147634394951468,
      "retrieval_iqr": 0.29658790572015753,
      "retrieval_gini": 0.20599162875892915,
      "activation_std": 0.1915035354660556,
      "activation_iqr": 0.29658790572015753,
      "activation_gini": 0.20600833970594323,
      "threshold_metrics": {
        "0.1": {
          "recall_rate": 0.6748466257668712,
          "precision_rate": 0.25398773006134967
        },
        "0.2": {
          "recall_rate": 0.6748466257668712,
          "precision_rate": 0.25398773006134967
        },
        "0.3": {
          "recall_rate": 0.6748466257668712,
          "precision_rate": 0.25398773006134967
        },
        "0.4": {
          "recall_rate": 0.6748466257668712,
          "precision_rate": 0.2552147239263804
        },
        "0.5": {
          "recall_rate": 0.6748466257668712,
          "precision_rate": 0.2552147239263804
        },
        "0.6": {
          "recall_rate": 0.6809815950920245,
          "precision_rate": 0.2588957055214724
        },
        "0.7": {
          "recall_rate": 0.7177914110429447,
          "precision_rate": 0.20613496932515338
        },
        "0.8": {
          "recall_rate": 0.6871165644171779,
          "precision_rate": 0.1901840490797546
        },
        "0.9": {
          "recall_rate": 0.6748466257668712,
          "precision_rate": 0.16809815950920245
        }
      },
      "recall_mean": 0.6816632583503748,
      "precision_mean": 0.23285616905248807,
      "threshold_discrimination": 0.042944785276073594,
      "threshold_summary": {
        "threshold_auc": 0.6816632583503748,
        "slope": 0.0
      },
      "corr_mean": 0.7660713032656041,
      "corr_score": 0.7660713032656041,
      "smoothness_score": 0.9608139717980229,
      "retrieval_score": 0.6189331970006817,
      "forgetting_score": 0.5162614656152003,
      "non_target_mean_storage": 0.4837385343847998,
      "plausibility_score": 0.7660713032656041,
      "overall_score": 0.6197826175819938,
      "composite_score": 0.6197826175819938,
      "mrr_mean": 0.5422631220177233,
      "precision_strict": 0.136332651670075,
      "precision_lift": 2.7755575615628914e-17,
      "precision_associative": 0.23285616905248807,
      "similarity_recall_rate": 0.6748466257668712,
      "retention_curve": {
        "40": 1.0,
        "80": 1.0,
        "120": 0.8125,
        "160": 0.6558441558441559,
        "200": 0.6748466257668712
      },
      "retention_auc": 0.8286381563222054,
      "selectivity_score": 0.03980913428766192,
      "robustness_score": 0.0
    },
    {
      "tick": 200,
      "recall_rate": 0.6415094339622641,
      "precision_rate": 0.24779874213836478,
      "activation_recall_correlation": 0.9227252998841149,
      "fact_episode_delta": 0.28954128440366966,
      "forgetting_curve_smoothness": 0.10538013862780984,
      "storage_std": 0.19051462026127433,
      "storage_iqr": 0.29658790572015753,
      "storage_gini": 0.20530895232839555,
      "retrieval_std": 0.19051315085391748,
      "retrieval_iqr": 0.29658790572015753,
      "retrieval_gini": 0.20530789117434728,
      "activation_std": 0.19051462026127433,
      "activation_iqr": 0.29658790572015753,
      "activation_gini": 0.20530895232839555,
      "threshold_metrics": {
        "0.1": {
          "recall_rate": 0.6415094339622641,
          "precision_rate": 0.24779874213836478
        },
        "0.2": {
          "recall_rate": 0.6415094339622641,
          "precision_rate": 0.24779874213836478
        },
        "0.3": {
          "recall_rate": 0.6415094339622641,
          "precision_rate": 0.24779874213836478
        },
        "0.4": {
          "recall_rate": 0.6477987421383647,
          "precision_rate": 0.25031446540880503
        },
        "0.5": {
          "recall_rate": 0.6477987421383647,
          "precision_rate": 0.25031446540880503
        },
        "0.6": {
          "recall_rate": 0.6477987421383647,
          "precision_rate": 0.25031446540880503
        },
        "0.7": {
          "recall_rate": 0.6792452830188679,
          "precision_rate": 0.2
        },
        "0.8": {
          "recall_rate": 0.6729559748427673,
          "precision_rate": 0.19119496855345913
        },
        "0.9": {
          "recall_rate": 0.6415094339622641,
          "precision_rate": 0.15471698113207547
        }
      },
      "recall_mean": 0.6512928022361986,
      "precision_mean": 0.22669461914744934,
      "threshold_discrimination": 0.037735849056603765,
      "threshold_summary": {
        "threshold_auc": 0.6512928022361986,
        "slope": 0.0
      },
      "corr_mean": 0.831665322001962,
      "corr_score": 0.831665322001962,
      "smoothness_score": 0.0,
      "retrieval_score": 0.5825506638714187,
      "forgetting_score": 0.5167707566574313,
      "non_target_mean_storage": 0.4832292433425686,
      "plausibility_score": 0.831665322001962,
      "overall_score": 0.621806360879159,
      "composite_score": 0.621806360879159,
      "mrr_mean": 0.49853249475890987,
      "precision_strict": 0.13025856044723969,
      "precision_lift": 0.0,
      "precision_associative": 0.22669461914744934,
      "similarity_recall_rate": 0.6415094339622641,
      "retention_curve": {
        "40": 0.0,
        "80": 1.0,
        "120": 0.7,
        "160": 0.6275862068965518,
        "200": 0.6415094339622641
      },
      "retention_auc": 0.5938191281717631,
      "selectivity_score": 0.033822501747030026,
      "robustness_score": 0.0
    },
    {
      "tick": 200,
      "recall_rate": 0.5833333333333334,
      "precision_rate": 0.24,
      "activation_recall_correlation": 0.9368452801871586,
      "fact_episode_delta": 0.25963636363636367,
      "forgetting_curve_smoothness": 0.10694779634606313,
      "storage_std": 0.19105176983373362,
      "storage_iqr": 0.29658790572015753,
      "storage_gini": 0.20570519238489007,
      "retrieval_std": 0.19099053171878738,
      "retrieval_iqr": 0.29658790572015753,
      "retrieval_gini": 0.20566814919491347,
      "activation_std": 0.19105176983373362,
      "activation_iqr": 0.29658790572015753,
      "activation_gini": 0.20570519238489007,
      "threshold_metrics": {
        "0.1": {
          "recall_rate": 0.5833333333333334,
          "precision_rate": 0.24
        },
        "0.2": {
          "recall_rate": 0.5833333333333334,
          "precision_rate": 0.24
        },
        "0.3": {
          "recall_rate": 0.5833333333333334,
          "precision_rate": 0.24
        },
        "0.4": {
          "recall_rate": 0.5888888888888889,
          "precision_rate": 0.24555555555555555
        },
        "0.5": {
          "recall_rate": 0.5888888888888889,
          "precision_rate": 0.24555555555555555
        },
        "0.6": {
          "recall_rate": 0.5944444444444444,
          "precision_rate": 0.24666666666666667
        },
        "0.7": {
          "recall_rate": 0.6166666666666667,
          "precision_rate": 0.1922222222222222
        },
        "0.8": {
          "recall_rate": 0.6055555555555555,
          "precision_rate": 0.1811111111111111
        },
        "0.9": {
          "recall_rate": 0.5833333333333334,
          "precision_rate": 0.1511111111111111
        }
      },
      "recall_mean": 0.5919753086419753,
      "precision_mean": 0.2202469135802469,
      "threshold_discrimination": 0.033333333333333326,
      "threshold_summary": {
        "threshold_auc": 0.5919753086419753,
        "slope": 0.0
      },
      "corr_mean": 0.803340780337647,
      "corr_score": 0.803340780337647,