{
  "fold_scores": [
    {
      "tick": 200,
      "recall_rate": 0.7116564417177914,
      "precision_rate": 0.27607361963190186,
      "activation_recall_correlation": 0.982559242155101,
      "fact_episode_delta": 0.30621468926553674,
      "forgetting_curve_smoothness": 0.003347417227345546,
      "storage_std": 0.20232549895783974,
      "storage_iqr": 0.21250017675772861,
      "storage_gini": 0.2702640588580808,
      "retrieval_std": 0.20227340217052678,
      "retrieval_iqr": 0.21250017675772861,
      "retrieval_gini": 0.270231883802441,
      "activation_std": 0.20232549895783974,
      "activation_iqr": 0.21250017675772861,
      "activation_gini": 0.2702640588580808,
      "threshold_metrics": {
        "0.1": {
          "recall_rate": 0.7116564417177914,
          "precision_rate": 0.27607361963190186
        },
        "0.2": {
          "recall_rate": 0.7116564417177914,
          "precision_rate": 0.27607361963190186
        },
        "0.3": {
          "recall_rate": 0.7116564417177914,
          "precision_rate": 0.27607361963190186
        },
        "0.4": {
          "recall_rate": 0.7116564417177914,
          "precision_rate": 0.27607361963190186
        },
        "0.5": {
          "recall_rate": 0.7177914110429447,
          "precision_rate": 0.2773006134969325
        },
        "0.6": {
          "recall_rate": 0.7177914110429447,
          "precision_rate": 0.2773006134969325
        },
        "0.7": {
          "recall_rate": 0.7361963190184049,
          "precision_rate": 0.2147239263803681
        },
        "0.8": {
          "recall_rate": 0.7239263803680982,
          "precision_rate": 0.20122699386503068
        },
        "0.9": {
          "recall_rate": 0.7116564417177914,
          "precision_rate": 0.17423312883435582
        }
      },
      "recall_mean": 0.7171097477845945,
      "precision_mean": 0.24989775051124744,
      "threshold_discrimination": 0.024539877300613466,
      "threshold_summary": {
        "threshold_auc": 0.7171097477845945,
        "slope": 0.0
      },
      "corr_mean": 0.8093636516314018,
      "corr_score": 0.8093636516314018,
      "smoothness_score": 0.9665258277265445,
      "retrieval_score": 0.6526261077027948,
      "forgetting_score": 0.6313120989260799,
      "non_target_mean_storage": 0.36868790107392013,
      "plausibility_score": 0.8093636516314018,
      "overall_score": 0.6843505906130964,
      "composite_score": 0.6843505906130964,
      "mrr_mean": 0.5738127698250397,
      "precision_strict": 0.1434219495569189,
      "precision_lift": 0.0,
      "precision_associative": 0.24989775051124744,
      "similarity_recall_rate": 0.7116564417177914,
      "retention_curve": {
        "40": 1.0,
        "80": 1.0,
        "120": 0.8125,
        "160": 0.7077922077922078,
        "200": 0.7116564417177914
      },
      "retention_auc": 0.8463897299019999,
      "selectivity_score": 0.03694614860259035,
      "robustness_score": 0.0
    },
    {
      "tick": 200,
      "recall_rate": 0.6666666666666666,
      "precision_rate": 0.26163522012578616,
      "activation_recall_correlation": 0.9552188024378806,
      "fact_episode_delta": 0.34036697247706427,
      "forgetting_curve_smoothness": 0.10475541146244213,
      "storage_std": 0.20092817270270785,
      "storage_iqr": 0.21250017675772861,
      "storage_gini": 0.26932831002107505,
      "retrieval_std": 0.20091686780631826,
      "retrieval_iqr": 0.21250017675772861,
      "retrieval_gini": 0.2693214740926545,
      "activation_std": 0.20092817270270785,
      "activation_iqr": 0.21250017675772861,
      "activation_gini": 0.26932831002107505,
      "threshold_metrics": {
        "0.1": {
          "recall_rate": 0.6666666666666666,
          "precision_rate": 0.26163522012578616
        },
        "0.2": {
          "recall_rate": 0.6666666666666666,
          "precision_rate": 0.26163522012578616
        },
        "0.3": {
          "recall_rate": 0.6666666666666666,
          "precision_rate": 0.26163522012578616
        },
        "0.4": {
          "recall_rate": 0.6666666666666666,
          "precision_rate": 0.26163522012578616
        },
        "0.5": {
          "recall_rate": 0.6729559748427673,
          "precision_rate": 0.2641509433962264
        },
        "0.6": {
          "recall_rate": 0.6729559748427673,
          "precision_rate": 0.2641509433962264
        },
        "0.7": {
          "recall_rate": 0.6918238993710691,
          "precision_rate": 0.20628930817610064
        },
        "0.8": {
          "recall_rate": 0.6918238993710691,
          "precision_rate": 0.1949685534591195
        },
        "0.9": {
          "recall_rate": 0.6729559748427673,
          "precision_rate": 0.15974842767295597
        }
      },
      "recall_mean": 0.6743535988819008,
      "precision_mean": 0.23731656184486372,
      "threshold_discrimination": 0.02515723270440251,
      "threshold_summary": {
        "threshold_auc": 0.6743535988819008,
        "slope": 0.0062893081761006275
      },
      "corr_mean": 0.8763742715579593,
      "corr_score": 0.8763742715579593,
      "smoothness_score": 0.0,
      "retrieval_score": 0.6097519217330538,
      "forgetting_score": 0.63170328760325,
      "non_target_mean_storage": 0.36829671239674994,
      "plausibility_score": 0.8763742715579593,
      "overall_score": 0.6840904872438489,
      "composite_score": 0.6840904872438489,
      "mrr_mean": 0.5307943163289074,
      "precision_strict": 0.13487071977638015,
      "precision_lift": 0.0,
      "precision_associative": 0.23731656184486372,
      "similarity_recall_rate": 0.6666666666666666,
      "retention_curve": {
        "40": 0.0,
        "80": 1.0,
        "120": 0.7,
        "160": 0.6620689655172414,
        "200": 0.6666666666666666
      },
      "retention_auc": 0.6057471264367815,
      "selectivity_score": 0.03242487770789659,
      "robustness_score": 0.0
    },
    {
      "tick": 200,
      "recall_rate": 0.6388888888888888,
      "precision_rate": 0.2788888888888889,
      "activation_recall_correlation": 0.9616005980771323,
      "fact_episode_delta": 0.2320000000000001,
      "forgetting_curve_smoothness": 0.10849074894280855,
      "storage_std": 0.20236647960461407,
      "storage_iqr": 0.21250017675772861,
      "storage_gini": 0.27043968438679294,
      "retrieval_std": 0.20225660592588365,
      "retrieval_iqr": 0.21250017675772861,
      "retrieval_gini": 0.27037159056061727,
      "activation_std": 0.20236647960461407,
      "activation_iqr": 0.21250017675772861,
      "activation_gini": 0.27043968438679294,
      "threshold_metrics": {
        "0.1": {
          "recall_rate": 0.6388888888888888,
          "precision_rate": 0.2788888888888889
        },
        "0.2": {
          "recall_rate": 0.6388888888888888,
          "precision_rate": 0.2788888888888889
        },
        "0.3": {
          "recall_rate": 0.6388888888888888,
          "precision_rate": 0.2788888888888889
        },
        "0.4": {
          "recall_rate": 0.6388888888888888,
          "precision_rate": 0.2788888888888889
        },
        "0.5": {
          "recall_rate": 0.6388888888888888,
          "precision_rate": 0.2788888888888889
        },
        "0.6": {
          "recall_rate": 0.6444444444444445,
          "precision_rate": 0.2822222222222222
        },
        "0.7": {
          "recall_rate": 0.6666666666666666,
          "precision_rate": 0.21777777777777776
        },
        "0.8": {
          "recall_rate": 0.65,
          "precision_rate": 0.20222222222222222
        },
        "0.9": {
          "recall_rate": 0.6388888888888888,
          "precision_rate": 0.17333333333333334
        }
      },
      "recall_mean": 0.6438271604938272,
      "precision_mean": 0.25222222222222224,
      "threshold_discrimination": 0.02777777777777779,
      "threshold_summary": {
        "threshold_auc": 0.6438271604938272,
        "slope": 0.0
      },
      "corr_mean": 0.8331722394457972,