{
  "status": "completed",
  "tick": 200,
  "recall_rate": 0.5359477124183006,
  "precision_rate": 0.24183006535947713,
  "activation_recall_correlation": 0.40351528332723924,
  "fact_episode_delta": 0.46369047619047615,
  "forgetting_curve_smoothness": 0.01142614255393236,
  "storage_std": 0.18840933001395344,
  "storage_iqr": 0.21250017675772861,
  "storage_gini": 0.26032538063276317,
  "retrieval_std": 0.18840933001395344,
  "retrieval_iqr": 0.21250017675772861,
  "retrieval_gini": 0.26032538063276317,
  "activation_std": 0.18840933001395344,
  "activation_iqr": 0.21250017675772861,
  "activation_gini": 0.26032538063276317,
  "threshold_metrics": {
    "0.1": {
      "recall_rate": 0.5359477124183006,
      "precision_rate": 0.24183006535947713
    },
    "0.2": {
      "recall_rate": 0.5359477124183006,
      "precision_rate": 0.24183006535947713
    },
    "0.3": {
      "recall_rate": 0.5359477124183006,
      "precision_rate": 0.24183006535947713
    },
    "0.4": {
      "recall_rate": 0.5359477124183006,
      "precision_rate": 0.24183006535947713
    },
    "0.5": {
      "recall_rate": 0.5424836601307189,
      "precision_rate": 0.24444444444444444
    },
    "0.6": {
      "recall_rate": 0.5294117647058824,
      "precision_rate": 0.24052287581699347
    },
    "0.7": {
      "recall_rate": 0.28104575163398693,
      "precision_rate": 0.10065359477124183
    },
    "0.8": {
      "recall_rate": 0.2679738562091503,
      "precision_rate": 0.09281045751633987
    },
    "0.9": {
      "recall_rate": 0.026143790849673203,
      "precision_rate": 0.011764705882352941
    }
  },
  "recall_mean": 0.4212055192447349,
  "precision_mean": 0.18416848220769788,
  "threshold_discrimination": 0.5163398692810457,
  "threshold_summary": {
    "threshold_auc": 0.4212055192447349,
    "slope": -0.5098039215686274
  },
  "corr_mean": 0.2721584891924272,
  "corr_score": 0.2721584891924272,
  "smoothness_score": 0.8857385744606764,
  "retrieval_score": 0.36894517066085697,
  "forgetting_score": 0.6310608281354055,
  "non_target_mean_storage": 0.3689391718645945,
  "plausibility_score": 0.2721584891924272,
  "overall_score": 0.4364889804098415,
  "composite_score": 0.4364889804098415,
  "mrr_mean": 0.3050714112805616,
  "precision_strict": 0.08424110384894698,
  "precision_lift": 0.0,
  "precision_associative": 0.18416848220769788,
  "similarity_recall_rate": 0.6209150326797386,
  "retention_curve": {
    "40": 1.0,
    "80": 1.0,
    "120": 0.6363636363636364,
    "160": 0.5683453237410072,
    "200": 0.5359477124183006
  },
  "retention_auc": 0.7481313345045888,
  "selectivity_score": 0.0,
  "robustness_score": 0.0,
  "snapshots": [
    {
      "tick": 0,
      "recall_rate": 1.0,
      "precision_rate": 0.2,
      "activation_recall_correlation": 0.0,
      "fact_episode_delta": 1.0,
      "forgetting_curve_smoothness": 0.0
    },
    {
      "tick": 20,
      "recall_rate": 1.0,
      "precision_rate": 0.2,
      "activation_recall_correlation": 0.0,
      "fact_episode_delta": 1.0,
      "forgetting_curve_smoothness": 0.0
    },
    {
      "tick": 40,
      "recall_rate": 1.0,
      "precision_rate": 0.2,
      "activation_recall_correlation": 0.0,
      "fact_episode_delta": 1.0,
      "forgetting_curve_smoothness": 0.0
    },
    {
      "tick": 60,
      "recall_rate": 1.0,
      "precision_rate": 0.45,
      "activation_recall_correlation": 0.0,
      "fact_episode_delta": 1.0,
      "forgetting_curve_smoothness": 0.0
    },
    {
      "tick": 80,
      "recall_rate": 1.0,
      "precision_rate": 0.44,
      "activation_recall_correlation": 0.0,
      "fact_episode_delta": 1.0,
      "forgetting_curve_smoothness": 0.0
    },
    {
      "tick": 100,
      "recall_rate": 1.0,
      "precision_rate": 0.43333333333333335,
      "activation_recall_correlation": 0.0,
      "fact_episode_delta": 1.0,
      "forgetting_curve_smoothness": 0.0
    },
    {
      "tick": 120,
      "recall_rate": 0.6363636363636364,
      "precision_rate": 0.21818181818181817,
      "activation_recall_correlation": 0.016397913695106677,
      "fact_episode_delta": 0.4,
      "forgetting_curve_smoothness": 0.0
    },
    {
      "tick": 140,
      "recall_rate": 0.5833333333333334,
      "precision_rate": 0.24583333333333332,
      "activation_recall_correlation": 0.11075731865568296,
      "fact_episode_delta": 0.4444444444444444,
      "forgetting_curve_smoothness": 0.018365472910927456
    },
    {
      "tick": 160,
      "recall_rate": 0.5683453237410072,
      "precision_rate": 0.23741007194244604,
      "activation_recall_correlation": 0.3076545750065858,
      "fact_episode_delta": 0.33041865394806574,
      "forgetting_curve_smoothness": 0.015748861528082306
    },
    {
      "tick": 180,
      "recall_rate": 0.5533333333333333,
      "precision_rate": 0.23866666666666667,
      "activation_recall_correlation": 0.40391690297543936,
      "fact_episode_delta": 0.42474916387959866,
      "forgetting_curve_smoothness": 0.013997192310958893
    },
    {
      "tick": 200,
      "recall_rate": 0.5359477124183006,
      "precision_rate": 0.24183006535947713,
      "activation_recall_correlation": 0.40351528332723924,
      "fact_episode_delta": 0.46369047619047615,
      "forgetting_curve_smoothness": 0.012591746339015034
    }
  ],
  "duration_seconds": 37.69,
  "timing_breakdown": {
    "simulation_seconds": 30.253,
    "final_score_summary_seconds": 9.93,
    "query_similarity_total_seconds": 32.177,
    "query_similarity_call_count": 594
  }
}