{
  "status": "completed",
  "tick": 200,
  "recall_rate": 0.6601307189542484,
  "precision_rate": 0.3058823529411765,
  "activation_recall_correlation": 0.29252717532717426,
  "fact_episode_delta": 0.3130952380952381,
  "forgetting_curve_smoothness": 0.00838095115640316,
  "storage_std": 0.30253064195707713,
  "storage_iqr": 0.0021705989632894935,
  "storage_gini": 0.8272211449101247,
  "retrieval_std": 0.30253064195707713,
  "retrieval_iqr": 0.0021705989632894935,
  "retrieval_gini": 0.8272211449101247,
  "activation_std": 0.30253064195707713,
  "activation_iqr": 0.0021705989632894935,
  "activation_gini": 0.8272211449101247,
  "threshold_metrics": {
    "0.1": {
      "recall_rate": 0.6601307189542484,
      "precision_rate": 0.3058823529411765
    },
    "0.2": {
      "recall_rate": 0.6601307189542484,
      "precision_rate": 0.3058823529411765
    },
    "0.3": {
      "recall_rate": 0.6601307189542484,
      "precision_rate": 0.3058823529411765
    },
    "0.4": {
      "recall_rate": 0.6601307189542484,
      "precision_rate": 0.3058823529411765
    },
    "0.5": {
      "recall_rate": 0.6601307189542484,
      "precision_rate": 0.3058823529411765
    },
    "0.6": {
      "recall_rate": 0.6601307189542484,
      "precision_rate": 0.3058823529411765
    },
    "0.7": {
      "recall_rate": 0.6601307189542484,
      "precision_rate": 0.3058823529411765
    },
    "0.8": {
      "recall_rate": 0.5228758169934641,
      "precision_rate": 0.23137254901960785
    },
    "0.9": {
      "recall_rate": 0.28104575163398693,
      "precision_rate": 0.09934640522875816
    }
  },
  "recall_mean": 0.6027596223674654,
  "precision_mean": 0.27465504720406686,
  "threshold_discrimination": 0.3790849673202614,
  "threshold_summary": {
    "threshold_auc": 0.6027596223674654,
    "slope": -0.3790849673202614
  },
  "corr_mean": 0.28122608299661217,
  "corr_score": 0.28122608299661217,
  "smoothness_score": 0.9161904884359684,
  "retrieval_score": 0.5058369644153957,
  "forgetting_score": 0.8813847564443822,
  "non_target_mean_storage": 0.11861524355561778,
  "plausibility_score": 0.28122608299661217,
  "overall_score": 0.5811259712708451,
  "composite_score": 0.5811259712708451,
  "mrr_mean": 0.38737593802953274,
  "precision_strict": 0.1205519244734931,
  "precision_lift": 1.3877787807814457e-17,
  "precision_associative": 0.27465504720406686,
  "similarity_recall_rate": 0.6078431372549019,
  "retention_curve": {
    "40": 1.0,
    "80": 1.0,
    "120": 0.7272727272727273,
    "160": 0.7050359712230215,
    "200": 0.6601307189542484
  },
  "retention_auc": 0.8184878834899996,
  "selectivity_score": 0.0,
  "robustness_score": 0.0,
  "snapshots": [
    {
      "tick": 0,
      "recall_rate": 1.0,
      "precision_rate": 0.2,
      "activation_recall_correlation": 0.0,
      "fact_episode_delta": 1.0,
      "forgetting_curve_smoothness": 0.0
    },
    {
      "tick": 20,
      "recall_rate": 1.0,
      "precision_rate": 0.2,
      "activation_recall_correlation": 0.0,
      "fact_episode_delta": 1.0,
      "forgetting_curve_smoothness": 0.0
    },
    {
      "tick": 40,
      "recall_rate": 1.0,
      "precision_rate": 0.2,
      "activation_recall_correlation": 0.0,
      "fact_episode_delta": 1.0,
      "forgetting_curve_smoothness": 0.0
    },
    {
      "tick": 60,
      "recall_rate": 1.0,
      "precision_rate": 0.5,
      "activation_recall_correlation": 0.0,
      "fact_episode_delta": 1.0,
      "forgetting_curve_smoothness": 0.0
    },
    {
      "tick": 80,
      "recall_rate": 1.0,
      "precision_rate": 0.48,
      "activation_recall_correlation": 0.0,
      "fact_episode_delta": 1.0,
      "forgetting_curve_smoothness": 0.0
    },
    {
      "tick": 100,
      "recall_rate": 1.0,
      "precision_rate": 0.4666666666666667,
      "activation_recall_correlation": 0.0,
      "fact_episode_delta": 1.0,
      "forgetting_curve_smoothness": 0.0
    },
    {
      "tick": 120,
      "recall_rate": 0.7272727272727273,
      "precision_rate": 0.2545454545454545,
      "activation_recall_correlation": 0.08149130588541731,
      "fact_episode_delta": 0.30000000000000004,
      "forgetting_curve_smoothness": 0.0
    },
    {
      "tick": 140,
      "recall_rate": 0.8125,
      "precision_rate": 0.36666666666666664,
      "activation_recall_correlation": 0.09244364343168554,
      "fact_episode_delta": 0.19999999999999996,
      "forgetting_curve_smoothness": 0.010330578512396693
    },
    {
      "tick": 160,
      "recall_rate": 0.7050359712230215,
      "precision_rate": 0.31366906474820144,
      "activation_recall_correlation": 0.24491685009660827,
      "fact_episode_delta": 0.21780604133545312,
      "forgetting_curve_smoothness": 0.01094593312531624
    },
    {
      "tick": 180,
      "recall_rate": 0.7066666666666667,
      "precision_rate": 0.312,
      "activation_recall_correlation": 0.27982525893875876,
      "fact_episode_delta": 0.23494983277591974,
      "forgetting_curve_smoothness": 0.01028961231284014
    },
    {
      "tick": 200,
      "recall_rate": 0.6601307189542484,
      "precision_rate": 0.3058823529411765,
      "activation_recall_correlation": 0.29252717532717426,
      "fact_episode_delta": 0.3130952380952381,
      "forgetting_curve_smoothness": 0.009292726236359312
    }
  ],
  "duration_seconds": 54.3,
  "timing_breakdown": {
    "simulation_seconds": 46.056,
    "final_score_summary_seconds": 5.35,
    "query_similarity_total_seconds": 41.324,
    "query_similarity_call_count": 594
  }
}