{
  "status": "completed",
  "tick": 200,
  "recall_rate": 0.6209150326797386,
  "precision_rate": 0.27320261437908494,
  "activation_recall_correlation": 0.37495769714966276,
  "fact_episode_delta": 0.4005952380952381,
  "forgetting_curve_smoothness": 0.02307682337960066,
  "storage_std": 0.1900818073475672,
  "storage_iqr": 0.1847635688849137,
  "storage_gini": 0.29167663138580907,
  "retrieval_std": 0.1900818073475672,
  "retrieval_iqr": 0.1847635688849137,
  "retrieval_gini": 0.29167663138580907,
  "activation_std": 0.1900818073475672,
  "activation_iqr": 0.1847635688849137,
  "activation_gini": 0.29167663138580907,
  "threshold_metrics": {
    "0.1": {
      "recall_rate": 0.6209150326797386,
      "precision_rate": 0.27320261437908494
    },
    "0.2": {
      "recall_rate": 0.6209150326797386,
      "precision_rate": 0.27320261437908494
    },
    "0.3": {
      "recall_rate": 0.6209150326797386,
      "precision_rate": 0.27320261437908494
    },
    "0.4": {
      "recall_rate": 0.6209150326797386,
      "precision_rate": 0.27320261437908494
    },
    "0.5": {
      "recall_rate": 0.6209150326797386,
      "precision_rate": 0.27320261437908494
    },
    "0.6": {
      "recall_rate": 0.6143790849673203,
      "precision_rate": 0.27058823529411763
    },
    "0.7": {
      "recall_rate": 0.30718954248366015,
      "precision_rate": 0.11372549019607843
    },
    "0.8": {
      "recall_rate": 0.28104575163398693,
      "precision_rate": 0.09673202614379085
    },
    "0.9": {
      "recall_rate": 0.0196078431372549,
      "precision_rate": 0.009150326797385621
    }
  },
  "recall_mean": 0.48075526506899063,
  "precision_mean": 0.20624546114742193,
  "threshold_discrimination": 0.6013071895424836,
  "threshold_summary": {
    "threshold_auc": 0.48075526506899063,
    "slope": -0.6013071895424836
  },
  "corr_mean": 0.2799044701211813,
  "corr_score": 0.2799044701211813,
  "smoothness_score": 0.7692317662039934,
  "retrieval_score": 0.41093500363108215,
  "forgetting_score": 0.6783972421519033,
  "non_target_mean_storage": 0.3216027578480967,
  "plausibility_score": 0.2799044701211813,
  "overall_score": 0.47178915373589436,
  "composite_score": 0.47178915373589436,
  "mrr_mean": 0.3255991285403051,
  "precision_strict": 0.09615105301379812,
  "precision_lift": 0.0,
  "precision_associative": 0.20624546114742193,
  "similarity_recall_rate": 0.5555555555555556,
  "retention_curve": {
    "40": 1.0,
    "80": 1.0,
    "120": 0.5454545454545454,
    "160": 0.6690647482014388,
    "200": 0.6209150326797386
  },
  "retention_auc": 0.7670868652671445,
  "selectivity_score": 0.0,
  "robustness_score": 0.0,
  "snapshots": [
    {
      "tick": 0,
      "recall_rate": 1.0,
      "precision_rate": 0.2,
      "activation_recall_correlation": 0.0,
      "fact_episode_delta": 1.0,
      "forgetting_curve_smoothness": 0.0
    },
    {
      "tick": 20,
      "recall_rate": 1.0,
      "precision_rate": 0.2,
      "activation_recall_correlation": 0.0,
      "fact_episode_delta": 1.0,
      "forgetting_curve_smoothness": 0.0
    },
    {
      "tick": 40,
      "recall_rate": 1.0,
      "precision_rate": 0.2,
      "activation_recall_correlation": 0.0,
      "fact_episode_delta": 1.0,
      "forgetting_curve_smoothness": 0.0
    },
    {
      "tick": 60,
      "recall_rate": 1.0,
      "precision_rate": 0.5,
      "activation_recall_correlation": 0.0,
      "fact_episode_delta": 1.0,
      "forgetting_curve_smoothness": 0.0
    },
    {
      "tick": 80,
      "recall_rate": 1.0,
      "precision_rate": 0.44,
      "activation_recall_correlation": 0.0,
      "fact_episode_delta": 1.0,
      "forgetting_curve_smoothness": 0.0
    },
    {
      "tick": 100,
      "recall_rate": 1.0,
      "precision_rate": 0.43333333333333335,
      "activation_recall_correlation": 0.0,
      "fact_episode_delta": 1.0,
      "forgetting_curve_smoothness": 0.0
    },
    {
      "tick": 120,
      "recall_rate": 0.5454545454545454,
      "precision_rate": 0.18181818181818182,
      "activation_recall_correlation": 0.20936248374948163,
      "fact_episode_delta": 0.5,
      "forgetting_curve_smoothness": 0.0
    },
    {
      "tick": 140,
      "recall_rate": 0.7291666666666666,
      "precision_rate": 0.3416666666666667,
      "activation_recall_correlation": 0.44202038806796795,
      "fact_episode_delta": 0.28888888888888886,
      "forgetting_curve_smoothness": 0.028696051423324157
    },
    {
      "tick": 160,
      "recall_rate": 0.6690647482014388,
      "precision_rate": 0.2949640287769784,
      "activation_recall_correlation": 0.29308515004572194,
      "fact_episode_delta": 0.2668256491785904,
      "forgetting_curve_smoothness": 0.03284043472761005
    },
    {
      "tick": 180,
      "recall_rate": 0.6466666666666666,
      "precision_rate": 0.28,
      "activation_recall_correlation": 0.3748291458988433,
      "fact_episode_delta": 0.3528428093645485,
      "forgetting_curve_smoothness": 0.02878552334012748
    },
    {
      "tick": 200,
      "recall_rate": 0.6209150326797386,
      "precision_rate": 0.27320261437908494,
      "activation_recall_correlation": 0.37495769714966276,
      "fact_episode_delta": 0.4005952380952381,
      "forgetting_curve_smoothness": 0.02562266927217318
    }
  ],
  "duration_seconds": 44.77,
  "timing_breakdown": {
    "simulation_seconds": 37.567,
    "final_score_summary_seconds": 12.405,
    "query_similarity_total_seconds": 40.926,
    "query_similarity_call_count": 594
  }
}