{
  "status": "completed",
  "tick": 200,
  "recall_rate": 0.6535947712418301,
  "precision_rate": 0.2901960784313726,
  "activation_recall_correlation": 0.3105180009227533,
  "fact_episode_delta": 0.35297619047619055,
  "forgetting_curve_smoothness": 0.006803466852935788,
  "storage_std": 0.2718441966053798,
  "storage_iqr": 0.0021705989632894935,
  "storage_gini": 0.8266420584933369,
  "retrieval_std": 0.2718441966053798,
  "retrieval_iqr": 0.0021705989632894935,
  "retrieval_gini": 0.8266420584933369,
  "activation_std": 0.2718441966053798,
  "activation_iqr": 0.0021705989632894935,
  "activation_gini": 0.8266420584933369,
  "threshold_metrics": {
    "0.1": {
      "recall_rate": 0.6535947712418301,
      "precision_rate": 0.2901960784313726
    },
    "0.2": {
      "recall_rate": 0.6535947712418301,
      "precision_rate": 0.2901960784313726
    },
    "0.3": {
      "recall_rate": 0.6535947712418301,
      "precision_rate": 0.2901960784313726
    },
    "0.4": {
      "recall_rate": 0.6535947712418301,
      "precision_rate": 0.2901960784313726
    },
    "0.5": {
      "recall_rate": 0.6535947712418301,
      "precision_rate": 0.2901960784313726
    },
    "0.6": {
      "recall_rate": 0.6535947712418301,
      "precision_rate": 0.2901960784313726
    },
    "0.7": {
      "recall_rate": 0.5098039215686274,
      "precision_rate": 0.2222222222222222
    },
    "0.8": {
      "recall_rate": 0.29411764705882354,
      "precision_rate": 0.10588235294117647
    },
    "0.9": {
      "recall_rate": 0.026143790849673203,
      "precision_rate": 0.011764705882352941
    }
  },
  "recall_mean": 0.5279593318809005,
  "precision_mean": 0.23122730573710967,
  "threshold_discrimination": 0.6274509803921569,
  "threshold_summary": {
    "threshold_auc": 0.5279593318809005,
    "slope": -0.6274509803921569
  },
  "corr_mean": 0.2596249286773632,
  "corr_score": 0.2596249286773632,
  "smoothness_score": 0.9319653314706421,
  "retrieval_score": 0.4451815541031227,
  "forgetting_score": 0.8928307389587387,
  "non_target_mean_storage": 0.1071692610412613,
  "plausibility_score": 0.2596249286773632,
  "overall_score": 0.5554696124461485,
  "composite_score": 0.5554696124461485,
  "mrr_mean": 0.34400871459694987,
  "precision_strict": 0.1055918663761801,
  "precision_lift": 0.0,
  "precision_associative": 0.23122730573710967,
  "similarity_recall_rate": 0.5686274509803921,
  "retention_curve": {
    "40": 1.0,
    "80": 1.0,
    "120": 0.7272727272727273,
    "160": 0.6834532374100719,
    "200": 0.6535947712418301
  },
  "retention_auc": 0.8128641471849261,
  "selectivity_score": 0.0,
  "robustness_score": 0.0,
  "snapshots": [
    {
      "tick": 0,
      "recall_rate": 1.0,
      "precision_rate": 0.2,
      "activation_recall_correlation": 0.0,
      "fact_episode_delta": 1.0,
      "forgetting_curve_smoothness": 0.0
    },
    {
      "tick": 20,
      "recall_rate": 1.0,
      "precision_rate": 0.2,
      "activation_recall_correlation": 0.0,
      "fact_episode_delta": 1.0,
      "forgetting_curve_smoothness": 0.0
    },
    {
      "tick": 40,
      "recall_rate": 1.0,
      "precision_rate": 0.2,
      "activation_recall_correlation": 0.0,
      "fact_episode_delta": 1.0,
      "forgetting_curve_smoothness": 0.0
    },
    {
      "tick": 60,
      "recall_rate": 1.0,
      "precision_rate": 0.5,
      "activation_recall_correlation": 0.0,
      "fact_episode_delta": 1.0,
      "forgetting_curve_smoothness": 0.0
    },
    {
      "tick": 80,
      "recall_rate": 1.0,
      "precision_rate": 0.48,
      "activation_recall_correlation": 0.0,
      "fact_episode_delta": 1.0,
      "forgetting_curve_smoothness": 0.0
    },
    {
      "tick": 100,
      "recall_rate": 1.0,
      "precision_rate": 0.4666666666666667,
      "activation_recall_correlation": 0.0,
      "fact_episode_delta": 1.0,
      "forgetting_curve_smoothness": 0.0
    },
    {
      "tick": 120,
      "recall_rate": 0.7272727272727273,
      "precision_rate": 0.23636363636363636,
      "activation_recall_correlation": 0.09220781276799957,
      "fact_episode_delta": 0.30000000000000004,
      "forgetting_curve_smoothness": 0.0
    },
    {
      "tick": 140,
      "recall_rate": 0.75,
      "precision_rate": 0.35,
      "activation_recall_correlation": 0.10916906962158711,
      "fact_episode_delta": 0.2666666666666667,
      "forgetting_curve_smoothness": 0.010330578512396693
    },
    {
      "tick": 160,
      "recall_rate": 0.6834532374100719,
      "precision_rate": 0.30071942446043165,
      "activation_recall_correlation": 0.2899376312167474,
      "fact_episode_delta": 0.24721780604133547,
      "forgetting_curve_smoothness": 0.009424017540900656
    },
    {
      "tick": 180,
      "recall_rate": 0.68,
      "precision_rate": 0.2906666666666667,
      "activation_recall_correlation": 0.3297235585793853,
      "fact_episode_delta": 0.30476588628762535,
      "forgetting_curve_smoothness": 0.008349991776600717
    },
    {
      "tick": 200,
      "recall_rate": 0.6535947712418301,
      "precision_rate": 0.2901960784313726,
      "activation_recall_correlation": 0.3105180009227533,
      "fact_episode_delta": 0.35297619047619055,
      "forgetting_curve_smoothness": 0.007551034766323201
    }
  ],
  "duration_seconds": 56.0,
  "timing_breakdown": {
    "simulation_seconds": 47.456,
    "final_score_summary_seconds": 5.474,
    "query_similarity_total_seconds": 42.604,
    "query_similarity_call_count": 594
  }
}