{
  "nll": 1.2910694073292288,
  "brier": 0.4248125750954356,
  "ece": 0.43493933114239236,
  "num_events": 2
}