{
  "0250": {
    "fold_scores": [
      {
        "tick": 200,
        "recall_rate": 0.6625766871165644,
        "precision_rate": 0.2147239263803681,
        "activation_recall_correlation": 0.98610344622964,
        "fact_episode_delta": 0.43540489642184554,
        "forgetting_curve_smoothness": 0.003375523296623997,
        "storage_std": 0.20937275894329146,
        "storage_iqr": 0.22452730053022518,
        "storage_gini": 0.325696590361637,
        "retrieval_std": 0.20880219326091565,
        "retrieval_iqr": 0.22452730053022518,
        "retrieval_gini": 0.32534026326483784,
        "activation_std": 0.20937275894329146,
        "activation_iqr": 0.22452730053022518,
        "activation_gini": 0.325696590361637,
        "threshold_metrics": {
          "0.1": {
            "recall_rate": 0.6625766871165644,
            "precision_rate": 0.2147239263803681
          },
          "0.2": {
            "recall_rate": 0.6625766871165644,
            "precision_rate": 0.2147239263803681
          },
          "0.3": {
            "recall_rate": 0.6625766871165644,
            "precision_rate": 0.2147239263803681
          },
          "0.4": {
            "recall_rate": 0.6625766871165644,
            "precision_rate": 0.2147239263803681
          },
          "0.5": {
            "recall_rate": 0.6625766871165644,
            "precision_rate": 0.2147239263803681
          },
          "0.6": {
            "recall_rate": 0.6625766871165644,
            "precision_rate": 0.2134969325153374
          },
          "0.7": {
            "recall_rate": 0.6625766871165644,
            "precision_rate": 0.18650306748466258
          },
          "0.8": {
            "recall_rate": 0.6625766871165644,
            "precision_rate": 0.17177914110429449
          },
          "0.9": {
            "recall_rate": 0.656441717791411,
            "precision_rate": 0.1570552147239264
          }
        },
        "recall_mean": 0.661895023858214,
        "precision_mean": 0.20027266530334015,
        "threshold_discrimination": 0.006134969325153339,
        "threshold_summary": {
          "threshold_auc": 0.661895023858214,
          "slope": -0.006134969325153339
        },
        "corr_mean": 0.761737529486245,
        "corr_score": 0.761737529486245,
        "smoothness_score": 0.96624476703376,
        "retrieval_score": 0.6199727334696659,
        "forgetting_score": 0.6873424310657945,
        "non_target_mean_storage": 0.31265756893420554,
        "plausibility_score": 0.761737529486245,
        "overall_score": 0.6789933266324557,
        "composite_score": 0.6789933266324557,
        "mrr_mean": 0.5687343785503294,
        "precision_strict": 0.1323790047716428,
        "precision_lift": 0.0,
        "precision_associative": 0.20027266530334015,
        "similarity_recall_rate": 0.6625766871165644,
        "retention_curve": {
          "40": 1.0,
          "80": 1.0,
          "120": 0.8125,
          "160": 0.7012987012987013,
          "200": 0.6625766871165644
        },
        "retention_auc": 0.8352750776830531,
        "selectivity_score": 0.06448534423994545,
        "robustness_score": 0.0
      },
      {
        "tick": 200,
        "recall_rate": 0.6666666666666666,
        "precision_rate": 0.23270440251572327,
        "activation_recall_correlation": 0.9603302527304278,
        "fact_episode_delta": 0.3987155963302752,
        "forgetting_curve_smoothness": 0.10072482345066291,
        "storage_std": 0.2092651990644186,
        "storage_iqr": 0.22452730053022518,
        "storage_gini": 0.32571449968620486,
        "retrieval_std": 0.2086378153642326,
        "retrieval_iqr": 0.22452730053022518,
        "retrieval_gini": 0.3253255644779945,
        "activation_std": 0.2092651990644186,
        "activation_iqr": 0.22452730053022518,
        "activation_gini": 0.32571449968620486,
        "threshold_metrics": {
          "0.1": {
            "recall_rate": 0.6666666666666666,
            "precision_rate": 0.23270440251572327
          },
          "0.2": {
            "recall_rate": 0.6666666666666666,
            "precision_rate": 0.23270440251572327
          },
          "0.3": {
            "recall_rate": 0.6666666666666666,
            "precision_rate": 0.23270440251572327
          },
          "0.4": {
            "recall_rate": 0.6666666666666666,
            "precision_rate": 0.23270440251572327
          },
          "0.5": {
            "recall_rate": 0.6666666666666666,
            "precision_rate": 0.23270440251572327
          },
          "0.6": {
            "recall_rate": 0.6666666666666666,
            "precision_rate": 0.22515723270440252
          },
          "0.7": {
            "recall_rate": 0.6666666666666666,
            "precision_rate": 0.189937106918239
          },
          "0.8": {
            "recall_rate": 0.6729559748427673,
            "precision_rate": 0.1710691823899371
          },
          "0.9": {
            "recall_rate": 0.6729559748427673,
            "precision_rate": 0.15723270440251572
          }
        },
        "recall_mean": 0.6680642907058002,
        "precision_mean": 0.21187980433263454,
        "threshold_discrimination": 0.0062893081761006275,
        "threshold_summary": {
          "threshold_auc": 0.6680642907058002,
          "slope": 0.0062893081761006275
        },
        "corr_mean": 0.8715610785588687,
        "corr_score": 0.8715610785588687,
        "smoothness_score": 0.0,
        "retrieval_score": 0.6225716282320057,
        "forgetting_score": 0.6876108058822654,
        "non_target_mean_storage": 0.31238919411773464,
        "plausibility_score": 0.8715610785588687,
        "overall_score": 0.7075827029913123,
        "composite_score": 0.7075827029913123,
        "mrr_mean": 0.5669694852084789,
        "precision_strict": 0.13361285814116003,
        "precision_lift": 0.0,
        "precision_associative": 0.21187980433263454,
        "similarity_recall_rate": 0.6666666666666666,
        "retention_curve": {
          "40": 0.0,
          "80": 1.0,
          "120": 0.8,
          "160": 0.6620689655172414,
          "200": 0.6666666666666666
        },
        "retention_auc": 0.6257471264367817,
        "selectivity_score": 0.05534591194968552,
        "robustness_score": 0.0
      },
      {
        "tick": 200,
        "recall_rate": 0.6388888888888888,
        "precision_rate": 0.23,
        "activation_recall_correlation": 0.9712052074858984,
        "fact_episode_delta": 0.33672727272727265,
        "forgetting_curve_smoothness": 0.10140757671034055,
        "storage_std": 0.21036818367424326,
        "storage_iqr": 0.22452730053022518,
        "storage_gini": 0.32658373876390456,
        "retrieval_std": 0.20965514027917428,
        "retrieval_iqr": 0.22452730053022518,
        "retrieval_gini": 0.3261383882056953,
        "activation_std": 0.21036818367424326,
        "activation_iqr": 0.22452730053022518,
        "activation_gini": 0.32658373876390456,
        "threshold_metrics": {
          "0.1": {
            "recall_rate": 0.6388888888888888,
            "precision_rate": 0.23
          },
          "0.2": {
            "recall_rate": 0.6388888888888888,
            "precision_rate": 0.23
          },
          "0.3": {
            "recall_rate": 0.6388888888888888,
            "precision_rate": 0.23
          },
          "0.4": {
            "recall_rate": 0.6388888888888888,
            "precision_rate": 0.23
          },
          "0.5": {
            "recall_rate": 0.6388888888888888,
            "precision_rate": 0.23
          },
          "0.6": {
            "recall_rate": 0.6388888888888888,
            "precision_rate": 0.22444444444444445
          },
          "0.7": {
            "recall_rate": 0.6388888888888888,
            "precision_rate": 0.19444444444444445
          },
          "0.8": {
            "recall_rate": 0.6333333333333333,
            "precision_rate": 0.17888888888888888
          },