{
  "status": "completed",
  "tick": 200,
  "recall_rate": 0.6797385620915033,
  "precision_rate": 0.31241830065359477,
  "activation_recall_correlation": 0.2659291489763418,
  "fact_episode_delta": 0.2845238095238095,
  "forgetting_curve_smoothness": 0.0033643500949705188,
  "storage_std": 0.31206210606768786,
  "storage_iqr": 0.0021705989632894935,
  "storage_gini": 0.8271584902750246,
  "retrieval_std": 0.31206210606768786,
  "retrieval_iqr": 0.0021705989632894935,
  "retrieval_gini": 0.8271584902750246,
  "activation_std": 0.31206210606768786,
  "activation_iqr": 0.0021705989632894935,
  "activation_gini": 0.8271584902750246,
  "threshold_metrics": {
    "0.1": {
      "recall_rate": 0.6797385620915033,
      "precision_rate": 0.31241830065359477
    },
    "0.2": {
      "recall_rate": 0.6797385620915033,
      "precision_rate": 0.31241830065359477
    },
    "0.3": {
      "recall_rate": 0.6797385620915033,
      "precision_rate": 0.31241830065359477
    },
    "0.4": {
      "recall_rate": 0.6797385620915033,
      "precision_rate": 0.31241830065359477
    },
    "0.5": {
      "recall_rate": 0.6797385620915033,
      "precision_rate": 0.31241830065359477
    },
    "0.6": {
      "recall_rate": 0.6797385620915033,
      "precision_rate": 0.31241830065359477
    },
    "0.7": {
      "recall_rate": 0.6797385620915033,
      "precision_rate": 0.31241830065359477
    },
    "0.8": {
      "recall_rate": 0.6535947712418301,
      "precision_rate": 0.3032679738562091
    },
    "0.9": {
      "recall_rate": 0.3006535947712418,
      "precision_rate": 0.1111111111111111
    }
  },
  "recall_mean": 0.6347131445170661,
  "precision_mean": 0.28903413217138707,
  "threshold_discrimination": 0.3790849673202615,
  "threshold_summary": {
    "threshold_auc": 0.6347131445170661,
    "slope": -0.3790849673202615
  },
  "corr_mean": 0.25234355393344327,
  "corr_score": 0.25234355393344327,
  "smoothness_score": 0.9663564990502949,
  "retrieval_score": 0.530383079157589,
  "forgetting_score": 0.8778443902978779,
  "non_target_mean_storage": 0.12215560970212219,
  "plausibility_score": 0.25234355393344327,
  "overall_score": 0.5824846567506536,
  "composite_score": 0.5824846567506536,
  "mrr_mean": 0.4028685548293392,
  "precision_strict": 0.1269426289034132,
  "precision_lift": 0.0,
  "precision_associative": 0.28903413217138707,
  "similarity_recall_rate": 0.6209150326797386,
  "retention_curve": {
    "40": 1.0,
    "80": 1.0,
    "120": 0.8181818181818182,
    "160": 0.7122302158273381,
    "200": 0.6797385620915033
  },
  "retention_auc": 0.842030119220132,
  "selectivity_score": 0.0,
  "robustness_score": 0.0,
  "snapshots": [
    {
      "tick": 0,
      "recall_rate": 1.0,
      "precision_rate": 0.2,
      "activation_recall_correlation": 0.0,
      "fact_episode_delta": 1.0,
      "forgetting_curve_smoothness": 0.0
    },
    {
      "tick": 20,
      "recall_rate": 1.0,
      "precision_rate": 0.2,
      "activation_recall_correlation": 0.0,
      "fact_episode_delta": 1.0,
      "forgetting_curve_smoothness": 0.0
    },
    {
      "tick": 40,
      "recall_rate": 1.0,
      "precision_rate": 0.2,
      "activation_recall_correlation": 0.0,
      "fact_episode_delta": 1.0,
      "forgetting_curve_smoothness": 0.0
    },
    {
      "tick": 60,
      "recall_rate": 1.0,
      "precision_rate": 0.5,
      "activation_recall_correlation": 0.0,
      "fact_episode_delta": 1.0,
      "forgetting_curve_smoothness": 0.0
    },
    {
      "tick": 80,
      "recall_rate": 1.0,
      "precision_rate": 0.48,
      "activation_recall_correlation": 0.0,
      "fact_episode_delta": 1.0,
      "forgetting_curve_smoothness": 0.0
    },
    {
      "tick": 100,
      "recall_rate": 1.0,
      "precision_rate": 0.4666666666666667,
      "activation_recall_correlation": 0.0,
      "fact_episode_delta": 1.0,
      "forgetting_curve_smoothness": 0.0
    },
    {
      "tick": 120,
      "recall_rate": 0.8181818181818182,
      "precision_rate": 0.2727272727272727,
      "activation_recall_correlation": -0.027425300767522875,
      "fact_episode_delta": 0.19999999999999996,
      "forgetting_curve_smoothness": 0.0
    },
    {
      "tick": 140,
      "recall_rate": 0.8125,
      "precision_rate": 0.36666666666666664,
      "activation_recall_correlation": 0.08490758189036697,
      "fact_episode_delta": 0.19999999999999996,
      "forgetting_curve_smoothness": 0.0045913682277318605
    },
    {
      "tick": 160,
      "recall_rate": 0.7122302158273381,
      "precision_rate": 0.3194244604316547,
      "activation_recall_correlation": 0.23281747805191616,
      "fact_episode_delta": 0.2080021197668257,
      "forgetting_curve_smoothness": 0.004009687552707031
    },
    {
      "tick": 180,
      "recall_rate": 0.7066666666666667,
      "precision_rate": 0.31466666666666665,
      "activation_recall_correlation": 0.27905952120880284,
      "fact_episode_delta": 0.23494983277591974,
      "forgetting_curve_smoothness": 0.0040990916037756606
    },
    {
      "tick": 200,
      "recall_rate": 0.6797385620915033,
      "precision_rate": 0.31241830065359477,
      "activation_recall_correlation": 0.2659291489763418,
      "fact_episode_delta": 0.2845238095238095,
      "forgetting_curve_smoothness": 0.0037349581297395056
    }
  ],
  "duration_seconds": 54.77,
  "timing_breakdown": {
    "simulation_seconds": 45.851,
    "final_score_summary_seconds": 5.893,
    "query_similarity_total_seconds": 40.96,
    "query_similarity_call_count": 594
  }
}