{
  "status": "completed",
  "tick": 200,
  "recall_rate": 0.6470588235294118,
  "precision_rate": 0.2980392156862745,
  "activation_recall_correlation": 0.25467800754300773,
  "fact_episode_delta": 0.27142857142857146,
  "forgetting_curve_smoothness": 0.014534618747534733,
  "storage_std": 0.3188397747925457,
  "storage_iqr": 0.0021705989632894935,
  "storage_gini": 0.827072538322913,
  "retrieval_std": 0.3188397747925457,
  "retrieval_iqr": 0.0021705989632894935,
  "retrieval_gini": 0.827072538322913,
  "activation_std": 0.3188397747925457,
  "activation_iqr": 0.0021705989632894935,
  "activation_gini": 0.827072538322913,
  "threshold_metrics": {
    "0.1": {
      "recall_rate": 0.6470588235294118,
      "precision_rate": 0.2980392156862745
    },
    "0.2": {
      "recall_rate": 0.6470588235294118,
      "precision_rate": 0.2980392156862745
    },
    "0.3": {
      "recall_rate": 0.6470588235294118,
      "precision_rate": 0.2980392156862745
    },
    "0.4": {
      "recall_rate": 0.6470588235294118,
      "precision_rate": 0.2980392156862745
    },
    "0.5": {
      "recall_rate": 0.6470588235294118,
      "precision_rate": 0.2980392156862745
    },
    "0.6": {
      "recall_rate": 0.6470588235294118,
      "precision_rate": 0.2980392156862745
    },
    "0.7": {
      "recall_rate": 0.6470588235294118,
      "precision_rate": 0.2980392156862745
    },
    "0.8": {
      "recall_rate": 0.6405228758169934,
      "precision_rate": 0.29673202614379085
    },
    "0.9": {
      "recall_rate": 0.30718954248366015,
      "precision_rate": 0.11241830065359477
    }
  },
  "recall_mean": 0.6085693536673928,
  "precision_mean": 0.2772694262890341,
  "threshold_discrimination": 0.33986928104575165,
  "threshold_summary": {
    "threshold_auc": 0.6085693536673928,
    "slope": -0.33986928104575165
  },
  "corr_mean": 0.2343383315030515,
  "corr_score": 0.2343383315030515,
  "smoothness_score": 0.8546538125246527,
  "retrieval_score": 0.5093754538852577,
  "forgetting_score": 0.8753326567162529,
  "non_target_mean_storage": 0.1246673432837471,
  "plausibility_score": 0.2343383315030515,
  "overall_score": 0.5687011942805544,
  "composite_score": 0.5687011942805544,
  "mrr_mean": 0.3881384652626482,
  "precision_strict": 0.12171387073347856,
  "precision_lift": 0.0,
  "precision_associative": 0.2772694262890341,
  "similarity_recall_rate": 0.6209150326797386,
  "retention_curve": {
    "40": 1.0,
    "80": 1.0,
    "120": 0.6363636363636364,
    "160": 0.697841726618705,
    "200": 0.6470588235294118
  },
  "retention_auc": 0.7962528373023506,
  "selectivity_score": 0.0,
  "robustness_score": 0.0,
  "snapshots": [
    {
      "tick": 0,
      "recall_rate": 1.0,
      "precision_rate": 0.2,
      "activation_recall_correlation": 0.0,
      "fact_episode_delta": 1.0,
      "forgetting_curve_smoothness": 0.0
    },
    {
      "tick": 20,
      "recall_rate": 1.0,
      "precision_rate": 0.3333333333333333,
      "activation_recall_correlation": 0.0,
      "fact_episode_delta": 1.0,
      "forgetting_curve_smoothness": 0.0
    },
    {
      "tick": 40,
      "recall_rate": 1.0,
      "precision_rate": 0.25,
      "activation_recall_correlation": 0.0,
      "fact_episode_delta": 1.0,
      "forgetting_curve_smoothness": 0.0
    },
    {
      "tick": 60,
      "recall_rate": 1.0,
      "precision_rate": 0.5,
      "activation_recall_correlation": 0.0,
      "fact_episode_delta": 1.0,
      "forgetting_curve_smoothness": 0.0
    },
    {
      "tick": 80,
      "recall_rate": 1.0,
      "precision_rate": 0.48,
      "activation_recall_correlation": 0.0,
      "fact_episode_delta": 1.0,
      "forgetting_curve_smoothness": 0.0
    },
    {
      "tick": 100,
      "recall_rate": 1.0,
      "precision_rate": 0.4666666666666667,
      "activation_recall_correlation": 0.0,
      "fact_episode_delta": 1.0,
      "forgetting_curve_smoothness": 0.0
    },
    {
      "tick": 120,
      "recall_rate": 0.6363636363636364,
      "precision_rate": 0.2,
      "activation_recall_correlation": 0.2632815879107345,
      "fact_episode_delta": 0.4,
      "forgetting_curve_smoothness": 0.0
    },
    {
      "tick": 140,
      "recall_rate": 0.7708333333333334,
      "precision_rate": 0.35,
      "activation_recall_correlation": 0.24163819489376276,
      "fact_episode_delta": 0.24444444444444446,
      "forgetting_curve_smoothness": 0.018365472910927456
    },
    {
      "tick": 160,
      "recall_rate": 0.697841726618705,
      "precision_rate": 0.3122302158273381,
      "activation_recall_correlation": 0.27194505272821584,
      "fact_episode_delta": 0.22760996290408064,
      "forgetting_curve_smoothness": 0.020401574886152813
    },
    {
      "tick": 180,
      "recall_rate": 0.6933333333333334,
      "precision_rate": 0.312,
      "activation_recall_correlation": 0.3060992795662017,
      "fact_episode_delta": 0.2541806020066889,
      "forgetting_curve_smoothness": 0.018028603280123394
    },
    {
      "tick": 200,
      "recall_rate": 0.6470588235294118,
      "precision_rate": 0.2980392156862745,
      "activation_recall_correlation": 0.25467800754300773,
      "fact_episode_delta": 0.27142857142857146,
      "forgetting_curve_smoothness": 0.01613469132294989
    }
  ],
  "duration_seconds": 39.43,
  "timing_breakdown": {
    "simulation_seconds": 27.737,
    "final_score_summary_seconds": 5.329,
    "query_similarity_total_seconds": 24.488,
    "query_similarity_call_count": 594
  }
}