{
  "fold_scores": [
    {
      "tick": 200,
      "recall_rate": 0.6257668711656442,
      "precision_rate": 0.22208588957055214,
      "activation_recall_correlation": 0.9818753580018945,
      "fact_episode_delta": 0.42485875706214693,
      "forgetting_curve_smoothness": 0.004330564488649493,
      "storage_std": 0.17928410805144204,
      "storage_iqr": 0.293473404048258,
      "storage_gini": 0.1999975952571261,
      "retrieval_std": 0.1768653168963392,
      "retrieval_iqr": 0.293473404048258,
      "retrieval_gini": 0.19853818281132024,
      "activation_std": 0.17928410805144204,
      "activation_iqr": 0.293473404048258,
      "activation_gini": 0.1999975952571261,
      "threshold_metrics": {
        "0.1": {
          "recall_rate": 0.6257668711656442,
          "precision_rate": 0.22208588957055214
        },
        "0.2": {
          "recall_rate": 0.6257668711656442,
          "precision_rate": 0.22208588957055214
        },
        "0.3": {
          "recall_rate": 0.6257668711656442,
          "precision_rate": 0.22208588957055214
        },
        "0.4": {
          "recall_rate": 0.6319018404907976,
          "precision_rate": 0.2282208588957055
        },
        "0.5": {
          "recall_rate": 0.6319018404907976,
          "precision_rate": 0.2233128834355828
        },
        "0.6": {
          "recall_rate": 0.6319018404907976,
          "precision_rate": 0.18159509202453988
        },
        "0.7": {
          "recall_rate": 0.6380368098159509,
          "precision_rate": 0.17791411042944785
        },
        "0.8": {
          "recall_rate": 0.6380368098159509,
          "precision_rate": 0.16932515337423312
        },
        "0.9": {
          "recall_rate": 0.6257668711656442,
          "precision_rate": 0.14846625766871166
        }
      },
      "recall_mean": 0.6305385139740968,
      "precision_mean": 0.19945466939331968,
      "threshold_discrimination": 0.012269938650306678,
      "threshold_summary": {
        "threshold_auc": 0.6305385139740968,
        "slope": 0.0
      },
      "corr_mean": 0.7690067216034276,
      "corr_score": 0.7690067216034276,
      "smoothness_score": 0.9566943551135051,
      "retrieval_score": 0.5735241990456714,
      "forgetting_score": 0.5302232091691162,
      "non_target_mean_storage": 0.46977679083088375,
      "plausibility_score": 0.7690067216034276,
      "overall_score": 0.6072394832283162,
      "composite_score": 0.6072394832283162,
      "mrr_mean": 0.5038400363553738,
      "precision_strict": 0.12610770279481934,
      "precision_lift": 0.0,
      "precision_associative": 0.19945466939331968,
      "similarity_recall_rate": 0.6257668711656442,
      "retention_curve": {
        "40": 1.0,
        "80": 1.0,
        "120": 0.8125,
        "160": 0.6103896103896104,
        "200": 0.6257668711656442
      },
      "retention_auc": 0.8097312963110509,
      "selectivity_score": 0.05276073619631899,
      "robustness_score": 0.0
    },
    {
      "tick": 200,
      "recall_rate": 0.5911949685534591,
      "precision_rate": 0.2238993710691824,
      "activation_recall_correlation": 0.9406079599935797,
      "fact_episode_delta": 0.3337614678899082,
      "forgetting_curve_smoothness": 0.10754239641044894,
      "storage_std": 0.17811748455522672,
      "storage_iqr": 0.293473404048258,
      "storage_gini": 0.19925938228188614,
      "retrieval_std": 0.1760090461393829,
      "retrieval_iqr": 0.293473404048258,
      "retrieval_gini": 0.1979734706398385,
      "activation_std": 0.17811748455522672,
      "activation_iqr": 0.293473404048258,
      "activation_gini": 0.19925938228188614,
      "threshold_metrics": {
        "0.1": {
          "recall_rate": 0.5911949685534591,
          "precision_rate": 0.2238993710691824
        },
        "0.2": {
          "recall_rate": 0.5911949685534591,
          "precision_rate": 0.2238993710691824
        },
        "0.3": {
          "recall_rate": 0.5911949685534591,
          "precision_rate": 0.2238993710691824
        },
        "0.4": {
          "recall_rate": 0.610062893081761,
          "precision_rate": 0.22767295597484277
        },
        "0.5": {
          "recall_rate": 0.610062893081761,
          "precision_rate": 0.22515723270440252
        },
        "0.6": {
          "recall_rate": 0.610062893081761,
          "precision_rate": 0.17861635220125785
        },
        "0.7": {
          "recall_rate": 0.6289308176100629,
          "precision_rate": 0.18238993710691823
        },
        "0.8": {
          "recall_rate": 0.6037735849056604,
          "precision_rate": 0.16226415094339622
        },
        "0.9": {
          "recall_rate": 0.5849056603773585,
          "precision_rate": 0.1371069182389937
        }
      },
      "recall_mean": 0.6023759608665268,
      "precision_mean": 0.19832285115303983,
      "threshold_discrimination": 0.04402515723270439,
      "threshold_summary": {
        "threshold_auc": 0.6023759608665268,
        "slope": -0.0062893081761006275
      },
      "corr_mean": 0.7075568057102197,
      "corr_score": 0.7075568057102197,
      "smoothness_score": 0.0,
      "retrieval_score": 0.5456830887491264,
      "forgetting_score": 0.5308050961279589,
      "non_target_mean_storage": 0.46919490387204105,
      "plausibility_score": 0.7075568057102197,
      "overall_score": 0.5809442205719911,
      "composite_score": 0.5809442205719911,
      "mrr_mean": 0.4763918006056371,
      "precision_strict": 0.12047519217330538,
      "precision_lift": 2.7755575615628914e-17,
      "precision_associative": 0.19832285115303983,
      "similarity_recall_rate": 0.5911949685534591,
      "retention_curve": {
        "40": 0.0,
        "80": 1.0,
        "120": 0.7,
        "160": 0.5586206896551724,
        "200": 0.5911949685534591
      },
      "retention_auc": 0.5699631316417263,
      "selectivity_score": 0.04262753319357093,
      "robustness_score": 0.0
    },
    {
      "tick": 200,
      "recall_rate": 0.5444444444444444,
      "precision_rate": 0.21555555555555556,
      "activation_recall_correlation": 0.9552649758751995,
      "fact_episode_delta": 0.34181818181818185,
      "forgetting_curve_smoothness": 0.12016588943059454,
      "storage_std": 0.17873511265589961,
      "storage_iqr": 0.293473404048258,
      "storage_gini": 0.1996226284093667,
      "retrieval_std": 0.17638887820876253,
      "retrieval_iqr": 0.293473404048258,
      "retrieval_gini": 0.19820874167371488,
      "activation_std": 0.17873511265589961,
      "activation_iqr": 0.293473404048258,
      "activation_gini": 0.1996226284093667,
      "threshold_metrics": {
        "0.1": {
          "recall_rate": 0.5444444444444444,
          "precision_rate": 0.21555555555555556
        },
        "0.2": {
          "recall_rate": 0.5444444444444444,
          "precision_rate": 0.21555555555555556
        },
        "0.3": {
          "recall_rate": 0.5444444444444444,
          "precision_rate": 0.21555555555555556
        },
        "0.4": {
          "recall_rate": 0.55,
          "precision_rate": 0.22111111111111112
        },
        "0.5": {
          "recall_rate": 0.5555555555555556,
          "precision_rate": 0.21555555555555556
        },
        "0.6": {
          "recall_rate": 0.5555555555555556,
          "precision_rate": 0.17
        },
        "0.7": {
          "recall_rate": 0.5611111111111111,
          "precision_rate": 0.16777777777777778
        },
        "0.8": {
          "recall_rate": 0.5611111111111111,
          "precision_rate": 0.15888888888888889
        },
        "0.9": {
          "recall_rate": 0.5444444444444444,
          "precision_rate": 0.13666666666666666
        }
      },
      "recall_mean": 0.5512345679012346,
      "precision_mean": 0.19074074074074077,
      "threshold_discrimination": 0.01666666666666672,
      "threshold_summary": {
        "threshold_auc": 0.5512345679012346,
        "slope": 0.0
      },
      "corr_mean": 0.7962629813792297,