{
  "fold_scores": [
    {
      "tick": 200,
      "recall_rate": 0.7177914110429447,
      "precision_rate": 0.2552147239263804,
      "activation_recall_correlation": 0.9594790695911606,
      "fact_episode_delta": 0.35913370998116756,
      "forgetting_curve_smoothness": 0.0021884075878011553,
      "storage_std": 0.20070879016030715,
      "storage_iqr": 0.16531892280767577,
      "storage_gini": 0.3212886202859534,
      "retrieval_std": 0.1989100805815637,
      "retrieval_iqr": 0.16531892280767577,
      "retrieval_gini": 0.3201475562885733,
      "activation_std": 0.20070879016030715,
      "activation_iqr": 0.16531892280767577,
      "activation_gini": 0.3212886202859534,
      "threshold_metrics": {
        "0.1": {
          "recall_rate": 0.7177914110429447,
          "precision_rate": 0.2552147239263804
        },
        "0.2": {
          "recall_rate": 0.7177914110429447,
          "precision_rate": 0.2552147239263804
        },
        "0.3": {
          "recall_rate": 0.7177914110429447,
          "precision_rate": 0.2552147239263804
        },
        "0.4": {
          "recall_rate": 0.7177914110429447,
          "precision_rate": 0.25644171779141106
        },
        "0.5": {
          "recall_rate": 0.7177914110429447,
          "precision_rate": 0.25644171779141106
        },
        "0.6": {
          "recall_rate": 0.7177914110429447,
          "precision_rate": 0.24539877300613497
        },
        "0.7": {
          "recall_rate": 0.7116564417177914,
          "precision_rate": 0.19877300613496932
        },
        "0.8": {
          "recall_rate": 0.7055214723926381,
          "precision_rate": 0.17423312883435582
        },
        "0.9": {
          "recall_rate": 0.7116564417177914,
          "precision_rate": 0.1668711656441718
        }
      },
      "recall_mean": 0.7150647580095434,
      "precision_mean": 0.22931152010906614,
      "threshold_discrimination": 0.012269938650306678,
      "threshold_summary": {
        "threshold_auc": 0.7150647580095434,
        "slope": -0.006134969325153339
      },
      "corr_mean": 0.8294659837676543,
      "corr_score": 0.8294659837676543,
      "smoothness_score": 0.9781159241219884,
      "retrieval_score": 0.656112815269257,
      "forgetting_score": 0.7132321200443483,
      "non_target_mean_storage": 0.2867678799556516,
      "plausibility_score": 0.8294659837676543,
      "overall_score": 0.7194428640651384,
      "composite_score": 0.7194428640651384,
      "mrr_mean": 0.5840604408089071,
      "precision_strict": 0.14301295160190866,
      "precision_lift": 0.0,
      "precision_associative": 0.22931152010906614,
      "similarity_recall_rate": 0.7177914110429447,
      "retention_curve": {
        "40": 1.0,
        "80": 1.0,
        "120": 0.875,
        "160": 0.7142857142857143,
        "200": 0.7177914110429447
      },
      "retention_auc": 0.8614154250657318,
      "selectivity_score": 0.056714383094751186,
      "robustness_score": 0.0
    },
    {
      "tick": 200,
      "recall_rate": 0.6792452830188679,
      "precision_rate": 0.25534591194968553,
      "activation_recall_correlation": 0.9633117430165907,
      "fact_episode_delta": 0.3803669724770642,
      "forgetting_curve_smoothness": 0.10050915996563665,
      "storage_std": 0.19900602786461646,
      "storage_iqr": 0.16531892280767577,
      "storage_gini": 0.31998170860266373,
      "retrieval_std": 0.19738206144292442,
      "retrieval_iqr": 0.16531892280767577,
      "retrieval_gini": 0.3189540326288073,
      "activation_std": 0.19900602786461646,
      "activation_iqr": 0.16531892280767577,
      "activation_gini": 0.31998170860266373,
      "threshold_metrics": {
        "0.1": {
          "recall_rate": 0.6792452830188679,
          "precision_rate": 0.25534591194968553
        },
        "0.2": {
          "recall_rate": 0.6792452830188679,
          "precision_rate": 0.25534591194968553
        },
        "0.3": {
          "recall_rate": 0.6792452830188679,
          "precision_rate": 0.25534591194968553
        },
        "0.4": {
          "recall_rate": 0.6792452830188679,
          "precision_rate": 0.25534591194968553
        },
        "0.5": {
          "recall_rate": 0.6792452830188679,
          "precision_rate": 0.25534591194968553
        },
        "0.6": {
          "recall_rate": 0.6792452830188679,
          "precision_rate": 0.2490566037735849
        },
        "0.7": {
          "recall_rate": 0.6792452830188679,
          "precision_rate": 0.19371069182389938
        },
        "0.8": {
          "recall_rate": 0.6855345911949685,
          "precision_rate": 0.16729559748427672
        },
        "0.9": {
          "recall_rate": 0.6729559748427673,
          "precision_rate": 0.15471698113207547
        }
      },
      "recall_mean": 0.679245283018868,
      "precision_mean": 0.2268343815513627,
      "threshold_discrimination": 0.012578616352201255,
      "threshold_summary": {
        "threshold_auc": 0.679245283018868,
        "slope": -0.0062893081761006275
      },
      "corr_mean": 0.7825005703169433,
      "corr_score": 0.7825005703169433,
      "smoothness_score": 0.0,
      "retrieval_score": 0.625990566037736,
      "forgetting_score": 0.7135458849291176,
      "non_target_mean_storage": 0.28645411507088236,
      "plausibility_score": 0.7825005703169433,
      "overall_score": 0.6957624287195213,
      "composite_score": 0.6957624287195213,
      "mrr_mean": 0.5609014675052411,
      "precision_strict": 0.13584905660377358,
      "precision_lift": 0.0,
      "precision_associative": 0.2268343815513627,
      "similarity_recall_rate": 0.6792452830188679,
      "retention_curve": {
        "40": 0.0,
        "80": 1.0,
        "120": 0.8,
        "160": 0.6827586206896552,
        "200": 0.6792452830188679
      },
      "retention_auc": 0.6324007807417046,
      "selectivity_score": 0.04486373165618446,
      "robustness_score": 0.0
    },
    {
      "tick": 200,
      "recall_rate": 0.65,
      "precision_rate": 0.25555555555555554,
      "activation_recall_correlation": 0.9820206316893724,
      "fact_episode_delta": 0.29454545454545444,
      "forgetting_curve_smoothness": 0.10213579311250195,
      "storage_std": 0.20104513782424335,
      "storage_iqr": 0.16531892280767577,
      "storage_gini": 0.3216025887198047,
      "retrieval_std": 0.19904709759845496,
      "retrieval_iqr": 0.16531892280767577,
      "retrieval_gini": 0.32033336203627544,
      "activation_std": 0.20104513782424335,
      "activation_iqr": 0.16531892280767577,
      "activation_gini": 0.3216025887198047,
      "threshold_metrics": {
        "0.1": {
          "recall_rate": 0.65,
          "precision_rate": 0.25555555555555554
        },
        "0.2": {
          "recall_rate": 0.65,
          "precision_rate": 0.25555555555555554
        },
        "0.3": {
          "recall_rate": 0.65,
          "precision_rate": 0.25555555555555554
        },
        "0.4": {
          "recall_rate": 0.65,
          "precision_rate": 0.25555555555555554
        },
        "0.5": {
          "recall_rate": 0.65,
          "precision_rate": 0.25555555555555554
        },
        "0.6": {
          "recall_rate": 0.65,
          "precision_rate": 0.24
        },
        "0.7": {
          "recall_rate": 0.6555555555555556,
          "precision_rate": 0.20333333333333334
        },
        "0.8": {
          "recall_rate": 0.6555555555555556,
          "precision_rate": 0.18
        },
        "0.9": {
          "recall_rate": 0.65,
          "precision_rate": 0.17222222222222222
        }
      },
      "recall_mean": 0.6512345679012346,
      "precision_mean": 0.23037037037037036,
      "threshold_discrimination": 0.005555555555555536,
      "threshold_summary": {
        "threshold_auc": 0.6512345679012346,
        "slope": 0.0
      },
      "corr_mean": 0.762750453873518,
      "corr_score": 0.762750453873518,
      "smoothness_score": 0.0,