{
  "fold_scores": [
    {
      "tick": 200,
      "recall_rate": 0.6993865030674846,
      "precision_rate": 0.2723926380368098,
      "activation_recall_correlation": 0.952517771769509,
      "fact_episode_delta": 0.3231638418079096,
      "forgetting_curve_smoothness": 0.004074899305840973,
      "storage_std": 0.20703543749621336,
      "storage_iqr": 0.299746874601266,
      "storage_gini": 0.21871434833241968,
      "retrieval_std": 0.2070252723785017,
      "retrieval_iqr": 0.299746874601266,
      "retrieval_gini": 0.21870797699270655,
      "activation_std": 0.20703543749621336,
      "activation_iqr": 0.299746874601266,
      "activation_gini": 0.21871434833241968,
      "threshold_metrics": {
        "0.1": {
          "recall_rate": 0.6993865030674846,
          "precision_rate": 0.2723926380368098
        },
        "0.2": {
          "recall_rate": 0.6993865030674846,
          "precision_rate": 0.2723926380368098
        },
        "0.3": {
          "recall_rate": 0.6993865030674846,
          "precision_rate": 0.2723926380368098
        },
        "0.4": {
          "recall_rate": 0.6993865030674846,
          "precision_rate": 0.2723926380368098
        },
        "0.5": {
          "recall_rate": 0.6993865030674846,
          "precision_rate": 0.2723926380368098
        },
        "0.6": {
          "recall_rate": 0.6993865030674846,
          "precision_rate": 0.2723926380368098
        },
        "0.7": {
          "recall_rate": 0.7239263803680982,
          "precision_rate": 0.2871165644171779
        },
        "0.8": {
          "recall_rate": 0.7361963190184049,
          "precision_rate": 0.21717791411042944
        },
        "0.9": {
          "recall_rate": 0.7177914110429447,
          "precision_rate": 0.2
        }
      },
      "recall_mean": 0.7082481254260395,
      "precision_mean": 0.2598500340831629,
      "threshold_discrimination": 0.036809815950920255,
      "threshold_summary": {
        "threshold_auc": 0.7082481254260395,
        "slope": 0.018404907975460127
      },
      "corr_mean": 0.892788518414092,
      "corr_score": 0.892788518414092,
      "smoothness_score": 0.9592510069415903,
      "retrieval_score": 0.44401499659168375,
      "plausibility_score": 0.9260197626778411,
      "overall_score": 0.6850173796347625,
      "composite_score": 0.6850173796347625,
      "mrr_mean": 0.5357191547375596,
      "precision_strict": 0.14164962508520793,
      "precision_lift": 2.7755575615628914e-17,
      "precision_associative": 0.2598500340831629,
      "similarity_recall_rate": 0.6993865030674846,
      "retention_curve": {
        "40": 1.0,
        "80": 1.0,
        "120": 0.8125,
        "160": 0.6623376623376623,
        "200": 0.6993865030674846
      },
      "retention_auc": 0.8348448330810294,
      "selectivity_score": 0.023449216087252978,
      "robustness_score": 0.0,
      "eval_v2_score": 0.3838874005170018
    },
    {
      "tick": 200,
      "recall_rate": 0.6540880503144654,
      "precision_rate": 0.2591194968553459,
      "activation_recall_correlation": 0.9174139807466007,
      "fact_episode_delta": 0.30036697247706423,
      "forgetting_curve_smoothness": 0.10123086546178875,
      "storage_std": 0.20596563725788672,
      "storage_iqr": 0.299746874601266,
      "storage_gini": 0.21803578504943164,
      "retrieval_std": 0.20593307583186993,
      "retrieval_iqr": 0.299746874601266,
      "retrieval_gini": 0.21801443672736628,
      "activation_std": 0.20596563725788672,
      "activation_iqr": 0.299746874601266,
      "activation_gini": 0.21803578504943164,
      "threshold_metrics": {
        "0.1": {
          "recall_rate": 0.6540880503144654,
          "precision_rate": 0.2591194968553459
        },
        "0.2": {
          "recall_rate": 0.6540880503144654,
          "precision_rate": 0.2591194968553459
        },
        "0.3": {
          "recall_rate": 0.6540880503144654,
          "precision_rate": 0.2591194968553459
        },
        "0.4": {
          "recall_rate": 0.6540880503144654,
          "precision_rate": 0.2591194968553459
        },
        "0.5": {
          "recall_rate": 0.6540880503144654,
          "precision_rate": 0.2591194968553459
        },
        "0.6": {
          "recall_rate": 0.6540880503144654,
          "precision_rate": 0.2591194968553459
        },
        "0.7": {
          "recall_rate": 0.6666666666666666,
          "precision_rate": 0.2691823899371069
        },
        "0.8": {
          "recall_rate": 0.710691823899371,
          "precision_rate": 0.21635220125786164
        },
        "0.9": {
          "recall_rate": 0.6792452830188679,
          "precision_rate": 0.18867924528301888
        }
      },
      "recall_mean": 0.6645702306079664,
      "precision_mean": 0.24765897973445142,
      "threshold_discrimination": 0.05660377358490565,
      "threshold_summary": {
        "threshold_auc": 0.6645702306079664,
        "slope": 0.02515723270440251
      },
      "corr_mean": 0.8575148552443081,
      "corr_score": 0.8575148552443081,
      "smoothness_score": 0.0,
      "retrieval_score": 0.4149685534591195,
      "plausibility_score": 0.4287574276221541,
      "overall_score": 0.4218629905406368,
      "composite_score": 0.4218629905406368,
      "mrr_mean": 0.49713487071977647,
      "precision_strict": 0.1329140461215933,
      "precision_lift": 2.7755575615628914e-17,
      "precision_associative": 0.24765897973445142,
      "similarity_recall_rate": 0.6540880503144654,
      "retention_curve": {
        "40": 0.0,
        "80": 1.0,
        "120": 0.8,
        "160": 0.6344827586206897,
        "200": 0.6540880503144654
      },
      "retention_auc": 0.617714161787031,
      "selectivity_score": 0.01816911250873518,
      "robustness_score": 0.0,
      "eval_v2_score": 0.28433056218222125
    },
    {
      "tick": 200,
      "recall_rate": 0.6111111111111112,
      "precision_rate": 0.26555555555555554,
      "activation_recall_correlation": 0.922637354686619,
      "fact_episode_delta": 0.19345454545454543,
      "forgetting_curve_smoothness": 0.1084705451219854,
      "storage_std": 0.20639104257122393,
      "storage_iqr": 0.299746874601266,
      "storage_gini": 0.2183317435279521,
      "retrieval_std": 0.20635784468852028,
      "retrieval_iqr": 0.299746874601266,
      "retrieval_gini": 0.21831002794743276,
      "activation_std": 0.20639104257122393,
      "activation_iqr": 0.299746874601266,
      "activation_gini": 0.2183317435279521,
      "threshold_metrics": {
        "0.1": {
          "recall_rate": 0.6111111111111112,
          "precision_rate": 0.26555555555555554
        },
        "0.2": {
          "recall_rate": 0.6111111111111112,
          "precision_rate": 0.26555555555555554
        },
        "0.3": {
          "recall_rate": 0.6111111111111112,
          "precision_rate": 0.26555555555555554
        },
        "0.4": {
          "recall_rate": 0.6111111111111112,
          "precision_rate": 0.26555555555555554
        },
        "0.5": {
          "recall_rate": 0.6111111111111112,
          "precision_rate": 0.26555555555555554
        },
        "0.6": {
          "recall_rate": 0.6166666666666667,
          "precision_rate": 0.26666666666666666
        },
        "0.7": {
          "recall_rate": 0.6277777777777778,
          "precision_rate": 0.2733333333333333
        },
        "0.8": {
          "recall_rate": 0.65,
          "precision_rate": 0.20555555555555555
        },
        "0.9": {
          "recall_rate": 0.6388888888888888,
          "precision_rate": 0.19444444444444445
        }
      },
      "recall_mean": 0.6209876543209876,
      "precision_mean": 0.2519753086419753,
      "threshold_discrimination": 0.03888888888888886,
      "threshold_summary": {
        "threshold_auc": 0.6209876543209876,
        "slope": 0.02777777777777768
      },
      "corr_mean": 0.8925606694380982,
      "corr_score": 0.8925606694380982,
      "smoothness_score": 0.0,