{
  "fold_scores": [
    {
      "tick": 200,
      "recall_rate": 0.6993865030674846,
      "precision_rate": 0.26012269938650306,
      "activation_recall_correlation": 0.948238941844483,
      "fact_episode_delta": 0.3231638418079096,
      "forgetting_curve_smoothness": 0.004062920805786242,
      "storage_std": 0.1948498884495158,
      "storage_iqr": 0.2966742286042513,
      "storage_gini": 0.2089021450908314,
      "retrieval_std": 0.19478447825588097,
      "retrieval_iqr": 0.2966742286042513,
      "retrieval_gini": 0.20885751259625632,
      "activation_std": 0.1948498884495158,
      "activation_iqr": 0.2966742286042513,
      "activation_gini": 0.2089021450908314,
      "threshold_metrics": {
        "0.1": {
          "recall_rate": 0.6993865030674846,
          "precision_rate": 0.26012269938650306
        },
        "0.2": {
          "recall_rate": 0.6993865030674846,
          "precision_rate": 0.26012269938650306
        },
        "0.3": {
          "recall_rate": 0.6993865030674846,
          "precision_rate": 0.26012269938650306
        },
        "0.4": {
          "recall_rate": 0.6993865030674846,
          "precision_rate": 0.26134969325153373
        },
        "0.5": {
          "recall_rate": 0.6993865030674846,
          "precision_rate": 0.26134969325153373
        },
        "0.6": {
          "recall_rate": 0.6993865030674846,
          "precision_rate": 0.26134969325153373
        },
        "0.7": {
          "recall_rate": 0.7177914110429447,
          "precision_rate": 0.21104294478527608
        },
        "0.8": {
          "recall_rate": 0.7239263803680982,
          "precision_rate": 0.2049079754601227
        },
        "0.9": {
          "recall_rate": 0.6993865030674846,
          "precision_rate": 0.17177914110429449
        }
      },
      "recall_mean": 0.7041581458759373,
      "precision_mean": 0.23912747102931153,
      "threshold_discrimination": 0.024539877300613577,
      "threshold_summary": {
        "threshold_auc": 0.7041581458759373,
        "slope": 0.0
      },
      "corr_mean": 0.884276784581914,
      "corr_score": 0.884276784581914,
      "smoothness_score": 0.9593707919421376,
      "retrieval_score": 0.4502999318336742,
      "plausibility_score": 0.9218237882620258,
      "overall_score": 0.6860618600478501,
      "composite_score": 0.6860618600478501,
      "mrr_mean": 0.5621222449443309,
      "precision_strict": 0.1408316291751875,
      "precision_lift": 2.7755575615628914e-17,
      "precision_associative": 0.23912747102931153,
      "similarity_recall_rate": 0.6993865030674846,
      "retention_curve": {
        "40": 1.0,
        "80": 1.0,
        "120": 0.8125,
        "160": 0.6623376623376623,
        "200": 0.6993865030674846
      },
      "retention_auc": 0.8348448330810294,
      "selectivity_score": 0.042535787321063445,
      "robustness_score": 0.0,
      "eval_v2_score": 0.3905677004488355
    },
    {
      "tick": 200,
      "recall_rate": 0.6477987421383647,
      "precision_rate": 0.25157232704402516,
      "activation_recall_correlation": 0.8983987553747663,
      "fact_episode_delta": 0.25119266055045864,
      "forgetting_curve_smoothness": 0.10668105228995632,
      "storage_std": 0.1943687682270131,
      "storage_iqr": 0.2966742286042513,
      "storage_gini": 0.20870364318972554,
      "retrieval_std": 0.19431780083375347,
      "retrieval_iqr": 0.2966742286042513,
      "retrieval_gini": 0.20866777228960975,
      "activation_std": 0.1943687682270131,
      "activation_iqr": 0.2966742286042513,
      "activation_gini": 0.20870364318972554,
      "threshold_metrics": {
        "0.1": {
          "recall_rate": 0.6477987421383647,
          "precision_rate": 0.25157232704402516
        },
        "0.2": {
          "recall_rate": 0.6477987421383647,
          "precision_rate": 0.25157232704402516
        },
        "0.3": {
          "recall_rate": 0.6477987421383647,
          "precision_rate": 0.25157232704402516
        },
        "0.4": {
          "recall_rate": 0.6477987421383647,
          "precision_rate": 0.2528301886792453
        },
        "0.5": {
          "recall_rate": 0.6477987421383647,
          "precision_rate": 0.2528301886792453
        },
        "0.6": {
          "recall_rate": 0.6477987421383647,
          "precision_rate": 0.2528301886792453
        },
        "0.7": {
          "recall_rate": 0.7044025157232704,
          "precision_rate": 0.21761006289308177
        },
        "0.8": {
          "recall_rate": 0.710691823899371,
          "precision_rate": 0.20628930817610064
        },
        "0.9": {
          "recall_rate": 0.6540880503144654,
          "precision_rate": 0.16226415094339622
        }
      },
      "recall_mean": 0.6617749825296995,
      "precision_mean": 0.23326345213137667,
      "threshold_discrimination": 0.06289308176100628,
      "threshold_summary": {
        "threshold_auc": 0.6617749825296995,
        "slope": 0.0062893081761006275
      },
      "corr_mean": 0.8429525828936227,
      "corr_score": 0.8429525828936227,
      "smoothness_score": 0.0,
      "retrieval_score": 0.41853598881900766,
      "plausibility_score": 0.42147629144681137,
      "overall_score": 0.4200061401329095,
      "composite_score": 0.4200061401329095,
      "mrr_mean": 0.512753319357093,
      "precision_strict": 0.1323549965059399,
      "precision_lift": 0.0,
      "precision_associative": 0.23326345213137667,
      "similarity_recall_rate": 0.6477987421383647,
      "retention_curve": {
        "40": 0.0,
        "80": 1.0,
        "120": 0.7,
        "160": 0.6344827586206897,
        "200": 0.6477987421383647
      },
      "retention_auc": 0.596456300151811,
      "selectivity_score": 0.03144654088050314,
      "robustness_score": 0.0,
      "eval_v2_score": 0.27941162437649103
    },
    {
      "tick": 200,
      "recall_rate": 0.6055555555555555,
      "precision_rate": 0.24444444444444444,
      "activation_recall_correlation": 0.9148715193469644,
      "fact_episode_delta": 0.25381818181818183,
      "forgetting_curve_smoothness": 0.10678959845145064,
      "storage_std": 0.19472694566422466,
      "storage_iqr": 0.2966742286042513,
      "storage_gini": 0.20888670764744305,
      "retrieval_std": 0.194701048589835,
      "retrieval_iqr": 0.2966742286042513,
      "retrieval_gini": 0.2088712047399957,
      "activation_std": 0.19472694566422466,
      "activation_iqr": 0.2966742286042513,
      "activation_gini": 0.20888670764744305,
      "threshold_metrics": {
        "0.1": {
          "recall_rate": 0.6055555555555555,
          "precision_rate": 0.24444444444444444
        },
        "0.2": {
          "recall_rate": 0.6055555555555555,
          "precision_rate": 0.24444444444444444
        },
        "0.3": {
          "recall_rate": 0.6055555555555555,
          "precision_rate": 0.24444444444444444
        },
        "0.4": {
          "recall_rate": 0.6111111111111112,
          "precision_rate": 0.24888888888888888
        },
        "0.5": {
          "recall_rate": 0.6111111111111112,
          "precision_rate": 0.24888888888888888
        },
        "0.6": {
          "recall_rate": 0.6111111111111112,
          "precision_rate": 0.25
        },
        "0.7": {
          "recall_rate": 0.6333333333333333,
          "precision_rate": 0.20222222222222222
        },
        "0.8": {
          "recall_rate": 0.6333333333333333,
          "precision_rate": 0.19777777777777777
        },
        "0.9": {
          "recall_rate": 0.6166666666666667,
          "precision_rate": 0.17
        }
      },
      "recall_mean": 0.6148148148148148,
      "precision_mean": 0.22790123456790123,
      "threshold_discrimination": 0.02777777777777779,
      "threshold_summary": {
        "threshold_auc": 0.6148148148148148,
        "slope": 0.011111111111111183
      },
      "corr_mean": 0.8005829616197491,
      "corr_score": 0.8005829616197491,
      "smoothness_score": 0.0,