{
  "fold_scores": [
    {
      "tick": 200,
      "recall_rate": 0.6871165644171779,
      "precision_rate": 0.2588957055214724,
      "activation_recall_correlation": 0.970460144262013,
      "fact_episode_delta": 0.3401129943502825,
      "forgetting_curve_smoothness": 0.004274019540705331,
      "storage_std": 0.23914879497856315,
      "storage_iqr": 0.3843634139825616,
      "storage_gini": 0.28379492344145896,
      "retrieval_std": 0.2391255774862518,
      "retrieval_iqr": 0.3843634139825616,
      "retrieval_gini": 0.2837795012236429,
      "activation_std": 0.23914879497856315,
      "activation_iqr": 0.3843634139825616,
      "activation_gini": 0.28379492344145896,
      "threshold_metrics": {
        "0.1": {
          "recall_rate": 0.6871165644171779,
          "precision_rate": 0.2588957055214724
        },
        "0.2": {
          "recall_rate": 0.6871165644171779,
          "precision_rate": 0.2588957055214724
        },
        "0.3": {
          "recall_rate": 0.6871165644171779,
          "precision_rate": 0.2588957055214724
        },
        "0.4": {
          "recall_rate": 0.6871165644171779,
          "precision_rate": 0.2588957055214724
        },
        "0.5": {
          "recall_rate": 0.6871165644171779,
          "precision_rate": 0.2588957055214724
        },
        "0.6": {
          "recall_rate": 0.6871165644171779,
          "precision_rate": 0.26012269938650306
        },
        "0.7": {
          "recall_rate": 0.7177914110429447,
          "precision_rate": 0.2147239263803681
        },
        "0.8": {
          "recall_rate": 0.7055214723926381,
          "precision_rate": 0.20122699386503068
        },
        "0.9": {
          "recall_rate": 0.6871165644171779,
          "precision_rate": 0.17300613496932515
        }
      },
      "recall_mean": 0.6925698704839809,
      "precision_mean": 0.238173142467621,
      "threshold_discrimination": 0.030674846625766805,
      "threshold_summary": {
        "threshold_auc": 0.6925698704839809,
        "slope": 0.0
      },
      "corr_mean": 0.8140486167070173,
      "corr_score": 0.8140486167070173,
      "smoothness_score": 0.9572598045929467,
      "retrieval_score": 0.43993183367416494,
      "plausibility_score": 0.8856542106499821,
      "overall_score": 0.6627930221620735,
      "composite_score": 0.6627930221620735,
      "mrr_mean": 0.5430129516019085,
      "precision_strict": 0.13851397409679622,
      "precision_lift": 5.551115123125783e-17,
      "precision_associative": 0.238173142467621,
      "similarity_recall_rate": 0.6871165644171779,
      "retention_curve": {
        "40": 1.0,
        "80": 1.0,
        "120": 0.8125,
        "160": 0.6623376623376623,
        "200": 0.6871165644171779
      },
      "retention_auc": 0.8323908453509681,
      "selectivity_score": 0.03885480572597144,
      "robustness_score": 0.0,
      "eval_v2_score": 0.38817506241202565
    },
    {
      "tick": 200,
      "recall_rate": 0.6540880503144654,
      "precision_rate": 0.2528301886792453,
      "activation_recall_correlation": 0.9243258760932166,
      "fact_episode_delta": 0.30036697247706423,
      "forgetting_curve_smoothness": 0.10521414306082932,
      "storage_std": 0.23837673826447092,
      "storage_iqr": 0.3843634139825616,
      "storage_gini": 0.2833537193167477,
      "retrieval_std": 0.23836777322943775,
      "retrieval_iqr": 0.3843634139825616,
      "retrieval_gini": 0.2833477698567964,
      "activation_std": 0.23837673826447092,
      "activation_iqr": 0.3843634139825616,
      "activation_gini": 0.2833537193167477,
      "threshold_metrics": {
        "0.1": {
          "recall_rate": 0.6540880503144654,
          "precision_rate": 0.2528301886792453
        },
        "0.2": {
          "recall_rate": 0.6540880503144654,
          "precision_rate": 0.2528301886792453
        },
        "0.3": {
          "recall_rate": 0.6540880503144654,
          "precision_rate": 0.2528301886792453
        },
        "0.4": {
          "recall_rate": 0.6540880503144654,
          "precision_rate": 0.2528301886792453
        },
        "0.5": {
          "recall_rate": 0.6540880503144654,
          "precision_rate": 0.2528301886792453
        },
        "0.6": {
          "recall_rate": 0.660377358490566,
          "precision_rate": 0.2540880503144654
        },
        "0.7": {
          "recall_rate": 0.6792452830188679,
          "precision_rate": 0.20628930817610064
        },
        "0.8": {
          "recall_rate": 0.6855345911949685,
          "precision_rate": 0.2
        },
        "0.9": {
          "recall_rate": 0.6666666666666666,
          "precision_rate": 0.16855345911949685
        }
      },
      "recall_mean": 0.6624737945492662,
      "precision_mean": 0.2325646401118099,
      "threshold_discrimination": 0.03144654088050314,
      "threshold_summary": {
        "threshold_auc": 0.6624737945492662,
        "slope": 0.012578616352201255
      },
      "corr_mean": 0.8249647301712726,
      "corr_score": 0.8249647301712726,
      "smoothness_score": 0.0,
      "retrieval_score": 0.41814814814814816,
      "plausibility_score": 0.4124823650856363,
      "overall_score": 0.4153152566168922,
      "composite_score": 0.4153152566168922,
      "mrr_mean": 0.5105287677614722,
      "precision_strict": 0.13249475890985324,
      "precision_lift": 0.0,
      "precision_associative": 0.2325646401118099,
      "similarity_recall_rate": 0.6540880503144654,
      "retention_curve": {
        "40": 0.0,
        "80": 1.0,
        "120": 0.7,
        "160": 0.6344827586206897,
        "200": 0.6540880503144654
      },
      "retention_auc": 0.597714161787031,
      "selectivity_score": 0.032424877707896566,
      "robustness_score": 0.0,
      "eval_v2_score": 0.28032008000192776
    },
    {
      "tick": 200,
      "recall_rate": 0.6055555555555555,
      "precision_rate": 0.25333333333333335,
      "activation_recall_correlation": 0.9316392486413551,
      "fact_episode_delta": 0.25381818181818183,
      "forgetting_curve_smoothness": 0.11529843644398459,
      "storage_std": 0.23901230873474108,
      "storage_iqr": 0.3843634139825616,
      "storage_gini": 0.28382529572553966,
      "retrieval_std": 0.23899035584824974,
      "retrieval_iqr": 0.3843634139825616,
      "retrieval_gini": 0.28381074370782394,
      "activation_std": 0.23901230873474108,
      "activation_iqr": 0.3843634139825616,
      "activation_gini": 0.28382529572553966,
      "threshold_metrics": {
        "0.1": {
          "recall_rate": 0.6055555555555555,
          "precision_rate": 0.2511111111111111
        },
        "0.2": {
          "recall_rate": 0.6055555555555555,
          "precision_rate": 0.2511111111111111
        },
        "0.3": {
          "recall_rate": 0.6055555555555555,
          "precision_rate": 0.25333333333333335
        },
        "0.4": {
          "recall_rate": 0.6055555555555555,
          "precision_rate": 0.25333333333333335
        },
        "0.5": {
          "recall_rate": 0.6055555555555555,
          "precision_rate": 0.25333333333333335
        },
        "0.6": {
          "recall_rate": 0.6055555555555555,
          "precision_rate": 0.25333333333333335
        },
        "0.7": {
          "recall_rate": 0.6333333333333333,
          "precision_rate": 0.21222222222222223
        },
        "0.8": {
          "recall_rate": 0.6277777777777778,
          "precision_rate": 0.19444444444444445
        },
        "0.9": {
          "recall_rate": 0.6111111111111112,
          "precision_rate": 0.17
        }
      },
      "recall_mean": 0.6117283950617283,
      "precision_mean": 0.23246913580246917,
      "threshold_discrimination": 0.02777777777777779,
      "threshold_summary": {
        "threshold_auc": 0.6117283950617283,
        "slope": 0.005555555555555647
      },
      "corr_mean": 0.8050183900428896,
      "corr_score": 0.8050183900428896,
      "smoothness_score": 0.0,
      "retrieval_score": 0.38908641975308633,