{
  "fold_scores": [
    {
      "tick": 200,
      "recall_rate": 0.6993865030674846,
      "precision_rate": 0.2343558282208589,
      "activation_recall_correlation": 0.98112628414242,
      "fact_episode_delta": 0.3845574387947269,
      "forgetting_curve_smoothness": 0.002322590322331037,
      "storage_std": 0.20451314486026123,
      "storage_iqr": 0.1946075971228052,
      "storage_gini": 0.2913589116037258,
      "retrieval_std": 0.20447834736020556,
      "retrieval_iqr": 0.1946075971228052,
      "retrieval_gini": 0.29133704368709334,
      "activation_std": 0.20451314486026123,
      "activation_iqr": 0.1946075971228052,
      "activation_gini": 0.2913589116037258,
      "threshold_metrics": {
        "0.1": {
          "recall_rate": 0.6993865030674846,
          "precision_rate": 0.2343558282208589
        },
        "0.2": {
          "recall_rate": 0.6993865030674846,
          "precision_rate": 0.2343558282208589
        },
        "0.3": {
          "recall_rate": 0.6993865030674846,
          "precision_rate": 0.2343558282208589
        },
        "0.4": {
          "recall_rate": 0.6993865030674846,
          "precision_rate": 0.2343558282208589
        },
        "0.5": {
          "recall_rate": 0.6993865030674846,
          "precision_rate": 0.2343558282208589
        },
        "0.6": {
          "recall_rate": 0.6993865030674846,
          "precision_rate": 0.2343558282208589
        },
        "0.7": {
          "recall_rate": 0.7116564417177914,
          "precision_rate": 0.20245398773006135
        },
        "0.8": {
          "recall_rate": 0.6993865030674846,
          "precision_rate": 0.18773006134969325
        },
        "0.9": {
          "recall_rate": 0.6871165644171779,
          "precision_rate": 0.16441717791411042
        }
      },
      "recall_mean": 0.6993865030674846,
      "precision_mean": 0.2178595773687798,
      "threshold_discrimination": 0.024539877300613466,
      "threshold_summary": {
        "threshold_auc": 0.6993865030674846,
        "slope": -0.012269938650306678
      },
      "corr_mean": 0.833129632185282,
      "corr_score": 0.833129632185282,
      "smoothness_score": 0.9767740967766896,
      "retrieval_score": 0.6462116564417177,
      "forgetting_score": 0.6626064202125439,
      "non_target_mean_storage": 0.3373935797874561,
      "plausibility_score": 0.833129632185282,
      "overall_score": 0.698679317697398,
      "composite_score": 0.698679317697398,
      "mrr_mean": 0.5812201772324471,
      "precision_strict": 0.13987730061349696,
      "precision_lift": 2.7755575615628914e-17,
      "precision_associative": 0.2178595773687798,
      "similarity_recall_rate": 0.6871165644171779,
      "retention_curve": {
        "40": 1.0,
        "80": 1.0,
        "120": 0.875,
        "160": 0.6948051948051948,
        "200": 0.6993865030674846
      },
      "retention_auc": 0.8538383395745359,
      "selectivity_score": 0.061895023858214104,
      "robustness_score": 0.0,
      "_fold_idx": 0,
      "_fold_duration_seconds": 76.52
    },
    {
      "tick": 200,
      "recall_rate": 0.6918238993710691,
      "precision_rate": 0.24779874213836478,
      "activation_recall_correlation": 0.960235123122744,
      "fact_episode_delta": 0.39119266055045865,
      "forgetting_curve_smoothness": 0.10515994502362451,
      "storage_std": 0.20374844045512075,
      "storage_iqr": 0.1946075971228052,
      "storage_gini": 0.2908370041191483,
      "retrieval_std": 0.2037401417289639,
      "retrieval_iqr": 0.1946075971228052,
      "retrieval_gini": 0.29083203214065867,
      "activation_std": 0.20374844045512075,
      "activation_iqr": 0.1946075971228052,
      "activation_gini": 0.2908370041191483,
      "threshold_metrics": {
        "0.1": {
          "recall_rate": 0.6918238993710691,
          "precision_rate": 0.24779874213836478
        },
        "0.2": {
          "recall_rate": 0.6918238993710691,
          "precision_rate": 0.24779874213836478
        },
        "0.3": {
          "recall_rate": 0.6918238993710691,
          "precision_rate": 0.24779874213836478
        },
        "0.4": {
          "recall_rate": 0.6918238993710691,
          "precision_rate": 0.24779874213836478
        },
        "0.5": {
          "recall_rate": 0.6918238993710691,
          "precision_rate": 0.24779874213836478
        },
        "0.6": {
          "recall_rate": 0.6918238993710691,
          "precision_rate": 0.24779874213836478
        },
        "0.7": {
          "recall_rate": 0.6918238993710691,
          "precision_rate": 0.2050314465408805
        },
        "0.8": {
          "recall_rate": 0.6918238993710691,
          "precision_rate": 0.1949685534591195
        },
        "0.9": {
          "recall_rate": 0.6792452830188679,
          "precision_rate": 0.1610062893081761
        }
      },
      "recall_mean": 0.6904262753319357,
      "precision_mean": 0.2275331935709294,
      "threshold_discrimination": 0.012578616352201255,
      "threshold_summary": {
        "threshold_auc": 0.6904262753319357,
        "slope": -0.012578616352201255
      },
      "corr_mean": 0.930316328583787,
      "corr_score": 0.930316328583787,
      "smoothness_score": 0.0,
      "retrieval_score": 0.6325174703004892,
      "forgetting_score": 0.6629117017594144,
      "non_target_mean_storage": 0.33708829824058556,
      "plausibility_score": 0.930316328583787,
      "overall_score": 0.7176051658819373,
      "composite_score": 0.7176051658819373,
      "mrr_mean": 0.5617400419287212,
      "precision_strict": 0.13808525506638714,
      "precision_lift": 0.0,
      "precision_associative": 0.2275331935709294,
      "similarity_recall_rate": 0.6792452830188679,
      "retention_curve": {
        "40": 0.0,
        "80": 1.0,
        "120": 0.7,
        "160": 0.6827586206896552,
        "200": 0.6918238993710691
      },
      "retention_auc": 0.6149165040121448,
      "selectivity_score": 0.04863731656184486,
      "robustness_score": 0.0,
      "_fold_idx": 1,
      "_fold_duration_seconds": 77.11
    },
    {
      "tick": 200,
      "recall_rate": 0.6611111111111111,
      "precision_rate": 0.24888888888888888,
      "activation_recall_correlation": 0.9762349093729065,
      "fact_episode_delta": 0.30472727272727274,
      "forgetting_curve_smoothness": 0.10899535623558154,
      "storage_std": 0.20518097284783807,
      "storage_iqr": 0.1946075971228052,
      "storage_gini": 0.29191035284365213,
      "retrieval_std": 0.20511398555360646,
      "retrieval_iqr": 0.1946075971228052,
      "retrieval_gini": 0.2918685852588592,
      "activation_std": 0.20518097284783807,
      "activation_iqr": 0.1946075971228052,
      "activation_gini": 0.29191035284365213,
      "threshold_metrics": {
        "0.1": {
          "recall_rate": 0.6611111111111111,
          "precision_rate": 0.24888888888888888
        },
        "0.2": {
          "recall_rate": 0.6611111111111111,
          "precision_rate": 0.24888888888888888
        },
        "0.3": {
          "recall_rate": 0.6611111111111111,
          "precision_rate": 0.24888888888888888
        },
        "0.4": {
          "recall_rate": 0.6611111111111111,
          "precision_rate": 0.24888888888888888
        },
        "0.5": {
          "recall_rate": 0.6611111111111111,
          "precision_rate": 0.24888888888888888
        },
        "0.6": {
          "recall_rate": 0.6611111111111111,
          "precision_rate": 0.24888888888888888
        },
        "0.7": {
          "recall_rate": 0.6666666666666666,
          "precision_rate": 0.21222222222222223
        },
        "0.8": {
          "recall_rate": 0.6611111111111111,
          "precision_rate": 0.2011111111111111
        },
        "0.9": {
          "recall_rate": 0.6611111111111111,
          "precision_rate": 0.17555555555555555
        }
      },
      "recall_mean": 0.6617283950617284,
      "precision_mean": 0.23135802469135802,