{
  "status": "completed",
  "tick": 200,
  "recall_rate": 0.6862745098039216,
  "precision_rate": 0.3150326797385621,
  "activation_recall_correlation": 0.2428975677537317,
  "fact_episode_delta": 0.275,
  "forgetting_curve_smoothness": 0.0034350053322873457,
  "storage_std": 0.3073625180952556,
  "storage_iqr": 0.0021705989632894935,
  "storage_gini": 0.8271975226433816,
  "retrieval_std": 0.3073625180952556,
  "retrieval_iqr": 0.0021705989632894935,
  "retrieval_gini": 0.8271975226433816,
  "activation_std": 0.3073625180952556,
  "activation_iqr": 0.0021705989632894935,
  "activation_gini": 0.8271975226433816,
  "threshold_metrics": {
    "0.1": {
      "recall_rate": 0.6862745098039216,
      "precision_rate": 0.3150326797385621
    },
    "0.2": {
      "recall_rate": 0.6862745098039216,
      "precision_rate": 0.3150326797385621
    },
    "0.3": {
      "recall_rate": 0.6862745098039216,
      "precision_rate": 0.3150326797385621
    },
    "0.4": {
      "recall_rate": 0.6862745098039216,
      "precision_rate": 0.3150326797385621
    },
    "0.5": {
      "recall_rate": 0.6862745098039216,
      "precision_rate": 0.3150326797385621
    },
    "0.6": {
      "recall_rate": 0.6862745098039216,
      "precision_rate": 0.3150326797385621
    },
    "0.7": {
      "recall_rate": 0.6862745098039216,
      "precision_rate": 0.3150326797385621
    },
    "0.8": {
      "recall_rate": 0.6339869281045751,
      "precision_rate": 0.29150326797385623
    },
    "0.9": {
      "recall_rate": 0.2875816993464052,
      "precision_rate": 0.10457516339869281
    }
  },
  "recall_mean": 0.6361655773420479,
  "precision_mean": 0.28903413217138707,
  "threshold_discrimination": 0.39869281045751637,
  "threshold_summary": {
    "threshold_auc": 0.6361655773420479,
    "slope": -0.39869281045751637
  },
  "corr_mean": 0.23849498113009368,
  "corr_score": 0.23849498113009368,
  "smoothness_score": 0.9656499466771266,
  "retrieval_score": 0.5346949891067538,
  "forgetting_score": 0.8795888883170094,
  "non_target_mean_storage": 0.12041111168299053,
  "plausibility_score": 0.23849498113009368,
  "overall_score": 0.5813578518361783,
  "composite_score": 0.5813578518361783,
  "mrr_mean": 0.4106753812636166,
  "precision_strict": 0.1272331154684096,
  "precision_lift": 0.0,
  "precision_associative": 0.28903413217138707,
  "similarity_recall_rate": 0.6209150326797386,
  "retention_curve": {
    "40": 1.0,
    "80": 1.0,
    "120": 0.8181818181818182,
    "160": 0.697841726618705,
    "200": 0.6862745098039216
  },
  "retention_auc": 0.840459610920889,
  "selectivity_score": 0.0,
  "robustness_score": 0.0,
  "snapshots": [
    {
      "tick": 0,
      "recall_rate": 1.0,
      "precision_rate": 0.2,
      "activation_recall_correlation": 0.0,
      "fact_episode_delta": 1.0,
      "forgetting_curve_smoothness": 0.0
    },
    {
      "tick": 20,
      "recall_rate": 1.0,
      "precision_rate": 0.2,
      "activation_recall_correlation": 0.0,
      "fact_episode_delta": 1.0,
      "forgetting_curve_smoothness": 0.0
    },
    {
      "tick": 40,
      "recall_rate": 1.0,
      "precision_rate": 0.2,
      "activation_recall_correlation": 0.0,
      "fact_episode_delta": 1.0,
      "forgetting_curve_smoothness": 0.0
    },
    {
      "tick": 60,
      "recall_rate": 1.0,
      "precision_rate": 0.5,
      "activation_recall_correlation": 0.0,
      "fact_episode_delta": 1.0,
      "forgetting_curve_smoothness": 0.0
    },
    {
      "tick": 80,
      "recall_rate": 1.0,
      "precision_rate": 0.48,
      "activation_recall_correlation": 0.0,
      "fact_episode_delta": 1.0,
      "forgetting_curve_smoothness": 0.0
    },
    {
      "tick": 100,
      "recall_rate": 1.0,
      "precision_rate": 0.4666666666666667,
      "activation_recall_correlation": 0.0,
      "fact_episode_delta": 1.0,
      "forgetting_curve_smoothness": 0.0
    },
    {
      "tick": 120,
      "recall_rate": 0.8181818181818182,
      "precision_rate": 0.2727272727272727,
      "activation_recall_correlation": -0.029186465865239625,
      "fact_episode_delta": 0.19999999999999996,
      "forgetting_curve_smoothness": 0.0
    },
    {
      "tick": 140,
      "recall_rate": 0.7916666666666666,
      "precision_rate": 0.3625,
      "activation_recall_correlation": 0.028689795096626204,
      "fact_episode_delta": 0.2222222222222222,
      "forgetting_curve_smoothness": 0.0045913682277318605
    },
    {
      "tick": 160,
      "recall_rate": 0.697841726618705,
      "precision_rate": 0.31510791366906477,
      "activation_recall_correlation": 0.240367618253146,
      "fact_episode_delta": 0.22760996290408064,
      "forgetting_curve_smoothness": 0.003937215382020575
    },
    {
      "tick": 180,
      "recall_rate": 0.72,
      "precision_rate": 0.31866666666666665,
      "activation_recall_correlation": 0.2699196742615205,
      "fact_episode_delta": 0.24707357859531764,
      "forgetting_curve_smoothness": 0.003893946387868596
    },
    {
      "tick": 200,
      "recall_rate": 0.6862745098039216,
      "precision_rate": 0.3150326797385621,
      "activation_recall_correlation": 0.2428975677537317,
      "fact_episode_delta": 0.275,
      "forgetting_curve_smoothness": 0.003815989093630392
    }
  ],
  "duration_seconds": 63.85,
  "timing_breakdown": {
    "simulation_seconds": 54.919,
    "final_score_summary_seconds": 5.987,
    "query_similarity_total_seconds": 50.427,
    "query_similarity_call_count": 594
  }
}