{
  "fold_scores": [
    {
      "tick": 200,
      "recall_rate": 0.656441717791411,
      "precision_rate": 0.22085889570552147,
      "activation_recall_correlation": 0.9855248540227495,
      "fact_episode_delta": 0.44387947269303196,
      "forgetting_curve_smoothness": 0.0023912123309378524,
      "storage_std": 0.19508915349870815,
      "storage_iqr": 0.12844189624175253,
      "storage_gini": 0.3299993851129425,
      "retrieval_std": 0.19264070966124058,
      "retrieval_iqr": 0.12844189624175253,
      "retrieval_gini": 0.3283973173824616,
      "activation_std": 0.19508915349870815,
      "activation_iqr": 0.12844189624175253,
      "activation_gini": 0.3299993851129425,
      "threshold_metrics": {
        "0.1": {
          "recall_rate": 0.656441717791411,
          "precision_rate": 0.22085889570552147
        },
        "0.2": {
          "recall_rate": 0.656441717791411,
          "precision_rate": 0.22085889570552147
        },
        "0.3": {
          "recall_rate": 0.656441717791411,
          "precision_rate": 0.22085889570552147
        },
        "0.4": {
          "recall_rate": 0.656441717791411,
          "precision_rate": 0.22085889570552147
        },
        "0.5": {
          "recall_rate": 0.656441717791411,
          "precision_rate": 0.22085889570552147
        },
        "0.6": {
          "recall_rate": 0.6625766871165644,
          "precision_rate": 0.2085889570552147
        },
        "0.7": {
          "recall_rate": 0.656441717791411,
          "precision_rate": 0.18036809815950922
        },
        "0.8": {
          "recall_rate": 0.6441717791411042,
          "precision_rate": 0.15828220858895706
        },
        "0.9": {
          "recall_rate": 0.6441717791411042,
          "precision_rate": 0.1521472392638037
        }
      },
      "recall_mean": 0.65439672801636,
      "precision_mean": 0.20040899795501022,
      "threshold_discrimination": 0.018404907975460127,
      "threshold_summary": {
        "threshold_auc": 0.65439672801636,
        "slope": -0.012269938650306789
      },
      "corr_mean": 0.7268625193518465,
      "corr_score": 0.7268625193518465,
      "smoothness_score": 0.9760878766906215,
      "retrieval_score": 0.6119631901840491,
      "forgetting_score": 0.7399713653349744,
      "non_target_mean_storage": 0.2600286346650256,
      "plausibility_score": 0.7268625193518465,
      "overall_score": 0.6854908837788223,
      "composite_score": 0.6854908837788223,
      "mrr_mean": 0.5600999772778913,
      "precision_strict": 0.130879345603272,
      "precision_lift": 0.0,
      "precision_associative": 0.20040899795501022,
      "similarity_recall_rate": 0.656441717791411,
      "retention_curve": {
        "40": 1.0,
        "80": 1.0,
        "120": 0.875,
        "160": 0.6883116883116883,
        "200": 0.656441717791411
      },
      "retention_auc": 0.8439506812206199,
      "selectivity_score": 0.06134969325153378,
      "robustness_score": 0.0
    },
    {
      "tick": 200,
      "recall_rate": 0.6729559748427673,
      "precision_rate": 0.24276729559748428,
      "activation_recall_correlation": 0.9776837842258365,
      "fact_episode_delta": 0.4478899082568807,
      "forgetting_curve_smoothness": 0.10090917044404253,
      "storage_std": 0.19490284481872536,
      "storage_iqr": 0.12844189624175253,
      "storage_gini": 0.32980604408107905,
      "retrieval_std": 0.19253653717915734,
      "retrieval_iqr": 0.12844189624175253,
      "retrieval_gini": 0.32826456798623305,
      "activation_std": 0.19490284481872536,
      "activation_iqr": 0.12844189624175253,
      "activation_gini": 0.32980604408107905,
      "threshold_metrics": {
        "0.1": {
          "recall_rate": 0.6729559748427673,
          "precision_rate": 0.24276729559748428
        },
        "0.2": {
          "recall_rate": 0.6729559748427673,
          "precision_rate": 0.24276729559748428
        },
        "0.3": {
          "recall_rate": 0.6729559748427673,
          "precision_rate": 0.24276729559748428
        },
        "0.4": {
          "recall_rate": 0.6729559748427673,
          "precision_rate": 0.24276729559748428
        },
        "0.5": {
          "recall_rate": 0.6729559748427673,
          "precision_rate": 0.24276729559748428
        },
        "0.6": {
          "recall_rate": 0.6792452830188679,
          "precision_rate": 0.21635220125786164
        },
        "0.7": {
          "recall_rate": 0.6666666666666666,
          "precision_rate": 0.1861635220125786
        },
        "0.8": {
          "recall_rate": 0.660377358490566,
          "precision_rate": 0.15471698113207547
        },
        "0.9": {
          "recall_rate": 0.660377358490566,
          "precision_rate": 0.1509433962264151
        }
      },
      "recall_mean": 0.6701607267645002,
      "precision_mean": 0.2135569531795947,
      "threshold_discrimination": 0.018867924528301883,
      "threshold_summary": {
        "threshold_auc": 0.6701607267645002,
        "slope": -0.012578616352201255
      },
      "corr_mean": 0.8565046141501784,
      "corr_score": 0.8565046141501784,
      "smoothness_score": 0.0,
      "retrieval_score": 0.6262246680642907,
      "forgetting_score": 0.7402220853704908,
      "non_target_mean_storage": 0.2597779146295091,
      "plausibility_score": 0.8565046141501784,
      "overall_score": 0.7236937506429326,
      "composite_score": 0.7236937506429326,
      "mrr_mean": 0.5725250407640344,
      "precision_strict": 0.13403214535290006,
      "precision_lift": 2.7755575615628914e-17,
      "precision_associative": 0.2135569531795947,
      "similarity_recall_rate": 0.6729559748427673,
      "retention_curve": {
        "40": 0.0,
        "80": 1.0,
        "120": 0.8,
        "160": 0.6689655172413793,
        "200": 0.6729559748427673
      },
      "retention_auc": 0.6283842984168293,
      "selectivity_score": 0.05450733752620543,
      "robustness_score": 0.0
    },
    {
      "tick": 200,
      "recall_rate": 0.6222222222222222,
      "precision_rate": 0.22555555555555556,
      "activation_recall_correlation": 0.990927132803076,
      "fact_episode_delta": 0.3607272727272727,
      "forgetting_curve_smoothness": 0.10172639169010975,
      "storage_std": 0.19652511589801866,
      "storage_iqr": 0.12844189624175253,
      "storage_gini": 0.3311455326295139,
      "retrieval_std": 0.19374514196681106,
      "retrieval_iqr": 0.12844189624175253,
      "retrieval_gini": 0.32932646305382457,
      "activation_std": 0.19652511589801866,
      "activation_iqr": 0.12844189624175253,
      "activation_gini": 0.3311455326295139,
      "threshold_metrics": {
        "0.1": {
          "recall_rate": 0.6222222222222222,
          "precision_rate": 0.22555555555555556
        },
        "0.2": {
          "recall_rate": 0.6222222222222222,
          "precision_rate": 0.22555555555555556
        },
        "0.3": {
          "recall_rate": 0.6222222222222222,
          "precision_rate": 0.22555555555555556
        },
        "0.4": {
          "recall_rate": 0.6222222222222222,
          "precision_rate": 0.22555555555555556
        },
        "0.5": {
          "recall_rate": 0.6222222222222222,
          "precision_rate": 0.22555555555555556
        },
        "0.6": {
          "recall_rate": 0.6222222222222222,
          "precision_rate": 0.2011111111111111
        },
        "0.7": {
          "recall_rate": 0.6222222222222222,
          "precision_rate": 0.18777777777777777
        },
        "0.8": {
          "recall_rate": 0.6222222222222222,
          "precision_rate": 0.1622222222222222
        },
        "0.9": {
          "recall_rate": 0.6222222222222222,
          "precision_rate": 0.15888888888888889
        }
      },
      "recall_mean": 0.6222222222222222,
      "precision_mean": 0.20419753086419754,
      "threshold_discrimination": 0.0,
      "threshold_summary": {
        "threshold_auc": 0.6222222222222222,
        "slope": 0.0
      },