{
  "fold_scores": [
    {
      "tick": 200,
      "recall_rate": 0.588957055214724,
      "precision_rate": 0.17300613496932515,
      "activation_recall_correlation": 0.985277114298881,
      "fact_episode_delta": 0.5370998116760828,
      "forgetting_curve_smoothness": 0.009822598973319418,
      "storage_std": 0.29265364154301926,
      "storage_iqr": 0.5142203271756539,
      "storage_gini": 0.5104098071989668,
      "retrieval_std": 0.2912487349422356,
      "retrieval_iqr": 0.5142203271756539,
      "retrieval_gini": 0.509475405579774,
      "activation_std": 0.29265364154301926,
      "activation_iqr": 0.5142203271756539,
      "activation_gini": 0.5104098071989668,
      "threshold_metrics": {
        "0.1": {
          "recall_rate": 0.588957055214724,
          "precision_rate": 0.17300613496932515
        },
        "0.2": {
          "recall_rate": 0.588957055214724,
          "precision_rate": 0.17300613496932515
        },
        "0.3": {
          "recall_rate": 0.588957055214724,
          "precision_rate": 0.17300613496932515
        },
        "0.4": {
          "recall_rate": 0.588957055214724,
          "precision_rate": 0.17300613496932515
        },
        "0.5": {
          "recall_rate": 0.588957055214724,
          "precision_rate": 0.1705521472392638
        },
        "0.6": {
          "recall_rate": 0.588957055214724,
          "precision_rate": 0.16932515337423312
        },
        "0.7": {
          "recall_rate": 0.588957055214724,
          "precision_rate": 0.16319018404907976
        },
        "0.8": {
          "recall_rate": 0.5828220858895705,
          "precision_rate": 0.15950920245398773
        },
        "0.9": {
          "recall_rate": 0.5828220858895705,
          "precision_rate": 0.1423312883435583
        }
      },
      "recall_mean": 0.5875937286980232,
      "precision_mean": 0.1663258350374915,
      "threshold_discrimination": 0.00613496932515345,
      "threshold_summary": {
        "threshold_auc": 0.5875937286980232,
        "slope": -0.00613496932515345
      },
      "corr_mean": 0.8286259967550608,
      "corr_score": 0.8286259967550608,
      "smoothness_score": 0.9017740102668058,
      "retrieval_score": 0.3820347648261758,
      "plausibility_score": 0.8652000035109333,
      "overall_score": 0.6236173841685546,
      "composite_score": 0.6236173841685546,
      "mrr_mean": 0.48999091115655524,
      "precision_strict": 0.11751874573960462,
      "precision_lift": 0.0,
      "precision_associative": 0.1663258350374915,
      "similarity_recall_rate": 0.588957055214724,
      "retention_curve": {
        "40": 1.0,
        "80": 1.0,
        "120": 0.6875,
        "160": 0.5714285714285714,
        "200": 0.588957055214724
      },
      "retention_auc": 0.7695771253286591,
      "selectivity_score": 0.06871165644171776,
      "robustness_score": 0.0,
      "eval_v2_score": 0.3703587861524978
    },
    {
      "tick": 200,
      "recall_rate": 0.5723270440251572,
      "precision_rate": 0.17484276729559747,
      "activation_recall_correlation": 0.958299751345086,
      "fact_episode_delta": 0.5363302752293577,
      "forgetting_curve_smoothness": 0.11336644633414313,
      "storage_std": 0.2916157268615037,
      "storage_iqr": 0.5142203271756539,
      "storage_gini": 0.5100489642599868,
      "retrieval_std": 0.2903721596506007,
      "retrieval_iqr": 0.5142203271756539,
      "retrieval_gini": 0.5092222992484179,
      "activation_std": 0.2916157268615037,
      "activation_iqr": 0.5142203271756539,
      "activation_gini": 0.5100489642599868,
      "threshold_metrics": {
        "0.1": {
          "recall_rate": 0.5723270440251572,
          "precision_rate": 0.17484276729559747
        },
        "0.2": {
          "recall_rate": 0.5723270440251572,
          "precision_rate": 0.17484276729559747
        },
        "0.3": {
          "recall_rate": 0.5723270440251572,
          "precision_rate": 0.17484276729559747
        },
        "0.4": {
          "recall_rate": 0.5723270440251572,
          "precision_rate": 0.17484276729559747
        },
        "0.5": {
          "recall_rate": 0.5723270440251572,
          "precision_rate": 0.17484276729559747
        },
        "0.6": {
          "recall_rate": 0.5723270440251572,
          "precision_rate": 0.16729559748427672
        },
        "0.7": {
          "recall_rate": 0.5723270440251572,
          "precision_rate": 0.1660377358490566
        },
        "0.8": {
          "recall_rate": 0.5660377358490566,
          "precision_rate": 0.15849056603773584
        },
        "0.9": {
          "recall_rate": 0.5660377358490566,
          "precision_rate": 0.1320754716981132
        }
      },
      "recall_mean": 0.5709294199860238,
      "precision_mean": 0.16645702306079663,
      "threshold_discrimination": 0.0062893081761006275,
      "threshold_summary": {
        "threshold_auc": 0.5709294199860238,
        "slope": -0.0062893081761006275
      },
      "corr_mean": 0.8766105072670689,
      "corr_score": 0.8766105072670689,
      "smoothness_score": 0.0,
      "retrieval_score": 0.36715932914046123,
      "plausibility_score": 0.43830525363353445,
      "overall_score": 0.40273229138699784,
      "composite_score": 0.40273229138699784,
      "mrr_mean": 0.46262520382017236,
      "precision_strict": 0.11418588399720475,
      "precision_lift": 0.0,
      "precision_associative": 0.16645702306079663,
      "similarity_recall_rate": 0.5723270440251572,
      "retention_curve": {
        "40": 0.0,
        "80": 1.0,
        "120": 0.6,
        "160": 0.5655172413793104,
        "200": 0.5723270440251572
      },
      "retention_auc": 0.5475688570808936,
      "selectivity_score": 0.061914744933612875,
      "robustness_score": 0.0,
      "eval_v2_score": 0.2680761464131667
    },
    {
      "tick": 200,
      "recall_rate": 0.4888888888888889,
      "precision_rate": 0.16111111111111112,
      "activation_recall_correlation": 0.9534386497627001,
      "fact_episode_delta": 0.5003636363636363,
      "forgetting_curve_smoothness": 0.12513813274384833,
      "storage_std": 0.2914594651575324,
      "storage_iqr": 0.5142203271756539,
      "storage_gini": 0.5097091554890104,
      "retrieval_std": 0.29019643421259794,
      "retrieval_iqr": 0.5142203271756539,
      "retrieval_gini": 0.5088702665352796,
      "activation_std": 0.2914594651575324,
      "activation_iqr": 0.5142203271756539,
      "activation_gini": 0.5097091554890104,
      "threshold_metrics": {
        "0.1": {
          "recall_rate": 0.4888888888888889,
          "precision_rate": 0.16111111111111112
        },
        "0.2": {
          "recall_rate": 0.4888888888888889,
          "precision_rate": 0.16111111111111112
        },
        "0.3": {
          "recall_rate": 0.4888888888888889,
          "precision_rate": 0.16111111111111112
        },
        "0.4": {
          "recall_rate": 0.4888888888888889,
          "precision_rate": 0.16111111111111112
        },
        "0.5": {
          "recall_rate": 0.4888888888888889,
          "precision_rate": 0.16
        },
        "0.6": {
          "recall_rate": 0.4888888888888889,
          "precision_rate": 0.1511111111111111
        },
        "0.7": {
          "recall_rate": 0.4888888888888889,
          "precision_rate": 0.1511111111111111
        },
        "0.8": {
          "recall_rate": 0.4888888888888889,
          "precision_rate": 0.14777777777777779
        },
        "0.9": {
          "recall_rate": 0.48333333333333334,
          "precision_rate": 0.12444444444444444
        }
      },
      "recall_mean": 0.48827160493827154,
      "precision_mean": 0.15320987654320986,
      "threshold_discrimination": 0.005555555555555536,
      "threshold_summary": {
        "threshold_auc": 0.48827160493827154,
        "slope": -0.005555555555555536
      },
      "corr_mean": 0.837430655663161,
      "corr_score": 0.837430655663161,
      "smoothness_score": 0.0,