{
  "fold_scores": [
    {
      "tick": 200,
      "recall_rate": 0.6993865030674846,
      "precision_rate": 0.2343558282208589,
      "activation_recall_correlation": 0.9798176491471897,
      "fact_episode_delta": 0.3845574387947269,
      "forgetting_curve_smoothness": 0.002109618316454815,
      "storage_std": 0.20575291762523085,
      "storage_iqr": 0.18034418108850833,
      "storage_gini": 0.3080840282236327,
      "retrieval_std": 0.20563932461660306,
      "retrieval_iqr": 0.18034418108850833,
      "retrieval_gini": 0.30801305099369186,
      "activation_std": 0.20575291762523085,
      "activation_iqr": 0.18034418108850833,
      "activation_gini": 0.3080840282236327,
      "threshold_metrics": {
        "0.1": {
          "recall_rate": 0.6993865030674846,
          "precision_rate": 0.2343558282208589
        },
        "0.2": {
          "recall_rate": 0.6993865030674846,
          "precision_rate": 0.2343558282208589
        },
        "0.3": {
          "recall_rate": 0.6993865030674846,
          "precision_rate": 0.2343558282208589
        },
        "0.4": {
          "recall_rate": 0.6993865030674846,
          "precision_rate": 0.2343558282208589
        },
        "0.5": {
          "recall_rate": 0.6993865030674846,
          "precision_rate": 0.2343558282208589
        },
        "0.6": {
          "recall_rate": 0.6993865030674846,
          "precision_rate": 0.2343558282208589
        },
        "0.7": {
          "recall_rate": 0.7055214723926381,
          "precision_rate": 0.19877300613496932
        },
        "0.8": {
          "recall_rate": 0.6932515337423313,
          "precision_rate": 0.18650306748466258
        },
        "0.9": {
          "recall_rate": 0.6871165644171779,
          "precision_rate": 0.1656441717791411
        }
      },
      "recall_mean": 0.6980231765507838,
      "precision_mean": 0.21745057941376958,
      "threshold_discrimination": 0.018404907975460127,
      "threshold_summary": {
        "threshold_auc": 0.6980231765507838,
        "slope": -0.012269938650306678
      },
      "corr_mean": 0.8278014934904907,
      "corr_score": 0.8278014934904907,
      "smoothness_score": 0.9789038168354518,
      "retrieval_score": 0.6458197000681664,
      "forgetting_score": 0.6858540241620983,
      "non_target_mean_storage": 0.31414597583790177,
      "plausibility_score": 0.8278014934904907,
      "overall_score": 0.7053271618566236,
      "composite_score": 0.7053271618566236,
      "mrr_mean": 0.582015451033856,
      "precision_strict": 0.1396046353101568,
      "precision_lift": 2.7755575615628914e-17,
      "precision_associative": 0.21745057941376958,
      "similarity_recall_rate": 0.6871165644171779,
      "retention_curve": {
        "40": 1.0,
        "80": 1.0,
        "120": 0.875,
        "160": 0.7142857142857143,
        "200": 0.6993865030674846
      },
      "retention_auc": 0.8577344434706398,
      "selectivity_score": 0.06175869120654401,
      "robustness_score": 0.0,
      "_fold_idx": 0,
      "_fold_duration_seconds": 75.82
    },
    {
      "tick": 200,
      "recall_rate": 0.6855345911949685,
      "precision_rate": 0.24150943396226415,
      "activation_recall_correlation": 0.9731234010718444,
      "fact_episode_delta": 0.4003669724770642,
      "forgetting_curve_smoothness": 0.10511094152996585,
      "storage_std": 0.20525349617824598,
      "storage_iqr": 0.18034418108850833,
      "storage_gini": 0.30778491736312696,
      "retrieval_std": 0.20515433344614517,
      "retrieval_iqr": 0.18034418108850833,
      "retrieval_gini": 0.30772416702060534,
      "activation_std": 0.20525349617824598,
      "activation_iqr": 0.18034418108850833,
      "activation_gini": 0.30778491736312696,
      "threshold_metrics": {
        "0.1": {
          "recall_rate": 0.6855345911949685,
          "precision_rate": 0.24150943396226415
        },
        "0.2": {
          "recall_rate": 0.6855345911949685,
          "precision_rate": 0.24150943396226415
        },
        "0.3": {
          "recall_rate": 0.6855345911949685,
          "precision_rate": 0.24150943396226415
        },
        "0.4": {
          "recall_rate": 0.6855345911949685,
          "precision_rate": 0.24150943396226415
        },
        "0.5": {
          "recall_rate": 0.6855345911949685,
          "precision_rate": 0.24150943396226415
        },
        "0.6": {
          "recall_rate": 0.6855345911949685,
          "precision_rate": 0.24150943396226415
        },
        "0.7": {
          "recall_rate": 0.6855345911949685,
          "precision_rate": 0.19748427672955976
        },
        "0.8": {
          "recall_rate": 0.6855345911949685,
          "precision_rate": 0.19119496855345913
        },
        "0.9": {
          "recall_rate": 0.6729559748427673,
          "precision_rate": 0.16226415094339622
        }
      },
      "recall_mean": 0.684136967155835,
      "precision_mean": 0.2222222222222222,
      "threshold_discrimination": 0.012578616352201255,
      "threshold_summary": {
        "threshold_auc": 0.684136967155835,
        "slope": -0.012578616352201255
      },
      "corr_mean": 0.9479105104472266,
      "corr_score": 0.9479105104472266,
      "smoothness_score": 0.0,
      "retrieval_score": 0.6257512229210344,
      "forgetting_score": 0.6859933734971735,
      "non_target_mean_storage": 0.31400662650282646,
      "plausibility_score": 0.9479105104472266,
      "overall_score": 0.7273757975042311,
      "composite_score": 0.7273757975042311,
      "mrr_mean": 0.5543908688562778,
      "precision_strict": 0.136827393431167,
      "precision_lift": 0.0,
      "precision_associative": 0.2222222222222222,
      "similarity_recall_rate": 0.6729559748427673,
      "retention_curve": {
        "40": 0.0,
        "80": 1.0,
        "120": 0.7,
        "160": 0.6896551724137931,
        "200": 0.6855345911949685
      },
      "retention_auc": 0.6150379527217523,
      "selectivity_score": 0.05143256464011181,
      "robustness_score": 0.0,
      "_fold_idx": 1,
      "_fold_duration_seconds": 75.78
    },
    {
      "tick": 200,
      "recall_rate": 0.6555555555555556,
      "precision_rate": 0.2477777777777778,
      "activation_recall_correlation": 0.9826479650376185,
      "fact_episode_delta": 0.31272727272727263,
      "forgetting_curve_smoothness": 0.10148709576773299,
      "storage_std": 0.20656599072622842,
      "storage_iqr": 0.18034418108850833,
      "storage_gini": 0.30879747934555696,
      "retrieval_std": 0.206387874229463,
      "retrieval_iqr": 0.18034418108850833,
      "retrieval_gini": 0.3086862415784175,
      "activation_std": 0.20656599072622842,
      "activation_iqr": 0.18034418108850833,
      "activation_gini": 0.30879747934555696,
      "threshold_metrics": {
        "0.1": {
          "recall_rate": 0.6555555555555556,
          "precision_rate": 0.2477777777777778
        },
        "0.2": {
          "recall_rate": 0.6555555555555556,
          "precision_rate": 0.2477777777777778
        },
        "0.3": {
          "recall_rate": 0.6555555555555556,
          "precision_rate": 0.2477777777777778
        },
        "0.4": {
          "recall_rate": 0.6555555555555556,
          "precision_rate": 0.2477777777777778
        },
        "0.5": {
          "recall_rate": 0.6555555555555556,
          "precision_rate": 0.2477777777777778
        },
        "0.6": {
          "recall_rate": 0.6555555555555556,
          "precision_rate": 0.2477777777777778
        },
        "0.7": {
          "recall_rate": 0.6555555555555556,
          "precision_rate": 0.20444444444444446
        },
        "0.8": {
          "recall_rate": 0.6555555555555556,
          "precision_rate": 0.1988888888888889
        },
        "0.9": {
          "recall_rate": 0.6555555555555556,
          "precision_rate": 0.17333333333333334
        }
      },
      "recall_mean": 0.6555555555555556,
      "precision_mean": 0.22925925925925927,
      "threshold_discrimination": 0.0,