{
  "fold_scores": [
    {
      "tick": 200,
      "recall_rate": 0.7177914110429447,
      "precision_rate": 0.252760736196319,
      "activation_recall_correlation": 0.9785022330517613,
      "fact_episode_delta": 0.35913370998116756,
      "forgetting_curve_smoothness": 0.0032825393390116487,
      "storage_std": 0.20172576228322298,
      "storage_iqr": 0.18035760186006006,
      "storage_gini": 0.30477902409647883,
      "retrieval_std": 0.20097292188717053,
      "retrieval_iqr": 0.18035760186006006,
      "retrieval_gini": 0.30431259455112947,
      "activation_std": 0.20172576228322298,
      "activation_iqr": 0.18035760186006006,
      "activation_gini": 0.30477902409647883,
      "threshold_metrics": {
        "0.1": {
          "recall_rate": 0.7177914110429447,
          "precision_rate": 0.252760736196319
        },
        "0.2": {
          "recall_rate": 0.7177914110429447,
          "precision_rate": 0.252760736196319
        },
        "0.3": {
          "recall_rate": 0.7177914110429447,
          "precision_rate": 0.252760736196319
        },
        "0.4": {
          "recall_rate": 0.7177914110429447,
          "precision_rate": 0.25398773006134967
        },
        "0.5": {
          "recall_rate": 0.7177914110429447,
          "precision_rate": 0.25398773006134967
        },
        "0.6": {
          "recall_rate": 0.7177914110429447,
          "precision_rate": 0.25398773006134967
        },
        "0.7": {
          "recall_rate": 0.7239263803680982,
          "precision_rate": 0.20368098159509201
        },
        "0.8": {
          "recall_rate": 0.7177914110429447,
          "precision_rate": 0.17914110429447852
        },
        "0.9": {
          "recall_rate": 0.7177914110429447,
          "precision_rate": 0.16809815950920245
        }
      },
      "recall_mean": 0.7184730743012951,
      "precision_mean": 0.23012951601908657,
      "threshold_discrimination": 0.00613496932515345,
      "threshold_summary": {
        "threshold_auc": 0.7184730743012951,
        "slope": 0.0
      },
      "corr_mean": 0.9648950265525974,
      "corr_score": 0.9648950265525974,
      "smoothness_score": 0.9671746066098835,
      "retrieval_score": 0.6623994546693934,
      "forgetting_score": 0.6888386730466514,
      "non_target_mean_storage": 0.3111613269533487,
      "plausibility_score": 0.9648950265525974,
      "overall_score": 0.7472770740722346,
      "composite_score": 0.7472770740722346,
      "mrr_mean": 0.5938650306748466,
      "precision_strict": 0.14369461486025903,
      "precision_lift": 0.0,
      "precision_associative": 0.23012951601908657,
      "similarity_recall_rate": 0.7177914110429447,
      "retention_curve": {
        "40": 1.0,
        "80": 1.0,
        "120": 0.8125,
        "160": 0.7077922077922078,
        "200": 0.7177914110429447
      },
      "retention_auc": 0.8476167237670305,
      "selectivity_score": 0.057259713701431486,
      "robustness_score": 0.0
    },
    {
      "tick": 200,
      "recall_rate": 0.6918238993710691,
      "precision_rate": 0.2578616352201258,
      "activation_recall_correlation": 0.9612153521971903,
      "fact_episode_delta": 0.3328440366972477,
      "forgetting_curve_smoothness": 0.09895615833293232,
      "storage_std": 0.20027859756199576,
      "storage_iqr": 0.18035760186006006,
      "storage_gini": 0.3037085333333279,
      "retrieval_std": 0.1995422454936428,
      "retrieval_iqr": 0.18035760186006006,
      "retrieval_gini": 0.3032554579335815,
      "activation_std": 0.20027859756199576,
      "activation_iqr": 0.18035760186006006,
      "activation_gini": 0.3037085333333279,
      "threshold_metrics": {
        "0.1": {
          "recall_rate": 0.6918238993710691,
          "precision_rate": 0.2578616352201258
        },
        "0.2": {
          "recall_rate": 0.6918238993710691,
          "precision_rate": 0.2578616352201258
        },
        "0.3": {
          "recall_rate": 0.6918238993710691,
          "precision_rate": 0.2578616352201258
        },
        "0.4": {
          "recall_rate": 0.6981132075471698,
          "precision_rate": 0.26037735849056604
        },
        "0.5": {
          "recall_rate": 0.6981132075471698,
          "precision_rate": 0.26037735849056604
        },
        "0.6": {
          "recall_rate": 0.6981132075471698,
          "precision_rate": 0.26037735849056604
        },
        "0.7": {
          "recall_rate": 0.6981132075471698,
          "precision_rate": 0.20251572327044026
        },
        "0.8": {
          "recall_rate": 0.6981132075471698,
          "precision_rate": 0.17735849056603772
        },
        "0.9": {
          "recall_rate": 0.6918238993710691,
          "precision_rate": 0.1610062893081761
        }
      },
      "recall_mean": 0.6953179594689028,
      "precision_mean": 0.2328441649196366,
      "threshold_discrimination": 0.0062893081761006275,
      "threshold_summary": {
        "threshold_auc": 0.6953179594689028,
        "slope": 0.0
      },
      "corr_mean": 0.8003527048865853,
      "corr_score": 0.8003527048865853,
      "smoothness_score": 0.010438416670676798,
      "retrieval_score": 0.6386041229909155,
      "forgetting_score": 0.6891866705670563,
      "non_target_mean_storage": 0.3108133294329437,
      "plausibility_score": 0.8003527048865853,
      "overall_score": 0.6967451601164822,
      "composite_score": 0.6967451601164822,
      "mrr_mean": 0.569287211740042,
      "precision_strict": 0.13906359189378056,
      "precision_lift": 0.0,
      "precision_associative": 0.2328441649196366,
      "similarity_recall_rate": 0.6918238993710691,
      "retention_curve": {
        "40": 0.0,
        "80": 1.0,
        "120": 0.9,
        "160": 0.6758620689655173,
        "200": 0.6918238993710691
      },
      "retention_auc": 0.6535371936673172,
      "selectivity_score": 0.04528301886792452,
      "robustness_score": 0.0
    },
    {
      "tick": 200,
      "recall_rate": 0.65,
      "precision_rate": 0.25555555555555554,
      "activation_recall_correlation": 0.978631604131996,
      "fact_episode_delta": 0.29454545454545444,
      "forgetting_curve_smoothness": 0.10144991540047041,
      "storage_std": 0.2016930791714922,
      "storage_iqr": 0.18035760186006006,
      "storage_gini": 0.3048226019688404,
      "retrieval_std": 0.20081862474301002,
      "retrieval_iqr": 0.18035760186006006,
      "retrieval_gini": 0.3042805938129621,
      "activation_std": 0.2016930791714922,
      "activation_iqr": 0.18035760186006006,
      "activation_gini": 0.3048226019688404,
      "threshold_metrics": {
        "0.1": {
          "recall_rate": 0.65,
          "precision_rate": 0.25555555555555554
        },
        "0.2": {
          "recall_rate": 0.65,
          "precision_rate": 0.25555555555555554
        },
        "0.3": {
          "recall_rate": 0.65,
          "precision_rate": 0.25555555555555554
        },
        "0.4": {
          "recall_rate": 0.65,
          "precision_rate": 0.25555555555555554
        },
        "0.5": {
          "recall_rate": 0.65,
          "precision_rate": 0.25555555555555554
        },
        "0.6": {
          "recall_rate": 0.65,
          "precision_rate": 0.25555555555555554
        },
        "0.7": {
          "recall_rate": 0.6555555555555556,
          "precision_rate": 0.20333333333333334
        },
        "0.8": {
          "recall_rate": 0.6555555555555556,
          "precision_rate": 0.18555555555555556
        },
        "0.9": {
          "recall_rate": 0.65,
          "precision_rate": 0.17222222222222222
        }
      },
      "recall_mean": 0.6512345679012346,
      "precision_mean": 0.232716049382716,
      "threshold_discrimination": 0.005555555555555536,
      "threshold_summary": {
        "threshold_auc": 0.6512345679012346,
        "slope": 0.0
      },
      "corr_mean": 0.7605678098258092,
      "corr_score": 0.7605678098258092,
      "smoothness_score": 0.0,