{
  "status": "completed",
  "tick": 200,
  "recall_rate": 0.7058823529411765,
  "precision_rate": 0.3215686274509804,
  "activation_recall_correlation": 0.18483569541756628,
  "fact_episode_delta": 0.21607142857142858,
  "forgetting_curve_smoothness": 0.003093796922888713,
  "storage_std": 0.3293089539826709,
  "storage_iqr": 0.0021705989632894935,
  "storage_gini": 0.8268653255608797,
  "retrieval_std": 0.3293089539826709,
  "retrieval_iqr": 0.0021705989632894935,
  "retrieval_gini": 0.8268653255608797,
  "activation_std": 0.3293089539826709,
  "activation_iqr": 0.0021705989632894935,
  "activation_gini": 0.8268653255608797,
  "threshold_metrics": {
    "0.1": {
      "recall_rate": 0.7058823529411765,
      "precision_rate": 0.3215686274509804
    },
    "0.2": {
      "recall_rate": 0.7058823529411765,
      "precision_rate": 0.3215686274509804
    },
    "0.3": {
      "recall_rate": 0.7058823529411765,
      "precision_rate": 0.3215686274509804
    },
    "0.4": {
      "recall_rate": 0.7058823529411765,
      "precision_rate": 0.3215686274509804
    },
    "0.5": {
      "recall_rate": 0.7058823529411765,
      "precision_rate": 0.3215686274509804
    },
    "0.6": {
      "recall_rate": 0.7058823529411765,
      "precision_rate": 0.3215686274509804
    },
    "0.7": {
      "recall_rate": 0.7058823529411765,
      "precision_rate": 0.3215686274509804
    },
    "0.8": {
      "recall_rate": 0.7058823529411765,
      "precision_rate": 0.3215686274509804
    },
    "0.9": {
      "recall_rate": 0.32679738562091504,
      "precision_rate": 0.12156862745098039
    }
  },
  "recall_mean": 0.663761801016703,
  "precision_mean": 0.2993464052287582,
  "threshold_discrimination": 0.3790849673202615,
  "threshold_summary": {
    "threshold_auc": 0.663761801016703,
    "slope": -0.3790849673202615
  },
  "corr_mean": 0.18521063299319443,
  "corr_score": 0.18521063299319443,
  "smoothness_score": 0.9690620307711129,
  "retrieval_score": 0.5556245461147422,
  "forgetting_score": 0.8714639331270433,
  "non_target_mean_storage": 0.12853606687295668,
  "plausibility_score": 0.18521063299319443,
  "overall_score": 0.5735648532886606,
  "composite_score": 0.5735648532886606,
  "mrr_mean": 0.4234567901234569,
  "precision_strict": 0.13275236020334058,
  "precision_lift": 0.0,
  "precision_associative": 0.2993464052287582,
  "similarity_recall_rate": 0.6405228758169934,
  "retention_curve": {
    "40": 1.0,
    "80": 1.0,
    "120": 0.8181818181818182,
    "160": 0.7194244604316546,
    "200": 0.7058823529411765
  },
  "retention_auc": 0.8486977263109299,
  "selectivity_score": 0.0,
  "robustness_score": 0.0,
  "snapshots": [
    {
      "tick": 0,
      "recall_rate": 1.0,
      "precision_rate": 0.2,
      "activation_recall_correlation": 0.0,
      "fact_episode_delta": 1.0,
      "forgetting_curve_smoothness": 0.0
    },
    {
      "tick": 20,
      "recall_rate": 1.0,
      "precision_rate": 0.2,
      "activation_recall_correlation": 0.0,
      "fact_episode_delta": 1.0,
      "forgetting_curve_smoothness": 0.0
    },
    {
      "tick": 40,
      "recall_rate": 1.0,
      "precision_rate": 0.2,
      "activation_recall_correlation": 0.0,
      "fact_episode_delta": 1.0,
      "forgetting_curve_smoothness": 0.0
    },
    {
      "tick": 60,
      "recall_rate": 1.0,
      "precision_rate": 0.5,
      "activation_recall_correlation": 0.0,
      "fact_episode_delta": 1.0,
      "forgetting_curve_smoothness": 0.0
    },
    {
      "tick": 80,
      "recall_rate": 1.0,
      "precision_rate": 0.48,
      "activation_recall_correlation": 0.0,
      "fact_episode_delta": 1.0,
      "forgetting_curve_smoothness": 0.0
    },
    {
      "tick": 100,
      "recall_rate": 1.0,
      "precision_rate": 0.4666666666666667,
      "activation_recall_correlation": 0.0,
      "fact_episode_delta": 1.0,
      "forgetting_curve_smoothness": 0.0
    },
    {
      "tick": 120,
      "recall_rate": 0.8181818181818182,
      "precision_rate": 0.2727272727272727,
      "activation_recall_correlation": -0.01991185687554679,
      "fact_episode_delta": 0.19999999999999996,
      "forgetting_curve_smoothness": 0.0
    },
    {
      "tick": 140,
      "recall_rate": 0.75,
      "precision_rate": 0.35,
      "activation_recall_correlation": -0.01501761563150579,
      "fact_episode_delta": 0.2666666666666667,
      "forgetting_curve_smoothness": 0.0045913682277318605
    },
    {
      "tick": 160,
      "recall_rate": 0.7194244604316546,
      "precision_rate": 0.3237410071942446,
      "activation_recall_correlation": 0.17782888134566716,
      "fact_episode_delta": 0.19819819819819828,
      "forgetting_curve_smoothness": 0.0041111485916680715
    },
    {
      "tick": 180,
      "recall_rate": 0.7333333333333333,
      "precision_rate": 0.324,
      "activation_recall_correlation": 0.2025804761678378,
      "fact_episode_delta": 0.1964882943143812,
      "forgetting_curve_smoothness": 0.003600143251829357
    },
    {
      "tick": 200,
      "recall_rate": 0.7058823529411765,
      "precision_rate": 0.3215686274509804,
      "activation_recall_correlation": 0.18483569541756628,
      "fact_episode_delta": 0.21607142857142858,
      "forgetting_curve_smoothness": 0.0034370774852930204
    }
  ],
  "duration_seconds": 53.54,
  "timing_breakdown": {
    "simulation_seconds": 45.446,
    "final_score_summary_seconds": 5.281,
    "query_similarity_total_seconds": 41.198,
    "query_similarity_call_count": 594
  }
}