{
  "fold_scores": [
    {
      "tick": 200,
      "recall_rate": 0.5705521472392638,
      "precision_rate": 0.17914110429447852,
      "activation_recall_correlation": 0.8637514592272203,
      "fact_episode_delta": 0.5625235404896421,
      "forgetting_curve_smoothness": 0.00454530054062492,
      "storage_std": 0.28883968909592816,
      "storage_iqr": 0.5142203271756539,
      "storage_gini": 0.5075592031948578,
      "retrieval_std": 0.28967159793666464,
      "retrieval_iqr": 0.5142203271756539,
      "retrieval_gini": 0.5081685250683988,
      "activation_std": 0.28883968909592816,
      "activation_iqr": 0.5142203271756539,
      "activation_gini": 0.5075592031948578,
      "threshold_metrics": {
        "0.1": {
          "recall_rate": 0.5705521472392638,
          "precision_rate": 0.17914110429447852
        },
        "0.2": {
          "recall_rate": 0.5705521472392638,
          "precision_rate": 0.17914110429447852
        },
        "0.3": {
          "recall_rate": 0.5705521472392638,
          "precision_rate": 0.17914110429447852
        },
        "0.4": {
          "recall_rate": 0.5705521472392638,
          "precision_rate": 0.17914110429447852
        },
        "0.5": {
          "recall_rate": 0.5705521472392638,
          "precision_rate": 0.17423312883435582
        },
        "0.6": {
          "recall_rate": 0.5705521472392638,
          "precision_rate": 0.16441717791411042
        },
        "0.7": {
          "recall_rate": 0.48466257668711654,
          "precision_rate": 0.13987730061349693
        },
        "0.8": {
          "recall_rate": 0.44785276073619634,
          "precision_rate": 0.12883435582822086
        },
        "0.9": {
          "recall_rate": 0.3006134969325153,
          "precision_rate": 0.07607361963190185
        }
      },
      "recall_mean": 0.5173824130879345,
      "precision_mean": 0.15555555555555556,
      "threshold_discrimination": 0.2699386503067485,
      "threshold_summary": {
        "threshold_auc": 0.5173824130879345,
        "slope": -0.2699386503067485
      },
      "corr_mean": 0.5654638451479865,
      "corr_score": 0.5654638451479865,
      "smoothness_score": 0.9545469945937508,
      "retrieval_score": 0.33266189502385823,
      "plausibility_score": 0.7600054198708687,
      "overall_score": 0.5463336574473634,
      "composite_score": 0.5463336574473634,
      "mrr_mean": 0.4190297659622813,
      "precision_strict": 0.10347648261758689,
      "precision_lift": 0.0,
      "precision_associative": 0.15555555555555556,
      "similarity_recall_rate": 0.5705521472392638,
      "retention_curve": {
        "40": 1.0,
        "80": 1.0,
        "120": 0.8125,
        "160": 0.577922077922078,
        "200": 0.5705521472392638
      },
      "retention_auc": 0.7921948450322682,
      "selectivity_score": 0.05139740967961823,
      "robustness_score": 0.0,
      "eval_v2_score": 0.3744767736523871
    },
    {
      "tick": 200,
      "recall_rate": 0.559748427672956,
      "precision_rate": 0.19245283018867926,
      "activation_recall_correlation": 0.8340209433391648,
      "fact_episode_delta": 0.5546788990825687,
      "forgetting_curve_smoothness": 0.1077964893625726,
      "storage_std": 0.2878315380870232,
      "storage_iqr": 0.5142203271756539,
      "storage_gini": 0.5073610246913552,
      "retrieval_std": 0.28854736895634736,
      "retrieval_iqr": 0.5142203271756539,
      "retrieval_gini": 0.5078807857928631,
      "activation_std": 0.2878315380870232,
      "activation_iqr": 0.5142203271756539,
      "activation_gini": 0.5073610246913552,
      "threshold_metrics": {
        "0.1": {
          "recall_rate": 0.559748427672956,
          "precision_rate": 0.19245283018867926
        },
        "0.2": {
          "recall_rate": 0.559748427672956,
          "precision_rate": 0.19245283018867926
        },
        "0.3": {
          "recall_rate": 0.559748427672956,
          "precision_rate": 0.19245283018867926
        },
        "0.4": {
          "recall_rate": 0.559748427672956,
          "precision_rate": 0.19245283018867926
        },
        "0.5": {
          "recall_rate": 0.559748427672956,
          "precision_rate": 0.1861635220125786
        },
        "0.6": {
          "recall_rate": 0.5660377358490566,
          "precision_rate": 0.1660377358490566
        },
        "0.7": {
          "recall_rate": 0.48427672955974843,
          "precision_rate": 0.14339622641509434
        },
        "0.8": {
          "recall_rate": 0.42138364779874216,
          "precision_rate": 0.12578616352201258
        },
        "0.9": {
          "recall_rate": 0.29559748427672955,
          "precision_rate": 0.07044025157232704
        }
      },
      "recall_mean": 0.5073375262054507,
      "precision_mean": 0.16240391334730958,
      "threshold_discrimination": 0.27044025157232704,
      "threshold_summary": {
        "threshold_auc": 0.5073375262054507,
        "slope": -0.2641509433962264
      },
      "corr_mean": 0.5862268360912218,
      "corr_score": 0.5862268360912218,
      "smoothness_score": 0.0,
      "retrieval_score": 0.3208315863032844,
      "plausibility_score": 0.2931134180456109,
      "overall_score": 0.30697250217444766,
      "composite_score": 0.30697250217444766,
      "mrr_mean": 0.39298858607034703,
      "precision_strict": 0.10146750524109015,
      "precision_lift": 1.3877787807814457e-17,
      "precision_associative": 0.16240391334730958,
      "similarity_recall_rate": 0.559748427672956,
      "retention_curve": {
        "40": 0.0,
        "80": 1.0,
        "120": 0.7,
        "160": 0.5586206896551724,
        "200": 0.559748427672956
      },
      "retention_auc": 0.5636738234656258,
      "selectivity_score": 0.040531097134870714,
      "robustness_score": 0.0,
      "eval_v2_score": 0.2678391045567364
    },
    {
      "tick": 200,
      "recall_rate": 0.5,
      "precision_rate": 0.16666666666666666,
      "activation_recall_correlation": 0.8353564355205276,
      "fact_episode_delta": 0.5105454545454545,
      "forgetting_curve_smoothness": 0.11977734646002933,
      "storage_std": 0.2883373203655392,
      "storage_iqr": 0.5142203271756539,
      "storage_gini": 0.5074662397637969,
      "retrieval_std": 0.28909155664530223,
      "retrieval_iqr": 0.5142203271756539,
      "retrieval_gini": 0.5080184506289056,
      "activation_std": 0.2883373203655392,
      "activation_iqr": 0.5142203271756539,
      "activation_gini": 0.5074662397637969,
      "threshold_metrics": {
        "0.1": {
          "recall_rate": 0.5,
          "precision_rate": 0.16666666666666666
        },
        "0.2": {
          "recall_rate": 0.5,
          "precision_rate": 0.16666666666666666
        },
        "0.3": {
          "recall_rate": 0.5,
          "precision_rate": 0.16666666666666666
        },
        "0.4": {
          "recall_rate": 0.5,
          "precision_rate": 0.16666666666666666
        },
        "0.5": {
          "recall_rate": 0.5,
          "precision_rate": 0.16333333333333333
        },
        "0.6": {
          "recall_rate": 0.5,
          "precision_rate": 0.1511111111111111
        },
        "0.7": {
          "recall_rate": 0.43333333333333335,
          "precision_rate": 0.13666666666666666
        },
        "0.8": {
          "recall_rate": 0.40555555555555556,
          "precision_rate": 0.12555555555555556
        },
        "0.9": {
          "recall_rate": 0.26666666666666666,
          "precision_rate": 0.07
        }
      },
      "recall_mean": 0.4561728395061729,
      "precision_mean": 0.1459259259259259,
      "threshold_discrimination": 0.23333333333333334,
      "threshold_summary": {
        "threshold_auc": 0.4561728395061729,
        "slope": -0.23333333333333334
      },
      "corr_mean": 0.5511046296399417,
      "corr_score": 0.5511046296399417,
      "smoothness_score": 0.0,
      "retrieval_score": 0.29313271604938274,
      "plausibility_score": 0.27555231481997083,