{
  "fold_scores": [
    {
      "tick": 200,
      "recall_rate": 0.6012269938650306,
      "precision_rate": 0.1950920245398773,
      "activation_recall_correlation": 0.9862879892428159,
      "fact_episode_delta": 0.52015065913371,
      "forgetting_curve_smoothness": 0.003463324882424202,
      "storage_std": 0.1810089365216532,
      "storage_iqr": 0.15347430545762072,
      "storage_gini": 0.31691477732691253,
      "retrieval_std": 0.1761045108120564,
      "retrieval_iqr": 0.15347430545762072,
      "retrieval_gini": 0.31369239002699134,
      "activation_std": 0.1810089365216532,
      "activation_iqr": 0.15347430545762072,
      "activation_gini": 0.31691477732691253,
      "threshold_metrics": {
        "0.1": {
          "recall_rate": 0.6012269938650306,
          "precision_rate": 0.1950920245398773
        },
        "0.2": {
          "recall_rate": 0.6012269938650306,
          "precision_rate": 0.1950920245398773
        },
        "0.3": {
          "recall_rate": 0.6012269938650306,
          "precision_rate": 0.1950920245398773
        },
        "0.4": {
          "recall_rate": 0.6012269938650306,
          "precision_rate": 0.1950920245398773
        },
        "0.5": {
          "recall_rate": 0.6012269938650306,
          "precision_rate": 0.19386503067484662
        },
        "0.6": {
          "recall_rate": 0.6012269938650306,
          "precision_rate": 0.17423312883435582
        },
        "0.7": {
          "recall_rate": 0.6012269938650306,
          "precision_rate": 0.15337423312883436
        },
        "0.8": {
          "recall_rate": 0.5950920245398773,
          "precision_rate": 0.14355828220858896
        },
        "0.9": {
          "recall_rate": 0.5950920245398773,
          "precision_rate": 0.13987730061349693
        }
      },
      "recall_mean": 0.5998636673483299,
      "precision_mean": 0.17614178595773688,
      "threshold_discrimination": 0.006134969325153339,
      "threshold_summary": {
        "threshold_auc": 0.5998636673483299,
        "slope": -0.006134969325153339
      },
      "corr_mean": 0.7299601773601438,
      "corr_score": 0.7299601773601438,
      "smoothness_score": 0.965366751175758,
      "retrieval_score": 0.5649659168370824,
      "forgetting_score": 0.7407653946064499,
      "non_target_mean_storage": 0.2592346053935501,
      "plausibility_score": 0.7299601773601438,
      "overall_score": 0.6677442991871263,
      "composite_score": 0.6677442991871263,
      "mrr_mean": 0.5223131106566689,
      "precision_strict": 0.11997273346966598,
      "precision_lift": 1.3877787807814457e-17,
      "precision_associative": 0.17614178595773688,
      "similarity_recall_rate": 0.5950920245398773,
      "retention_curve": {
        "40": 1.0,
        "80": 1.0,
        "120": 0.875,
        "160": 0.6168831168831169,
        "200": 0.6012269938650306
      },
      "retention_auc": 0.8186220221496295,
      "selectivity_score": 0.06380368098159508,
      "robustness_score": 0.0,
      "_fold_idx": 0,
      "_fold_duration_seconds": 77.76
    },
    {
      "tick": 200,
      "recall_rate": 0.610062893081761,
      "precision_rate": 0.21509433962264152,
      "activation_recall_correlation": 0.9760116058078014,
      "fact_episode_delta": 0.5396330275229357,
      "forgetting_curve_smoothness": 0.10292685053173775,
      "storage_std": 0.18052218671680872,
      "storage_iqr": 0.15347430545762072,
      "storage_gini": 0.3163839603891281,
      "retrieval_std": 0.17621456886269998,
      "retrieval_iqr": 0.15347430545762072,
      "retrieval_gini": 0.31356964439290363,
      "activation_std": 0.18052218671680872,
      "activation_iqr": 0.15347430545762072,
      "activation_gini": 0.3163839603891281,
      "threshold_metrics": {
        "0.1": {
          "recall_rate": 0.610062893081761,
          "precision_rate": 0.21509433962264152
        },
        "0.2": {
          "recall_rate": 0.610062893081761,
          "precision_rate": 0.21509433962264152
        },
        "0.3": {
          "recall_rate": 0.610062893081761,
          "precision_rate": 0.21509433962264152
        },
        "0.4": {
          "recall_rate": 0.610062893081761,
          "precision_rate": 0.21509433962264152
        },
        "0.5": {
          "recall_rate": 0.610062893081761,
          "precision_rate": 0.2138364779874214
        },
        "0.6": {
          "recall_rate": 0.610062893081761,
          "precision_rate": 0.17987421383647798
        },
        "0.7": {
          "recall_rate": 0.5974842767295597,
          "precision_rate": 0.1471698113207547
        },
        "0.8": {
          "recall_rate": 0.5974842767295597,
          "precision_rate": 0.1421383647798742
        },
        "0.9": {
          "recall_rate": 0.5974842767295597,
          "precision_rate": 0.13836477987421383
        }
      },
      "recall_mean": 0.6058700209643606,
      "precision_mean": 0.18686233403214536,
      "threshold_discrimination": 0.012578616352201255,
      "threshold_summary": {
        "threshold_auc": 0.6058700209643606,
        "slope": -0.012578616352201255
      },
      "corr_mean": 0.8559503417533012,
      "corr_score": 0.8559503417533012,
      "smoothness_score": 0.0,
      "retrieval_score": 0.5654559748427673,
      "forgetting_score": 0.7410000948582325,
      "non_target_mean_storage": 0.25899990514176746,
      "plausibility_score": 0.8559503417533012,
      "overall_score": 0.6995200085758135,
      "composite_score": 0.6995200085758135,
      "mrr_mean": 0.5160610295830421,
      "precision_strict": 0.12117400419287211,
      "precision_lift": 0.0,
      "precision_associative": 0.18686233403214536,
      "similarity_recall_rate": 0.5974842767295597,
      "retention_curve": {
        "40": 0.0,
        "80": 1.0,
        "120": 0.9,
        "160": 0.6275862068965518,
        "200": 0.610062893081761
      },
      "retention_auc": 0.6275298199956626,
      "selectivity_score": 0.05548567435359886,
      "robustness_score": 0.0,
      "_fold_idx": 1,
      "_fold_duration_seconds": 76.67
    },
    {
      "tick": 200,
      "recall_rate": 0.5611111111111111,
      "precision_rate": 0.19555555555555557,
      "activation_recall_correlation": 0.9611615493308288,
      "fact_episode_delta": 0.4487272727272727,
      "forgetting_curve_smoothness": 0.1168149736864273,
      "storage_std": 0.181015166710156,
      "storage_iqr": 0.15347430545762072,
      "storage_gini": 0.31685766895613193,
      "retrieval_std": 0.1762296694206275,
      "retrieval_iqr": 0.15347430545762072,
      "retrieval_gini": 0.3137084503367328,
      "activation_std": 0.181015166710156,
      "activation_iqr": 0.15347430545762072,
      "activation_gini": 0.31685766895613193,
      "threshold_metrics": {
        "0.1": {
          "recall_rate": 0.5611111111111111,
          "precision_rate": 0.19555555555555557
        },
        "0.2": {
          "recall_rate": 0.5611111111111111,
          "precision_rate": 0.19555555555555557
        },
        "0.3": {
          "recall_rate": 0.5611111111111111,
          "precision_rate": 0.19555555555555557
        },
        "0.4": {
          "recall_rate": 0.5611111111111111,
          "precision_rate": 0.19555555555555557
        },
        "0.5": {
          "recall_rate": 0.5611111111111111,
          "precision_rate": 0.19444444444444445
        },
        "0.6": {
          "recall_rate": 0.5555555555555556,
          "precision_rate": 0.16666666666666666
        },
        "0.7": {
          "recall_rate": 0.5444444444444444,
          "precision_rate": 0.14555555555555555
        },
        "0.8": {
          "recall_rate": 0.5388888888888889,
          "precision_rate": 0.13333333333333333
        },
        "0.9": {
          "recall_rate": 0.5388888888888889,
          "precision_rate": 0.1322222222222222
        }
      },
      "recall_mean": 0.5537037037037037,
      "precision_mean": 0.17271604938271604,