{
  "fold_scores": [
    {
      "tick": 200,
      "recall_rate": 0.7177914110429447,
      "precision_rate": 0.2809815950920245,
      "activation_recall_correlation": 0.9680537849179154,
      "fact_episode_delta": 0.328436911487759,
      "forgetting_curve_smoothness": 0.0023269034841613035,
      "storage_std": 0.19733882518581172,
      "storage_iqr": 0.13584617773916383,
      "storage_gini": 0.3212002619345003,
      "retrieval_std": 0.19511991778466986,
      "retrieval_iqr": 0.13584617773916383,
      "retrieval_gini": 0.31976893960262437,
      "activation_std": 0.19733882518581172,
      "activation_iqr": 0.13584617773916383,
      "activation_gini": 0.3212002619345003,
      "threshold_metrics": {
        "0.1": {
          "recall_rate": 0.7116564417177914,
          "precision_rate": 0.27975460122699386
        },
        "0.2": {
          "recall_rate": 0.7116564417177914,
          "precision_rate": 0.27975460122699386
        },
        "0.3": {
          "recall_rate": 0.7177914110429447,
          "precision_rate": 0.2809815950920245
        },
        "0.4": {
          "recall_rate": 0.7177914110429447,
          "precision_rate": 0.2809815950920245
        },
        "0.5": {
          "recall_rate": 0.7177914110429447,
          "precision_rate": 0.2809815950920245
        },
        "0.6": {
          "recall_rate": 0.7239263803680982,
          "precision_rate": 0.26012269938650306
        },
        "0.7": {
          "recall_rate": 0.7300613496932515,
          "precision_rate": 0.20613496932515338
        },
        "0.8": {
          "recall_rate": 0.7116564417177914,
          "precision_rate": 0.17791411042944785
        },
        "0.9": {
          "recall_rate": 0.7055214723926381,
          "precision_rate": 0.1668711656441718
        }
      },
      "recall_mean": 0.7164280845262441,
      "precision_mean": 0.24594410361281524,
      "threshold_discrimination": 0.024539877300613466,
      "threshold_summary": {
        "threshold_auc": 0.7164280845262441,
        "slope": -0.006134969325153339
      },
      "corr_mean": 0.7162660733982228,
      "corr_score": 0.7162660733982228,
      "smoothness_score": 0.976730965158387,
      "retrieval_score": 0.6541479209270621,
      "forgetting_score": 0.7268564103135545,
      "non_target_mean_storage": 0.2731435896864455,
      "plausibility_score": 0.7162660733982228,
      "overall_score": 0.6951254303301246,
      "composite_score": 0.6951254303301246,
      "mrr_mean": 0.5780277209725062,
      "precision_strict": 0.14328561690524882,
      "precision_lift": 0.0,
      "precision_associative": 0.24594410361281524,
      "similarity_recall_rate": 0.7116564417177914,
      "retention_curve": {
        "40": 1.0,
        "80": 1.0,
        "120": 0.875,
        "160": 0.7272727272727273,
        "200": 0.7177914110429447
      },
      "retention_auc": 0.8640128276631345,
      "selectivity_score": 0.04062713019768241,
      "robustness_score": 0.0
    },
    {
      "tick": 200,
      "recall_rate": 0.6981132075471698,
      "precision_rate": 0.2691823899371069,
      "activation_recall_correlation": 0.9691511567953858,
      "fact_episode_delta": 0.32366972477064226,
      "forgetting_curve_smoothness": 0.09987729914098167,
      "storage_std": 0.1965815598034393,
      "storage_iqr": 0.13584617773916383,
      "storage_gini": 0.3206556910099148,
      "retrieval_std": 0.1944400060581687,
      "retrieval_iqr": 0.13584617773916383,
      "retrieval_gini": 0.31927607671301483,
      "activation_std": 0.1965815598034393,
      "activation_iqr": 0.13584617773916383,
      "activation_gini": 0.3206556910099148,
      "threshold_metrics": {
        "0.1": {
          "recall_rate": 0.6981132075471698,
          "precision_rate": 0.2691823899371069
        },
        "0.2": {
          "recall_rate": 0.6981132075471698,
          "precision_rate": 0.2691823899371069
        },
        "0.3": {
          "recall_rate": 0.6981132075471698,
          "precision_rate": 0.2691823899371069
        },
        "0.4": {
          "recall_rate": 0.6981132075471698,
          "precision_rate": 0.2691823899371069
        },
        "0.5": {
          "recall_rate": 0.6981132075471698,
          "precision_rate": 0.2691823899371069
        },
        "0.6": {
          "recall_rate": 0.7044025157232704,
          "precision_rate": 0.2578616352201258
        },
        "0.7": {
          "recall_rate": 0.7169811320754716,
          "precision_rate": 0.2050314465408805
        },
        "0.8": {
          "recall_rate": 0.6981132075471698,
          "precision_rate": 0.1660377358490566
        },
        "0.9": {
          "recall_rate": 0.6918238993710691,
          "precision_rate": 0.16226415094339622
        }
      },
      "recall_mean": 0.70020964360587,
      "precision_mean": 0.2374563242487771,
      "threshold_discrimination": 0.02515723270440251,
      "threshold_summary": {
        "threshold_auc": 0.70020964360587,
        "slope": -0.0062893081761006275
      },
      "corr_mean": 0.8011639723582733,
      "corr_score": 0.8011639723582733,
      "smoothness_score": 0.0012270085901833205,
      "retrieval_score": 0.6377148846960168,
      "forgetting_score": 0.7270293976371491,
      "non_target_mean_storage": 0.2729706023628509,
      "plausibility_score": 0.8011639723582733,
      "overall_score": 0.7098372361409772,
      "composite_score": 0.7098372361409772,
      "mrr_mean": 0.5613324015839739,
      "precision_strict": 0.140041928721174,
      "precision_lift": 0.0,
      "precision_associative": 0.2374563242487771,
      "similarity_recall_rate": 0.6981132075471698,
      "retention_curve": {
        "40": 0.0,
        "80": 1.0,
        "120": 0.8,
        "160": 0.696551724137931,
        "200": 0.6981132075471698
      },
      "retention_auc": 0.6389329863370202,
      "selectivity_score": 0.04262753319357088,
      "robustness_score": 0.0
    },
    {
      "tick": 200,
      "recall_rate": 0.6444444444444445,
      "precision_rate": 0.2788888888888889,
      "activation_recall_correlation": 0.9780286429556233,
      "fact_episode_delta": 0.2501818181818183,
      "forgetting_curve_smoothness": 0.1032648853450557,
      "storage_std": 0.19802279563070332,
      "storage_iqr": 0.13584617773916383,
      "storage_gini": 0.32184905382796897,
      "retrieval_std": 0.19562552321474383,
      "retrieval_iqr": 0.13584617773916383,
      "retrieval_gini": 0.320301604313674,
      "activation_std": 0.19802279563070332,
      "activation_iqr": 0.13584617773916383,
      "activation_gini": 0.32184905382796897,
      "threshold_metrics": {
        "0.1": {
          "recall_rate": 0.6444444444444445,
          "precision_rate": 0.2788888888888889
        },
        "0.2": {
          "recall_rate": 0.6444444444444445,
          "precision_rate": 0.2788888888888889
        },
        "0.3": {
          "recall_rate": 0.6444444444444445,
          "precision_rate": 0.2788888888888889
        },
        "0.4": {
          "recall_rate": 0.65,
          "precision_rate": 0.2822222222222222
        },
        "0.5": {
          "recall_rate": 0.65,
          "precision_rate": 0.2822222222222222
        },
        "0.6": {
          "recall_rate": 0.65,
          "precision_rate": 0.2644444444444444
        },
        "0.7": {
          "recall_rate": 0.6666666666666666,
          "precision_rate": 0.21555555555555556
        },
        "0.8": {
          "recall_rate": 0.65,
          "precision_rate": 0.17555555555555555
        },
        "0.9": {
          "recall_rate": 0.6444444444444445,
          "precision_rate": 0.17
        }
      },
      "recall_mean": 0.6493827160493828,
      "precision_mean": 0.2474074074074074,
      "threshold_discrimination": 0.022222222222222143,
      "threshold_summary": {
        "threshold_auc": 0.6493827160493828,
        "slope": 0.0
      },
      "corr_mean": 0.7483013062030768,
      "corr_score": 0.7483013062030768,