{
  "fold_scores": [
    {
      "tick": 200,
      "recall_rate": 0.6809815950920245,
      "precision_rate": 0.26993865030674846,
      "activation_recall_correlation": 0.9526325021592523,
      "fact_episode_delta": 0.34858757062146895,
      "forgetting_curve_smoothness": 0.0039020902316816374,
      "storage_std": 0.20493675837921266,
      "storage_iqr": 0.3032514948096448,
      "storage_gini": 0.20989274605459918,
      "retrieval_std": 0.20493675837921266,
      "retrieval_iqr": 0.3032514948096448,
      "retrieval_gini": 0.20989274605459918,
      "activation_std": 0.20493675837921266,
      "activation_iqr": 0.3032514948096448,
      "activation_gini": 0.20989274605459918,
      "threshold_metrics": {
        "0.1": {
          "recall_rate": 0.6809815950920245,
          "precision_rate": 0.26993865030674846
        },
        "0.2": {
          "recall_rate": 0.6809815950920245,
          "precision_rate": 0.26993865030674846
        },
        "0.3": {
          "recall_rate": 0.6809815950920245,
          "precision_rate": 0.26993865030674846
        },
        "0.4": {
          "recall_rate": 0.6871165644171779,
          "precision_rate": 0.2723926380368098
        },
        "0.5": {
          "recall_rate": 0.6871165644171779,
          "precision_rate": 0.2723926380368098
        },
        "0.6": {
          "recall_rate": 0.6871165644171779,
          "precision_rate": 0.2723926380368098
        },
        "0.7": {
          "recall_rate": 0.7116564417177914,
          "precision_rate": 0.2822085889570552
        },
        "0.8": {
          "recall_rate": 0.7239263803680982,
          "precision_rate": 0.21226993865030674
        },
        "0.9": {
          "recall_rate": 0.6993865030674846,
          "precision_rate": 0.1950920245398773
        }
      },
      "recall_mean": 0.6932515337423314,
      "precision_mean": 0.25739604635310154,
      "threshold_discrimination": 0.042944785276073705,
      "threshold_summary": {
        "threshold_auc": 0.6932515337423314,
        "slope": 0.018404907975460127
      },
      "corr_mean": 0.8919144891953182,
      "corr_score": 0.8919144891953182,
      "smoothness_score": 0.9609790976831836,
      "retrieval_score": 0.4351397409679619,
      "plausibility_score": 0.9264467934392508,
      "overall_score": 0.6807932672036063,
      "composite_score": 0.6807932672036063,
      "mrr_mean": 0.526130424903431,
      "precision_strict": 0.13865030674846626,
      "precision_lift": 0.0,
      "precision_associative": 0.25739604635310154,
      "similarity_recall_rate": 0.6809815950920245,
      "retention_curve": {
        "40": 1.0,
        "80": 1.0,
        "120": 0.8125,
        "160": 0.6623376623376623,
        "200": 0.6809815950920245
      },
      "retention_auc": 0.8311638514859373,
      "selectivity_score": 0.019904567143830987,
      "robustness_score": 0.0,
      "eval_v2_score": 0.38099033166901264
    },
    {
      "tick": 200,
      "recall_rate": 0.6477987421383647,
      "precision_rate": 0.25534591194968553,
      "activation_recall_correlation": 0.9002602627274999,
      "fact_episode_delta": 0.3095412844036697,
      "forgetting_curve_smoothness": 0.10120353913891852,
      "storage_std": 0.2045844186098943,
      "storage_iqr": 0.3032514948096448,
      "storage_gini": 0.20976893199115595,
      "retrieval_std": 0.20455769258868262,
      "retrieval_iqr": 0.3032514948096448,
      "retrieval_gini": 0.20975139625371791,
      "activation_std": 0.2045844186098943,
      "activation_iqr": 0.3032514948096448,
      "activation_gini": 0.20976893199115595,
      "threshold_metrics": {
        "0.1": {
          "recall_rate": 0.6477987421383647,
          "precision_rate": 0.25534591194968553
        },
        "0.2": {
          "recall_rate": 0.6477987421383647,
          "precision_rate": 0.25534591194968553
        },
        "0.3": {
          "recall_rate": 0.6477987421383647,
          "precision_rate": 0.25534591194968553
        },
        "0.4": {
          "recall_rate": 0.6477987421383647,
          "precision_rate": 0.2591194968553459
        },
        "0.5": {
          "recall_rate": 0.6477987421383647,
          "precision_rate": 0.2591194968553459
        },
        "0.6": {
          "recall_rate": 0.6477987421383647,
          "precision_rate": 0.2591194968553459
        },
        "0.7": {
          "recall_rate": 0.660377358490566,
          "precision_rate": 0.26666666666666666
        },
        "0.8": {
          "recall_rate": 0.7044025157232704,
          "precision_rate": 0.21257861635220127
        },
        "0.9": {
          "recall_rate": 0.6729559748427673,
          "precision_rate": 0.19119496855345913
        }
      },
      "recall_mean": 0.6582809224318659,
      "precision_mean": 0.24598183088749126,
      "threshold_discrimination": 0.05660377358490565,
      "threshold_summary": {
        "threshold_auc": 0.6582809224318659,
        "slope": 0.02515723270440251
      },
      "corr_mean": 0.8451607445436253,
      "corr_score": 0.8451607445436253,
      "smoothness_score": 0.0,
      "retrieval_score": 0.4112788259958071,
      "plausibility_score": 0.42258037227181267,
      "overall_score": 0.4169295991338099,
      "composite_score": 0.4169295991338099,
      "mrr_mean": 0.49322152341020264,
      "precision_strict": 0.13165618448637317,
      "precision_lift": 0.0,
      "precision_associative": 0.24598183088749126,
      "similarity_recall_rate": 0.6477987421383647,
      "retention_curve": {
        "40": 0.0,
        "80": 1.0,
        "120": 0.8,
        "160": 0.6344827586206897,
        "200": 0.6477987421383647
      },
      "retention_auc": 0.616456300151811,
      "selectivity_score": 0.017330538085255087,
      "robustness_score": 0.0,
      "eval_v2_score": 0.2834710233981542
    },
    {
      "tick": 200,
      "recall_rate": 0.6111111111111112,
      "precision_rate": 0.2644444444444444,
      "activation_recall_correlation": 0.899064819858313,
      "fact_episode_delta": 0.19345454545454543,
      "forgetting_curve_smoothness": 0.11082792922750137,
      "storage_std": 0.20499476198607794,
      "storage_iqr": 0.3032514948096448,
      "storage_gini": 0.21006088508302012,
      "retrieval_std": 0.20496810455835307,
      "retrieval_iqr": 0.3032514948096448,
      "retrieval_gini": 0.21004343085848734,
      "activation_std": 0.20499476198607794,
      "activation_iqr": 0.3032514948096448,
      "activation_gini": 0.21006088508302012,
      "threshold_metrics": {
        "0.1": {
          "recall_rate": 0.6111111111111112,
          "precision_rate": 0.2644444444444444
        },
        "0.2": {
          "recall_rate": 0.6111111111111112,
          "precision_rate": 0.2644444444444444
        },
        "0.3": {
          "recall_rate": 0.6111111111111112,
          "precision_rate": 0.2644444444444444
        },
        "0.4": {
          "recall_rate": 0.6111111111111112,
          "precision_rate": 0.2644444444444444
        },
        "0.5": {
          "recall_rate": 0.6111111111111112,
          "precision_rate": 0.2644444444444444
        },
        "0.6": {
          "recall_rate": 0.6111111111111112,
          "precision_rate": 0.26555555555555554
        },
        "0.7": {
          "recall_rate": 0.6277777777777778,
          "precision_rate": 0.2722222222222222
        },
        "0.8": {
          "recall_rate": 0.6555555555555556,
          "precision_rate": 0.20555555555555555
        },
        "0.9": {
          "recall_rate": 0.6444444444444445,
          "precision_rate": 0.19444444444444445
        }
      },
      "recall_mean": 0.621604938271605,
      "precision_mean": 0.25111111111111106,
      "threshold_discrimination": 0.0444444444444444,
      "threshold_summary": {
        "threshold_auc": 0.621604938271605,
        "slope": 0.033333333333333326
      },
      "corr_mean": 0.8624050880566428,
      "corr_score": 0.8624050880566428,
      "smoothness_score": 0.0,