{
  "fold_scores": [
    {
      "tick": 200,
      "recall_rate": 0.7116564417177914,
      "precision_rate": 0.27607361963190186,
      "activation_recall_correlation": 0.9743260229800182,
      "fact_episode_delta": 0.367608286252354,
      "forgetting_curve_smoothness": 0.002252876465583737,
      "storage_std": 0.19671512775698857,
      "storage_iqr": 0.11672889871480815,
      "storage_gini": 0.3495002910754834,
      "retrieval_std": 0.1925449118240052,
      "retrieval_iqr": 0.11672889871480815,
      "retrieval_gini": 0.3466732070572837,
      "activation_std": 0.19671512775698857,
      "activation_iqr": 0.11672889871480815,
      "activation_gini": 0.3495002910754834,
      "threshold_metrics": {
        "0.1": {
          "recall_rate": 0.7055214723926381,
          "precision_rate": 0.2748466257668712
        },
        "0.2": {
          "recall_rate": 0.7055214723926381,
          "precision_rate": 0.2748466257668712
        },
        "0.3": {
          "recall_rate": 0.7116564417177914,
          "precision_rate": 0.27607361963190186
        },
        "0.4": {
          "recall_rate": 0.7116564417177914,
          "precision_rate": 0.27607361963190186
        },
        "0.5": {
          "recall_rate": 0.7116564417177914,
          "precision_rate": 0.27607361963190186
        },
        "0.6": {
          "recall_rate": 0.7423312883435583,
          "precision_rate": 0.21717791411042944
        },
        "0.7": {
          "recall_rate": 0.7116564417177914,
          "precision_rate": 0.18282208588957055
        },
        "0.8": {
          "recall_rate": 0.7116564417177914,
          "precision_rate": 0.17177914110429449
        },
        "0.9": {
          "recall_rate": 0.7055214723926381,
          "precision_rate": 0.1656441717791411
        }
      },
      "recall_mean": 0.7130197682344921,
      "precision_mean": 0.2350374914792093,
      "threshold_discrimination": 0.036809815950920255,
      "threshold_summary": {
        "threshold_auc": 0.7130197682344921,
        "slope": 0.0
      },
      "corr_mean": 0.7225592582896101,
      "corr_score": 0.7225592582896101,
      "smoothness_score": 0.9774712353441626,
      "retrieval_score": 0.6579072937968643,
      "forgetting_score": 0.7604771502094704,
      "non_target_mean_storage": 0.2395228497905296,
      "plausibility_score": 0.7225592582896101,
      "overall_score": 0.7099697346644628,
      "composite_score": 0.7099697346644628,
      "mrr_mean": 0.5905476028175414,
      "precision_strict": 0.14260395364689846,
      "precision_lift": 2.7755575615628914e-17,
      "precision_associative": 0.2350374914792093,
      "similarity_recall_rate": 0.7055214723926381,
      "retention_curve": {
        "40": 1.0,
        "80": 1.0,
        "120": 0.875,
        "160": 0.7337662337662337,
        "200": 0.7116564417177914
      },
      "retention_auc": 0.8640845350968049,
      "selectivity_score": 0.050170415814587616,
      "robustness_score": 0.0
    },
    {
      "tick": 200,
      "recall_rate": 0.6981132075471698,
      "precision_rate": 0.27044025157232704,
      "activation_recall_correlation": 0.9699092937433242,
      "fact_episode_delta": 0.32366972477064226,
      "forgetting_curve_smoothness": 0.09933184459552713,
      "storage_std": 0.19580767512004676,
      "storage_iqr": 0.11672889871480815,
      "storage_gini": 0.3488172804902805,
      "retrieval_std": 0.191845615234403,
      "retrieval_iqr": 0.11672889871480815,
      "retrieval_gini": 0.3461363348656703,
      "activation_std": 0.19580767512004676,
      "activation_iqr": 0.11672889871480815,
      "activation_gini": 0.3488172804902805,
      "threshold_metrics": {
        "0.1": {
          "recall_rate": 0.6981132075471698,
          "precision_rate": 0.27044025157232704
        },
        "0.2": {
          "recall_rate": 0.6981132075471698,
          "precision_rate": 0.27044025157232704
        },
        "0.3": {
          "recall_rate": 0.6981132075471698,
          "precision_rate": 0.27044025157232704
        },
        "0.4": {
          "recall_rate": 0.6981132075471698,
          "precision_rate": 0.27044025157232704
        },
        "0.5": {
          "recall_rate": 0.6981132075471698,
          "precision_rate": 0.27044025157232704
        },
        "0.6": {
          "recall_rate": 0.7044025157232704,
          "precision_rate": 0.21132075471698114
        },
        "0.7": {
          "recall_rate": 0.710691823899371,
          "precision_rate": 0.18490566037735848
        },
        "0.8": {
          "recall_rate": 0.6918238993710691,
          "precision_rate": 0.16477987421383647
        },
        "0.9": {
          "recall_rate": 0.6855345911949685,
          "precision_rate": 0.1610062893081761
        }
      },
      "recall_mean": 0.6981132075471698,
      "precision_mean": 0.23046820405310975,
      "threshold_discrimination": 0.02515723270440251,
      "threshold_summary": {
        "threshold_auc": 0.6981132075471698,
        "slope": -0.012578616352201255
      },
      "corr_mean": 0.7764393541847942,
      "corr_score": 0.7764393541847942,
      "smoothness_score": 0.006681554044728699,
      "retrieval_score": 0.6395649895178197,
      "forgetting_score": 0.760600358565323,
      "non_target_mean_storage": 0.23939964143467696,
      "plausibility_score": 0.7764393541847942,
      "overall_score": 0.7161459598511895,
      "composite_score": 0.7161459598511895,
      "mrr_mean": 0.5680060563708361,
      "precision_strict": 0.13962264150943396,
      "precision_lift": 0.0,
      "precision_associative": 0.23046820405310975,
      "similarity_recall_rate": 0.6981132075471698,
      "retention_curve": {
        "40": 0.0,
        "80": 1.0,
        "120": 0.9,
        "160": 0.696551724137931,
        "200": 0.6981132075471698
      },
      "retention_auc": 0.6589329863370201,
      "selectivity_score": 0.04877707896575817,
      "robustness_score": 0.0
    },
    {
      "tick": 200,
      "recall_rate": 0.65,
      "precision_rate": 0.2811111111111111,
      "activation_recall_correlation": 0.9621054822215158,
      "fact_episode_delta": 0.24218181818181828,
      "forgetting_curve_smoothness": 0.1005907043551055,
      "storage_std": 0.1972251494189749,
      "storage_iqr": 0.11672889871480815,
      "storage_gini": 0.35003043913187426,
      "retrieval_std": 0.1929487914062302,
      "retrieval_iqr": 0.11672889871480815,
      "retrieval_gini": 0.34713288011369986,
      "activation_std": 0.1972251494189749,
      "activation_iqr": 0.11672889871480815,
      "activation_gini": 0.35003043913187426,
      "threshold_metrics": {
        "0.1": {
          "recall_rate": 0.6444444444444445,
          "precision_rate": 0.2777777777777778
        },
        "0.2": {
          "recall_rate": 0.6444444444444445,
          "precision_rate": 0.2777777777777778
        },
        "0.3": {
          "recall_rate": 0.65,
          "precision_rate": 0.2811111111111111
        },
        "0.4": {
          "recall_rate": 0.65,
          "precision_rate": 0.2811111111111111
        },
        "0.5": {
          "recall_rate": 0.65,
          "precision_rate": 0.2811111111111111
        },
        "0.6": {
          "recall_rate": 0.6666666666666666,
          "precision_rate": 0.22
        },
        "0.7": {
          "recall_rate": 0.6444444444444445,
          "precision_rate": 0.19111111111111112
        },
        "0.8": {
          "recall_rate": 0.6388888888888888,
          "precision_rate": 0.17
        },
        "0.9": {
          "recall_rate": 0.6388888888888888,
          "precision_rate": 0.1688888888888889
        }
      },
      "recall_mean": 0.6475308641975308,
      "precision_mean": 0.23876543209876544,
      "threshold_discrimination": 0.02777777777777779,
      "threshold_summary": {
        "threshold_auc": 0.6475308641975308,
        "slope": -0.005555555555555647
      },
      "corr_mean": 0.7330205712956964,