{
  "fold_scores": [
    {
      "tick": 200,
      "recall_rate": 0.7177914110429447,
      "precision_rate": 0.249079754601227,
      "activation_recall_correlation": 0.976031237981359,
      "fact_episode_delta": 0.35913370998116756,
      "forgetting_curve_smoothness": 0.0032240672592095143,
      "storage_std": 0.20247427052836015,
      "storage_iqr": 0.21250017675772861,
      "storage_gini": 0.27037167618661495,
      "retrieval_std": 0.20244955206852483,
      "retrieval_iqr": 0.21250017675772861,
      "retrieval_gini": 0.27035662123582865,
      "activation_std": 0.20247427052836015,
      "activation_iqr": 0.21250017675772861,
      "activation_gini": 0.27037167618661495,
      "threshold_metrics": {
        "0.1": {
          "recall_rate": 0.7177914110429447,
          "precision_rate": 0.249079754601227
        },
        "0.2": {
          "recall_rate": 0.7177914110429447,
          "precision_rate": 0.249079754601227
        },
        "0.3": {
          "recall_rate": 0.7177914110429447,
          "precision_rate": 0.249079754601227
        },
        "0.4": {
          "recall_rate": 0.7177914110429447,
          "precision_rate": 0.249079754601227
        },
        "0.5": {
          "recall_rate": 0.7177914110429447,
          "precision_rate": 0.25030674846625767
        },
        "0.6": {
          "recall_rate": 0.7177914110429447,
          "precision_rate": 0.25030674846625767
        },
        "0.7": {
          "recall_rate": 0.7177914110429447,
          "precision_rate": 0.2049079754601227
        },
        "0.8": {
          "recall_rate": 0.7177914110429447,
          "precision_rate": 0.1950920245398773
        },
        "0.9": {
          "recall_rate": 0.7177914110429447,
          "precision_rate": 0.17423312883435582
        }
      },
      "recall_mean": 0.7177914110429447,
      "precision_mean": 0.23012951601908657,
      "threshold_discrimination": 0.0,
      "threshold_summary": {
        "threshold_auc": 0.7177914110429447,
        "slope": 0.0
      },
      "corr_mean": 0.9486441801751915,
      "corr_score": 0.9486441801751915,
      "smoothness_score": 0.9677593274079048,
      "retrieval_score": 0.6664366053169735,
      "forgetting_score": 0.6313039619839016,
      "non_target_mean_storage": 0.36869603801609835,
      "plausibility_score": 0.9486441801751915,
      "overall_score": 0.7246920738649528,
      "composite_score": 0.7246920738649528,
      "mrr_mean": 0.6036696205407862,
      "precision_strict": 0.14355828220858896,
      "precision_lift": 0.0,
      "precision_associative": 0.23012951601908657,
      "similarity_recall_rate": 0.7177914110429447,
      "retention_curve": {
        "40": 1.0,
        "80": 1.0,
        "120": 0.8125,
        "160": 0.7142857142857143,
        "200": 0.7177914110429447
      },
      "retention_auc": 0.8489154250657318,
      "selectivity_score": 0.05698704839809135,
      "robustness_score": 0.0
    },
    {
      "tick": 200,
      "recall_rate": 0.7044025157232704,
      "precision_rate": 0.25660377358490566,
      "activation_recall_correlation": 0.9579030534694188,
      "fact_episode_delta": 0.34366972477064217,
      "forgetting_curve_smoothness": 0.09854651270560343,
      "storage_std": 0.2014055984891113,
      "storage_iqr": 0.21250017675772861,
      "storage_gini": 0.26963995784085987,
      "retrieval_std": 0.2013960151104588,
      "retrieval_iqr": 0.21250017675772861,
      "retrieval_gini": 0.2696342612139489,
      "activation_std": 0.2014055984891113,
      "activation_iqr": 0.21250017675772861,
      "activation_gini": 0.26963995784085987,
      "threshold_metrics": {
        "0.1": {
          "recall_rate": 0.7044025157232704,
          "precision_rate": 0.25660377358490566
        },
        "0.2": {
          "recall_rate": 0.7044025157232704,
          "precision_rate": 0.25660377358490566
        },
        "0.3": {
          "recall_rate": 0.7044025157232704,
          "precision_rate": 0.25660377358490566
        },
        "0.4": {
          "recall_rate": 0.7044025157232704,
          "precision_rate": 0.25660377358490566
        },
        "0.5": {
          "recall_rate": 0.7044025157232704,
          "precision_rate": 0.25660377358490566
        },
        "0.6": {
          "recall_rate": 0.7044025157232704,
          "precision_rate": 0.25660377358490566
        },
        "0.7": {
          "recall_rate": 0.7044025157232704,
          "precision_rate": 0.20754716981132076
        },
        "0.8": {
          "recall_rate": 0.7044025157232704,
          "precision_rate": 0.19874213836477989
        },
        "0.9": {
          "recall_rate": 0.710691823899371,
          "precision_rate": 0.16981132075471697
        }
      },
      "recall_mean": 0.7051013277428371,
      "precision_mean": 0.23508036338225016,
      "threshold_discrimination": 0.0062893081761006275,
      "threshold_summary": {
        "threshold_auc": 0.7051013277428371,
        "slope": 0.0062893081761006275
      },
      "corr_mean": 0.8798638545828448,
      "corr_score": 0.8798638545828448,
      "smoothness_score": 0.014534872943965715,
      "retrieval_score": 0.6463487071977638,
      "forgetting_score": 0.6317142351087555,
      "non_target_mean_storage": 0.3682857648912445,
      "plausibility_score": 0.8798638545828448,
      "overall_score": 0.6996054288128811,
      "composite_score": 0.6996054288128811,
      "mrr_mean": 0.5745399487537852,
      "precision_strict": 0.14102026554856742,
      "precision_lift": 0.0,
      "precision_associative": 0.23508036338225016,
      "similarity_recall_rate": 0.7044025157232704,
      "retention_curve": {
        "40": 0.0,
        "80": 1.0,
        "120": 0.9,
        "160": 0.6896551724137931,
        "200": 0.7044025157232704
      },
      "retention_auc": 0.6588115376274126,
      "selectivity_score": 0.046960167714884676,
      "robustness_score": 0.0
    },
    {
      "tick": 200,
      "recall_rate": 0.6444444444444445,
      "precision_rate": 0.25,
      "activation_recall_correlation": 0.9702528885546831,
      "fact_episode_delta": 0.30254545454545445,
      "forgetting_curve_smoothness": 0.10152428182159504,
      "storage_std": 0.20225539111106186,
      "storage_iqr": 0.21250017675772861,
      "storage_gini": 0.27030870544376495,
      "retrieval_std": 0.2022112411742844,
      "retrieval_iqr": 0.21250017675772861,
      "retrieval_gini": 0.27028164563764917,
      "activation_std": 0.20225539111106186,
      "activation_iqr": 0.21250017675772861,
      "activation_gini": 0.27030870544376495,
      "threshold_metrics": {
        "0.1": {
          "recall_rate": 0.6444444444444445,
          "precision_rate": 0.25
        },
        "0.2": {
          "recall_rate": 0.6444444444444445,
          "precision_rate": 0.25
        },
        "0.3": {
          "recall_rate": 0.6444444444444445,
          "precision_rate": 0.25
        },
        "0.4": {
          "recall_rate": 0.6444444444444445,
          "precision_rate": 0.25
        },
        "0.5": {
          "recall_rate": 0.6444444444444445,
          "precision_rate": 0.25
        },
        "0.6": {
          "recall_rate": 0.6444444444444445,
          "precision_rate": 0.25
        },
        "0.7": {
          "recall_rate": 0.6555555555555556,
          "precision_rate": 0.20555555555555555
        },
        "0.8": {
          "recall_rate": 0.65,
          "precision_rate": 0.2
        },
        "0.9": {
          "recall_rate": 0.65,
          "precision_rate": 0.17333333333333334
        }
      },
      "recall_mean": 0.6469135802469137,
      "precision_mean": 0.23098765432098764,
      "threshold_discrimination": 0.011111111111111072,
      "threshold_summary": {
        "threshold_auc": 0.6469135802469137,
        "slope": 0.005555555555555536
      },
      "corr_mean": 0.8582727965056931,
      "corr_score": 0.8582727965056931,
      "smoothness_score": 0.0,
      "retrieval_score": 0.6027700617283951,