{
  "fold_scores": [
    {
      "tick": 200,
      "recall_rate": 0.7300613496932515,
      "precision_rate": 0.2625766871165644,
      "activation_recall_correlation": 0.9775046187083801,
      "fact_episode_delta": 0.3421845574387947,
      "forgetting_curve_smoothness": 0.0025440622472811753,
      "storage_std": 0.20728317175112446,
      "storage_iqr": 0.17234896765399568,
      "storage_gini": 0.3184018294834256,
      "retrieval_std": 0.2068816025750402,
      "retrieval_iqr": 0.17234896765399568,
      "retrieval_gini": 0.31814834517867935,
      "activation_std": 0.20728317175112446,
      "activation_iqr": 0.17234896765399568,
      "activation_gini": 0.3184018294834256,
      "threshold_metrics": {
        "0.1": {
          "recall_rate": 0.7300613496932515,
          "precision_rate": 0.2625766871165644
        },
        "0.2": {
          "recall_rate": 0.7300613496932515,
          "precision_rate": 0.2625766871165644
        },
        "0.3": {
          "recall_rate": 0.7300613496932515,
          "precision_rate": 0.2625766871165644
        },
        "0.4": {
          "recall_rate": 0.7300613496932515,
          "precision_rate": 0.26380368098159507
        },
        "0.5": {
          "recall_rate": 0.7300613496932515,
          "precision_rate": 0.26380368098159507
        },
        "0.6": {
          "recall_rate": 0.7300613496932515,
          "precision_rate": 0.26380368098159507
        },
        "0.7": {
          "recall_rate": 0.7239263803680982,
          "precision_rate": 0.2049079754601227
        },
        "0.8": {
          "recall_rate": 0.7239263803680982,
          "precision_rate": 0.1950920245398773
        },
        "0.9": {
          "recall_rate": 0.7239263803680982,
          "precision_rate": 0.17423312883435582
        }
      },
      "recall_mean": 0.7280163599182005,
      "precision_mean": 0.2392638036809816,
      "threshold_discrimination": 0.006134969325153339,
      "threshold_summary": {
        "threshold_auc": 0.7280163599182005,
        "slope": -0.006134969325153339
      },
      "corr_mean": 0.8728588547518397,
      "corr_score": 0.8728588547518397,
      "smoothness_score": 0.9745593775271882,
      "retrieval_score": 0.6734867075664622,
      "forgetting_score": 0.6983179286271843,
      "non_target_mean_storage": 0.3016820713728156,
      "plausibility_score": 0.8728588547518397,
      "overall_score": 0.7320206717340594,
      "composite_score": 0.7320206717340594,
      "mrr_mean": 0.6068393546921155,
      "precision_strict": 0.1456032719836401,
      "precision_lift": 0.0,
      "precision_associative": 0.2392638036809816,
      "similarity_recall_rate": 0.7239263803680982,
      "retention_curve": {
        "40": 1.0,
        "80": 1.0,
        "120": 0.875,
        "160": 0.7077922077922078,
        "200": 0.7300613496932515
      },
      "retention_auc": 0.8625707114970919,
      "selectivity_score": 0.05194274028629858,
      "robustness_score": 0.0,
      "_fold_idx": 0,
      "_fold_duration_seconds": 75.28
    },
    {
      "tick": 200,
      "recall_rate": 0.710691823899371,
      "precision_rate": 0.26037735849056604,
      "activation_recall_correlation": 0.9638484009735185,
      "fact_episode_delta": 0.3344954128440366,
      "forgetting_curve_smoothness": 0.10459268300988571,
      "storage_std": 0.20679513906252642,
      "storage_iqr": 0.17234896765399568,
      "storage_gini": 0.31812210184792133,
      "retrieval_std": 0.20643059197998323,
      "retrieval_iqr": 0.17234896765399568,
      "retrieval_gini": 0.31789504487316894,
      "activation_std": 0.20679513906252642,
      "activation_iqr": 0.17234896765399568,
      "activation_gini": 0.31812210184792133,
      "threshold_metrics": {
        "0.1": {
          "recall_rate": 0.710691823899371,
          "precision_rate": 0.26037735849056604
        },
        "0.2": {
          "recall_rate": 0.710691823899371,
          "precision_rate": 0.26037735849056604
        },
        "0.3": {
          "recall_rate": 0.710691823899371,
          "precision_rate": 0.26037735849056604
        },
        "0.4": {
          "recall_rate": 0.710691823899371,
          "precision_rate": 0.26037735849056604
        },
        "0.5": {
          "recall_rate": 0.710691823899371,
          "precision_rate": 0.26037735849056604
        },
        "0.6": {
          "recall_rate": 0.710691823899371,
          "precision_rate": 0.26037735849056604
        },
        "0.7": {
          "recall_rate": 0.710691823899371,
          "precision_rate": 0.20754716981132076
        },
        "0.8": {
          "recall_rate": 0.710691823899371,
          "precision_rate": 0.20125786163522014
        },
        "0.9": {
          "recall_rate": 0.710691823899371,
          "precision_rate": 0.1710691823899371
        }
      },
      "recall_mean": 0.710691823899371,
      "precision_mean": 0.2380153738644305,
      "threshold_discrimination": 0.0,
      "threshold_summary": {
        "threshold_auc": 0.710691823899371,
        "slope": 0.0
      },
      "corr_mean": 0.8270915884653226,
      "corr_score": 0.8270915884653226,
      "smoothness_score": 0.0,
      "retrieval_score": 0.6450314465408806,
      "forgetting_score": 0.6984458607792309,
      "non_target_mean_storage": 0.3015541392207691,
      "plausibility_score": 0.8270915884653226,
      "overall_score": 0.7092415270054137,
      "composite_score": 0.7092415270054137,
      "mrr_mean": 0.5647798742138366,
      "precision_strict": 0.1421383647798742,
      "precision_lift": 0.0,
      "precision_associative": 0.2380153738644305,
      "similarity_recall_rate": 0.7044025157232704,
      "retention_curve": {
        "40": 0.0,
        "80": 1.0,
        "120": 0.7,
        "160": 0.7034482758620689,
        "200": 0.710691823899371
      },
      "retention_auc": 0.622828019952288,
      "selectivity_score": 0.04626135569531792,
      "robustness_score": 0.0,
      "_fold_idx": 1,
      "_fold_duration_seconds": 74.09
    },
    {
      "tick": 200,
      "recall_rate": 0.6444444444444445,
      "precision_rate": 0.25666666666666665,
      "activation_recall_correlation": 0.976761639901135,
      "fact_episode_delta": 0.27636363636363626,
      "forgetting_curve_smoothness": 0.10064824403764516,
      "storage_std": 0.20721304317284722,
      "storage_iqr": 0.17234896765399568,
      "storage_gini": 0.31848260654748767,
      "retrieval_std": 0.20679807746589873,
      "retrieval_iqr": 0.17234896765399568,
      "retrieval_gini": 0.3182214702157453,
      "activation_std": 0.20721304317284722,
      "activation_iqr": 0.17234896765399568,
      "activation_gini": 0.31848260654748767,
      "threshold_metrics": {
        "0.1": {
          "recall_rate": 0.6444444444444445,
          "precision_rate": 0.25666666666666665
        },
        "0.2": {
          "recall_rate": 0.6444444444444445,
          "precision_rate": 0.25666666666666665
        },
        "0.3": {
          "recall_rate": 0.6444444444444445,
          "precision_rate": 0.25666666666666665
        },
        "0.4": {
          "recall_rate": 0.6444444444444445,
          "precision_rate": 0.25666666666666665
        },
        "0.5": {
          "recall_rate": 0.6444444444444445,
          "precision_rate": 0.25666666666666665
        },
        "0.6": {
          "recall_rate": 0.6444444444444445,
          "precision_rate": 0.25555555555555554
        },
        "0.7": {
          "recall_rate": 0.6555555555555556,
          "precision_rate": 0.20444444444444446
        },
        "0.8": {
          "recall_rate": 0.6555555555555556,
          "precision_rate": 0.1988888888888889
        },
        "0.9": {
          "recall_rate": 0.6444444444444445,
          "precision_rate": 0.1711111111111111
        }
      },
      "recall_mean": 0.6469135802469137,
      "precision_mean": 0.2348148148148148,
      "threshold_discrimination": 0.011111111111111072,