{
  "fold_scores": [
    {
      "tick": 200,
      "recall_rate": 0.6809815950920245,
      "precision_rate": 0.23680981595092024,
      "activation_recall_correlation": 0.975575306956807,
      "fact_episode_delta": 0.3792843691148776,
      "forgetting_curve_smoothness": 0.00426869002570651,
      "storage_std": 0.29839349144085686,
      "storage_iqr": 0.537263803518305,
      "storage_gini": 0.4270347239666019,
      "retrieval_std": 0.29824731889198447,
      "retrieval_iqr": 0.537263803518305,
      "retrieval_gini": 0.4269319667700101,
      "activation_std": 0.29839349144085686,
      "activation_iqr": 0.537263803518305,
      "activation_gini": 0.4270347239666019,
      "threshold_metrics": {
        "0.1": {
          "recall_rate": 0.6809815950920245,
          "precision_rate": 0.23680981595092024
        },
        "0.2": {
          "recall_rate": 0.6809815950920245,
          "precision_rate": 0.23680981595092024
        },
        "0.3": {
          "recall_rate": 0.6809815950920245,
          "precision_rate": 0.23680981595092024
        },
        "0.4": {
          "recall_rate": 0.6809815950920245,
          "precision_rate": 0.23680981595092024
        },
        "0.5": {
          "recall_rate": 0.6809815950920245,
          "precision_rate": 0.23680981595092024
        },
        "0.6": {
          "recall_rate": 0.6932515337423313,
          "precision_rate": 0.19754601226993865
        },
        "0.7": {
          "recall_rate": 0.6932515337423313,
          "precision_rate": 0.19754601226993865
        },
        "0.8": {
          "recall_rate": 0.6871165644171779,
          "precision_rate": 0.1901840490797546
        },
        "0.9": {
          "recall_rate": 0.6809815950920245,
          "precision_rate": 0.1668711656441718
        }
      },
      "recall_mean": 0.6843899113837764,
      "precision_mean": 0.2151329243353783,
      "threshold_discrimination": 0.012269938650306789,
      "threshold_summary": {
        "threshold_auc": 0.6843899113837764,
        "slope": 0.0
      },
      "corr_mean": 0.7844976800688064,
      "corr_score": 0.7844976800688064,
      "smoothness_score": 0.9573130997429349,
      "retrieval_score": 0.4363019768234492,
      "plausibility_score": 0.8709053899058706,
      "overall_score": 0.6536036833646599,
      "composite_score": 0.6536036833646599,
      "mrr_mean": 0.5418200408997955,
      "precision_strict": 0.1368779822767553,
      "precision_lift": 2.7755575615628914e-17,
      "precision_associative": 0.2151329243353783,
      "similarity_recall_rate": 0.6809815950920245,
      "retention_curve": {
        "40": 1.0,
        "80": 1.0,
        "120": 0.8125,
        "160": 0.6558441558441559,
        "200": 0.6809815950920245
      },
      "retention_auc": 0.8298651501872361,
      "selectivity_score": 0.05862304021813228,
      "robustness_score": 0.0,
      "eval_v2_score": 0.39395738166060257
    },
    {
      "tick": 200,
      "recall_rate": 0.6352201257861635,
      "precision_rate": 0.2339622641509434,
      "activation_recall_correlation": 0.9309917960362459,
      "fact_episode_delta": 0.3278899082568807,
      "forgetting_curve_smoothness": 0.10663146798897619,
      "storage_std": 0.29724513904855077,
      "storage_iqr": 0.537263803518305,
      "storage_gini": 0.42672998967188186,
      "retrieval_std": 0.2970280393970527,
      "retrieval_iqr": 0.537263803518305,
      "retrieval_gini": 0.426575002021069,
      "activation_std": 0.29724513904855077,
      "activation_iqr": 0.537263803518305,
      "activation_gini": 0.42672998967188186,
      "threshold_metrics": {
        "0.1": {
          "recall_rate": 0.6352201257861635,
          "precision_rate": 0.2339622641509434
        },
        "0.2": {
          "recall_rate": 0.6352201257861635,
          "precision_rate": 0.2339622641509434
        },
        "0.3": {
          "recall_rate": 0.6352201257861635,
          "precision_rate": 0.2339622641509434
        },
        "0.4": {
          "recall_rate": 0.6352201257861635,
          "precision_rate": 0.2339622641509434
        },
        "0.5": {
          "recall_rate": 0.6352201257861635,
          "precision_rate": 0.23270440251572327
        },
        "0.6": {
          "recall_rate": 0.6415094339622641,
          "precision_rate": 0.18742138364779873
        },
        "0.7": {
          "recall_rate": 0.6666666666666666,
          "precision_rate": 0.19622641509433963
        },
        "0.8": {
          "recall_rate": 0.660377358490566,
          "precision_rate": 0.1861635220125786
        },
        "0.9": {
          "recall_rate": 0.6477987421383647,
          "precision_rate": 0.15974842767295597
        }
      },
      "recall_mean": 0.6436058700209644,
      "precision_mean": 0.21090146750524108,
      "threshold_discrimination": 0.03144654088050314,
      "threshold_summary": {
        "threshold_auc": 0.6436058700209644,
        "slope": 0.012578616352201255
      },
      "corr_mean": 0.8059417053194582,
      "corr_score": 0.8059417053194582,
      "smoothness_score": 0.0,
      "retrieval_score": 0.4069741439552761,
      "plausibility_score": 0.4029708526597291,
      "overall_score": 0.4049724983075026,
      "composite_score": 0.4049724983075026,
      "mrr_mean": 0.49843931982296763,
      "precision_strict": 0.12872117400419286,
      "precision_lift": 0.0,
      "precision_associative": 0.21090146750524108,
      "similarity_recall_rate": 0.6352201257861635,
      "retention_curve": {
        "40": 0.0,
        "80": 1.0,
        "120": 0.7,
        "160": 0.5793103448275863,
        "200": 0.6352201257861635
      },
      "retention_auc": 0.58290609412275,
      "selectivity_score": 0.046540880503144644,
      "robustness_score": 0.0,
      "eval_v2_score": 0.27859705053133815
    },
    {
      "tick": 200,
      "recall_rate": 0.5666666666666667,
      "precision_rate": 0.2222222222222222,
      "activation_recall_correlation": 0.9320333345856655,
      "fact_episode_delta": 0.3098181818181819,
      "forgetting_curve_smoothness": 0.10736128104853511,
      "storage_std": 0.29754114633284157,
      "storage_iqr": 0.537263803518305,
      "storage_gini": 0.42668453262792294,
      "retrieval_std": 0.29745878711850987,
      "retrieval_iqr": 0.537263803518305,
      "retrieval_gini": 0.4266266225724831,
      "activation_std": 0.29754114633284157,
      "activation_iqr": 0.537263803518305,
      "activation_gini": 0.42668453262792294,
      "threshold_metrics": {
        "0.1": {
          "recall_rate": 0.5666666666666667,
          "precision_rate": 0.2222222222222222
        },
        "0.2": {
          "recall_rate": 0.5666666666666667,
          "precision_rate": 0.2222222222222222
        },
        "0.3": {
          "recall_rate": 0.5666666666666667,
          "precision_rate": 0.2222222222222222
        },
        "0.4": {
          "recall_rate": 0.5666666666666667,
          "precision_rate": 0.2222222222222222
        },
        "0.5": {
          "recall_rate": 0.5666666666666667,
          "precision_rate": 0.2222222222222222
        },
        "0.6": {
          "recall_rate": 0.5777777777777777,
          "precision_rate": 0.1811111111111111
        },
        "0.7": {
          "recall_rate": 0.5888888888888889,
          "precision_rate": 0.17888888888888888
        },
        "0.8": {
          "recall_rate": 0.5833333333333334,
          "precision_rate": 0.17666666666666667
        },
        "0.9": {
          "recall_rate": 0.5666666666666667,
          "precision_rate": 0.14777777777777779
        }
      },
      "recall_mean": 0.5722222222222222,
      "precision_mean": 0.19950617283950617,
      "threshold_discrimination": 0.022222222222222254,
      "threshold_summary": {
        "threshold_auc": 0.5722222222222222,
        "slope": 0.0
      },
      "corr_mean": 0.7847494163566011,
      "corr_score": 0.7847494163566011,
      "smoothness_score": 0.0,
      "retrieval_score": 0.36775,