{
  "fold_scores": [
    {
      "tick": 200,
      "recall_rate": 0.656441717791411,
      "precision_rate": 0.22699386503067484,
      "activation_recall_correlation": 0.9782600751662899,
      "fact_episode_delta": 0.4131826741996234,
      "forgetting_curve_smoothness": 0.004014301416729399,
      "storage_std": 0.29451315977149317,
      "storage_iqr": 0.5142203271756539,
      "storage_gini": 0.5114834502655735,
      "retrieval_std": 0.2926437410662041,
      "retrieval_iqr": 0.5142203271756539,
      "retrieval_gini": 0.5102346159256478,
      "activation_std": 0.29451315977149317,
      "activation_iqr": 0.5142203271756539,
      "activation_gini": 0.5114834502655735,
      "threshold_metrics": {
        "0.1": {
          "recall_rate": 0.656441717791411,
          "precision_rate": 0.22699386503067484
        },
        "0.2": {
          "recall_rate": 0.656441717791411,
          "precision_rate": 0.22699386503067484
        },
        "0.3": {
          "recall_rate": 0.656441717791411,
          "precision_rate": 0.22699386503067484
        },
        "0.4": {
          "recall_rate": 0.656441717791411,
          "precision_rate": 0.22699386503067484
        },
        "0.5": {
          "recall_rate": 0.656441717791411,
          "precision_rate": 0.21226993865030674
        },
        "0.6": {
          "recall_rate": 0.6748466257668712,
          "precision_rate": 0.19386503067484662
        },
        "0.7": {
          "recall_rate": 0.6625766871165644,
          "precision_rate": 0.18527607361963191
        },
        "0.8": {
          "recall_rate": 0.6625766871165644,
          "precision_rate": 0.17914110429447852
        },
        "0.9": {
          "recall_rate": 0.656441717791411,
          "precision_rate": 0.15950920245398773
        }
      },
      "recall_mean": 0.6598500340831629,
      "precision_mean": 0.20422631220177234,
      "threshold_discrimination": 0.018404907975460127,
      "threshold_summary": {
        "threshold_auc": 0.6598500340831629,
        "slope": 0.0
      },
      "corr_mean": 0.7886656759490646,
      "corr_score": 0.7886656759490646,
      "smoothness_score": 0.959856985832706,
      "retrieval_score": 0.42237559645535105,
      "plausibility_score": 0.8742613308908853,
      "overall_score": 0.6483184636731182,
      "composite_score": 0.6483184636731182,
      "mrr_mean": 0.528118609406953,
      "precision_strict": 0.1319700068166326,
      "precision_lift": 2.7755575615628914e-17,
      "precision_associative": 0.20422631220177234,
      "similarity_recall_rate": 0.656441717791411,
      "retention_curve": {
        "40": 1.0,
        "80": 1.0,
        "120": 0.8125,
        "160": 0.6363636363636364,
        "200": 0.656441717791411
      },
      "retention_auc": 0.8210610708310094,
      "selectivity_score": 0.05971370143149285,
      "robustness_score": 0.0,
      "eval_v2_score": 0.39037727737497674
    },
    {
      "tick": 200,
      "recall_rate": 0.6415094339622641,
      "precision_rate": 0.23647798742138365,
      "activation_recall_correlation": 0.9426083593166784,
      "fact_episode_delta": 0.3478899082568807,
      "forgetting_curve_smoothness": 0.10214603384824823,
      "storage_std": 0.2933656919566518,
      "storage_iqr": 0.5142203271756539,
      "storage_gini": 0.5111027962699802,
      "retrieval_std": 0.29154155015259087,
      "retrieval_iqr": 0.5142203271756539,
      "retrieval_gini": 0.5098762397772043,
      "activation_std": 0.2933656919566518,
      "activation_iqr": 0.5142203271756539,
      "activation_gini": 0.5111027962699802,
      "threshold_metrics": {
        "0.1": {
          "recall_rate": 0.6415094339622641,
          "precision_rate": 0.23647798742138365
        },
        "0.2": {
          "recall_rate": 0.6415094339622641,
          "precision_rate": 0.23647798742138365
        },
        "0.3": {
          "recall_rate": 0.6415094339622641,
          "precision_rate": 0.23647798742138365
        },
        "0.4": {
          "recall_rate": 0.6415094339622641,
          "precision_rate": 0.23647798742138365
        },
        "0.5": {
          "recall_rate": 0.6477987421383647,
          "precision_rate": 0.22515723270440252
        },
        "0.6": {
          "recall_rate": 0.660377358490566,
          "precision_rate": 0.1949685534591195
        },
        "0.7": {
          "recall_rate": 0.660377358490566,
          "precision_rate": 0.18742138364779873
        },
        "0.8": {
          "recall_rate": 0.6477987421383647,
          "precision_rate": 0.1811320754716981
        },
        "0.9": {
          "recall_rate": 0.6352201257861635,
          "precision_rate": 0.15220125786163521
        }
      },
      "recall_mean": 0.6464011180992313,
      "precision_mean": 0.20964360587002095,
      "threshold_discrimination": 0.02515723270440251,
      "threshold_summary": {
        "threshold_auc": 0.6464011180992313,
        "slope": -0.0062893081761006275
      },
      "corr_mean": 0.7973667017093452,
      "corr_score": 0.7973667017093452,
      "smoothness_score": 0.0,
      "retrieval_score": 0.40838574423480084,
      "plausibility_score": 0.3986833508546726,
      "overall_score": 0.4035345475447367,
      "composite_score": 0.4035345475447367,
      "mrr_mean": 0.4994176566503611,
      "precision_strict": 0.12928022361984626,
      "precision_lift": 0.0,
      "precision_associative": 0.20964360587002095,
      "similarity_recall_rate": 0.6415094339622641,
      "retention_curve": {
        "40": 0.0,
        "80": 1.0,
        "120": 0.8,
        "160": 0.6,
        "200": 0.6415094339622641
      },
      "retention_auc": 0.6083018867924528,
      "selectivity_score": 0.04891684136967156,
      "robustness_score": 0.0,
      "eval_v2_score": 0.2908567435359888
    },
    {
      "tick": 200,
      "recall_rate": 0.6,
      "precision_rate": 0.2311111111111111,
      "activation_recall_correlation": 0.9386253046444398,
      "fact_episode_delta": 0.31418181818181823,
      "forgetting_curve_smoothness": 0.11574798776315261,
      "storage_std": 0.2941891057912309,
      "storage_iqr": 0.5142203271756539,
      "storage_gini": 0.5115156681305814,
      "retrieval_std": 0.29226907463886964,
      "retrieval_iqr": 0.5142203271756539,
      "retrieval_gini": 0.5102268096990891,
      "activation_std": 0.2941891057912309,
      "activation_iqr": 0.5142203271756539,
      "activation_gini": 0.5115156681305814,
      "threshold_metrics": {
        "0.1": {
          "recall_rate": 0.6,
          "precision_rate": 0.2311111111111111
        },
        "0.2": {
          "recall_rate": 0.6,
          "precision_rate": 0.2311111111111111
        },
        "0.3": {
          "recall_rate": 0.6,
          "precision_rate": 0.2311111111111111
        },
        "0.4": {
          "recall_rate": 0.6,
          "precision_rate": 0.2311111111111111
        },
        "0.5": {
          "recall_rate": 0.6,
          "precision_rate": 0.21222222222222223
        },
        "0.6": {
          "recall_rate": 0.6111111111111112,
          "precision_rate": 0.18666666666666668
        },
        "0.7": {
          "recall_rate": 0.6055555555555555,
          "precision_rate": 0.18333333333333332
        },
        "0.8": {
          "recall_rate": 0.6,
          "precision_rate": 0.17888888888888888
        },
        "0.9": {
          "recall_rate": 0.5944444444444444,
          "precision_rate": 0.15444444444444444
        }
      },
      "recall_mean": 0.6012345679012345,
      "precision_mean": 0.20444444444444443,
      "threshold_discrimination": 0.01666666666666672,
      "threshold_summary": {
        "threshold_auc": 0.6012345679012345,
        "slope": -0.005555555555555536
      },
      "corr_mean": 0.9052303423611785,
      "corr_score": 0.9052303423611785,
      "smoothness_score": 0.0,
      "retrieval_score": 0.3853395061728395,
      "plausibility_score": 0.45261517118058925,
      "overall_score": 0.4189773386767144,