{
  "fold_scores": [
    {
      "tick": 200,
      "recall_rate": 0.6319018404907976,
      "precision_rate": 0.21595092024539878,
      "activation_recall_correlation": 0.9866673470186434,
      "fact_episode_delta": 0.47777777777777775,
      "forgetting_curve_smoothness": 0.002407159294319211,
      "storage_std": 0.19854809136725676,
      "storage_iqr": 0.11111155874257347,
      "storage_gini": 0.3670141470392177,
      "retrieval_std": 0.1952556735628082,
      "retrieval_iqr": 0.11111155874257347,
      "retrieval_gini": 0.36475151848736204,
      "activation_std": 0.19854809136725676,
      "activation_iqr": 0.11111155874257347,
      "activation_gini": 0.3670141470392177,
      "threshold_metrics": {
        "0.1": {
          "recall_rate": 0.6319018404907976,
          "precision_rate": 0.21595092024539878
        },
        "0.2": {
          "recall_rate": 0.6319018404907976,
          "precision_rate": 0.21595092024539878
        },
        "0.3": {
          "recall_rate": 0.6319018404907976,
          "precision_rate": 0.21595092024539878
        },
        "0.4": {
          "recall_rate": 0.6319018404907976,
          "precision_rate": 0.21595092024539878
        },
        "0.5": {
          "recall_rate": 0.6319018404907976,
          "precision_rate": 0.21595092024539878
        },
        "0.6": {
          "recall_rate": 0.6380368098159509,
          "precision_rate": 0.18159509202453988
        },
        "0.7": {
          "recall_rate": 0.6319018404907976,
          "precision_rate": 0.17177914110429449
        },
        "0.8": {
          "recall_rate": 0.6257668711656442,
          "precision_rate": 0.150920245398773
        },
        "0.9": {
          "recall_rate": 0.6257668711656442,
          "precision_rate": 0.147239263803681
        }
      },
      "recall_mean": 0.6312201772324472,
      "precision_mean": 0.1923653715064758,
      "threshold_discrimination": 0.012269938650306678,
      "threshold_summary": {
        "threshold_auc": 0.6312201772324472,
        "slope": -0.006134969325153339
      },
      "corr_mean": 0.7502918166307264,
      "corr_score": 0.7502918166307264,
      "smoothness_score": 0.975928407056808,
      "retrieval_score": 0.5952590320381732,
      "forgetting_score": 0.7723096161523592,
      "non_target_mean_storage": 0.22769038384764087,
      "plausibility_score": 0.7502918166307264,
      "overall_score": 0.6959849326262766,
      "composite_score": 0.6959849326262766,
      "mrr_mean": 0.5513065212451715,
      "precision_strict": 0.12624403544648943,
      "precision_lift": 0.0,
      "precision_associative": 0.1923653715064758,
      "similarity_recall_rate": 0.6257668711656442,
      "retention_curve": {
        "40": 1.0,
        "80": 1.0,
        "120": 0.875,
        "160": 0.6818181818181818,
        "200": 0.6319018404907976
      },
      "retention_auc": 0.8377440044617959,
      "selectivity_score": 0.06012269938650305,
      "robustness_score": 0.0,
      "_fold_idx": 0,
      "_fold_duration_seconds": 76.14
    },
    {
      "tick": 200,
      "recall_rate": 0.6666666666666666,
      "precision_rate": 0.24025157232704403,
      "activation_recall_correlation": 0.9641259445205963,
      "fact_episode_delta": 0.42788990825688067,
      "forgetting_curve_smoothness": 0.09987516510172159,
      "storage_std": 0.1987419213912093,
      "storage_iqr": 0.11111155874257347,
      "storage_gini": 0.36715001807645836,
      "retrieval_std": 0.19558469787888974,
      "retrieval_iqr": 0.11111155874257347,
      "retrieval_gini": 0.36498654900054917,
      "activation_std": 0.1987419213912093,
      "activation_iqr": 0.11111155874257347,
      "activation_gini": 0.36715001807645836,
      "threshold_metrics": {
        "0.1": {
          "recall_rate": 0.6666666666666666,
          "precision_rate": 0.24025157232704403
        },
        "0.2": {
          "recall_rate": 0.6666666666666666,
          "precision_rate": 0.24025157232704403
        },
        "0.3": {
          "recall_rate": 0.6666666666666666,
          "precision_rate": 0.24025157232704403
        },
        "0.4": {
          "recall_rate": 0.6666666666666666,
          "precision_rate": 0.24025157232704403
        },
        "0.5": {
          "recall_rate": 0.6666666666666666,
          "precision_rate": 0.24025157232704403
        },
        "0.6": {
          "recall_rate": 0.6666666666666666,
          "precision_rate": 0.2
        },
        "0.7": {
          "recall_rate": 0.6540880503144654,
          "precision_rate": 0.18364779874213835
        },
        "0.8": {
          "recall_rate": 0.6477987421383647,
          "precision_rate": 0.15345911949685534
        },
        "0.9": {
          "recall_rate": 0.6477987421383647,
          "precision_rate": 0.14968553459119496
        }
      },
      "recall_mean": 0.6610761705101328,
      "precision_mean": 0.20978336827393432,
      "threshold_discrimination": 0.018867924528301883,
      "threshold_summary": {
        "threshold_auc": 0.6610761705101328,
        "slope": -0.018867924528301883
      },
      "corr_mean": 0.8353637313055804,
      "corr_score": 0.8353637313055804,
      "smoothness_score": 0.001248348982784142,
      "retrieval_score": 0.6137543675751223,
      "forgetting_score": 0.7724681646055939,
      "non_target_mean_storage": 0.22753183539440616,
      "plausibility_score": 0.8353637313055804,
      "overall_score": 0.7247065374684019,
      "composite_score": 0.7247065374684019,
      "mrr_mean": 0.5559166084323317,
      "precision_strict": 0.13221523410202654,
      "precision_lift": 0.0,
      "precision_associative": 0.20978336827393432,
      "similarity_recall_rate": 0.6477987421383647,
      "retention_curve": {
        "40": 0.0,
        "80": 1.0,
        "120": 0.9,
        "160": 0.6482758620689655,
        "200": 0.6666666666666666
      },
      "retention_auc": 0.6429885057471264,
      "selectivity_score": 0.054647099930118764,
      "robustness_score": 0.0,
      "_fold_idx": 1,
      "_fold_duration_seconds": 74.64
    },
    {
      "tick": 200,
      "recall_rate": 0.6055555555555555,
      "precision_rate": 0.22444444444444445,
      "activation_recall_correlation": 0.9826530868002274,
      "fact_episode_delta": 0.3847272727272727,
      "forgetting_curve_smoothness": 0.10974394386530448,
      "storage_std": 0.19976168573271222,
      "storage_iqr": 0.11111155874257347,
      "storage_gini": 0.36800842128258204,
      "retrieval_std": 0.19623142228822238,
      "retrieval_iqr": 0.11111155874257347,
      "retrieval_gini": 0.3655809938141198,
      "activation_std": 0.19976168573271222,
      "activation_iqr": 0.11111155874257347,
      "activation_gini": 0.36800842128258204,
      "threshold_metrics": {
        "0.1": {
          "recall_rate": 0.6055555555555555,
          "precision_rate": 0.22444444444444445
        },
        "0.2": {
          "recall_rate": 0.6055555555555555,
          "precision_rate": 0.22444444444444445
        },
        "0.3": {
          "recall_rate": 0.6055555555555555,
          "precision_rate": 0.22444444444444445
        },
        "0.4": {
          "recall_rate": 0.6055555555555555,
          "precision_rate": 0.22444444444444445
        },
        "0.5": {
          "recall_rate": 0.6055555555555555,
          "precision_rate": 0.22444444444444445
        },
        "0.6": {
          "recall_rate": 0.6111111111111112,
          "precision_rate": 0.1922222222222222
        },
        "0.7": {
          "recall_rate": 0.6,
          "precision_rate": 0.18
        },
        "0.8": {
          "recall_rate": 0.6,
          "precision_rate": 0.15333333333333332
        },
        "0.9": {
          "recall_rate": 0.6,
          "precision_rate": 0.15222222222222223
        }
      },
      "recall_mean": 0.604320987654321,
      "precision_mean": 0.2,
      "threshold_discrimination": 0.011111111111111183,