{
  "fold_scores": [
    {
      "tick": 200,
      "recall_rate": 0.6257668711656442,
      "precision_rate": 0.2049079754601227,
      "activation_recall_correlation": 0.9786067614573586,
      "fact_episode_delta": 0.4555555555555556,
      "forgetting_curve_smoothness": 0.0040415550022750765,
      "storage_std": 0.2937184071873633,
      "storage_iqr": 0.5142203271756539,
      "storage_gini": 0.5110338960712335,
      "retrieval_std": 0.2920262532938499,
      "retrieval_iqr": 0.5142203271756539,
      "retrieval_gini": 0.5099035655809966,
      "activation_std": 0.2937184071873633,
      "activation_iqr": 0.5142203271756539,
      "activation_gini": 0.5110338960712335,
      "threshold_metrics": {
        "0.1": {
          "recall_rate": 0.6257668711656442,
          "precision_rate": 0.2049079754601227
        },
        "0.2": {
          "recall_rate": 0.6257668711656442,
          "precision_rate": 0.2049079754601227
        },
        "0.3": {
          "recall_rate": 0.6257668711656442,
          "precision_rate": 0.2049079754601227
        },
        "0.4": {
          "recall_rate": 0.6257668711656442,
          "precision_rate": 0.2049079754601227
        },
        "0.5": {
          "recall_rate": 0.6257668711656442,
          "precision_rate": 0.1950920245398773
        },
        "0.6": {
          "recall_rate": 0.6441717791411042,
          "precision_rate": 0.18650306748466258
        },
        "0.7": {
          "recall_rate": 0.6319018404907976,
          "precision_rate": 0.1754601226993865
        },
        "0.8": {
          "recall_rate": 0.6319018404907976,
          "precision_rate": 0.17177914110429449
        },
        "0.9": {
          "recall_rate": 0.6257668711656442,
          "precision_rate": 0.15337423312883436
        }
      },
      "recall_mean": 0.6291751874573961,
      "precision_mean": 0.18909338786639399,
      "threshold_discrimination": 0.018404907975460016,
      "threshold_summary": {
        "threshold_auc": 0.6291751874573961,
        "slope": 0.0
      },
      "corr_mean": 0.7913169621294026,
      "corr_score": 0.7913169621294026,
      "smoothness_score": 0.9595844499772492,
      "retrieval_score": 0.4084526244035447,
      "plausibility_score": 0.8754507060533259,
      "overall_score": 0.6419516652284353,
      "composite_score": 0.6419516652284353,
      "mrr_mean": 0.5226084980686208,
      "precision_strict": 0.1258350374914792,
      "precision_lift": 0.0,
      "precision_associative": 0.18909338786639399,
      "similarity_recall_rate": 0.6257668711656442,
      "retention_curve": {
        "40": 1.0,
        "80": 1.0,
        "120": 0.8125,
        "160": 0.6168831168831169,
        "200": 0.6257668711656442
      },
      "retention_auc": 0.8110299976097523,
      "selectivity_score": 0.06257668711656442,
      "robustness_score": 0.0,
      "eval_v2_score": 0.386865339415186
    },
    {
      "tick": 200,
      "recall_rate": 0.6477987421383647,
      "precision_rate": 0.23270440251572327,
      "activation_recall_correlation": 0.9543413433389314,
      "fact_episode_delta": 0.3970642201834863,
      "forgetting_curve_smoothness": 0.10665588779521026,
      "storage_std": 0.2932673616979207,
      "storage_iqr": 0.5142203271756539,
      "storage_gini": 0.5110730766442205,
      "retrieval_std": 0.2915846577533997,
      "retrieval_iqr": 0.5142203271756539,
      "retrieval_gini": 0.5099506123237045,
      "activation_std": 0.2932673616979207,
      "activation_iqr": 0.5142203271756539,
      "activation_gini": 0.5110730766442205,
      "threshold_metrics": {
        "0.1": {
          "recall_rate": 0.6477987421383647,
          "precision_rate": 0.23270440251572327
        },
        "0.2": {
          "recall_rate": 0.6477987421383647,
          "precision_rate": 0.23270440251572327
        },
        "0.3": {
          "recall_rate": 0.6477987421383647,
          "precision_rate": 0.23270440251572327
        },
        "0.4": {
          "recall_rate": 0.6477987421383647,
          "precision_rate": 0.23270440251572327
        },
        "0.5": {
          "recall_rate": 0.6477987421383647,
          "precision_rate": 0.2238993710691824
        },
        "0.6": {
          "recall_rate": 0.6477987421383647,
          "precision_rate": 0.18867924528301888
        },
        "0.7": {
          "recall_rate": 0.6540880503144654,
          "precision_rate": 0.18742138364779873
        },
        "0.8": {
          "recall_rate": 0.6415094339622641,
          "precision_rate": 0.17861635220125785
        },
        "0.9": {
          "recall_rate": 0.6415094339622641,
          "precision_rate": 0.15220125786163521
        }
      },
      "recall_mean": 0.6470999301187981,
      "precision_mean": 0.20684835779175403,
      "threshold_discrimination": 0.012578616352201255,
      "threshold_summary": {
        "threshold_auc": 0.6470999301187981,
        "slope": -0.0062893081761006275
      },
      "corr_mean": 0.8321580892617284,
      "corr_score": 0.8321580892617284,
      "smoothness_score": 0.0,
      "retrieval_score": 0.411303284416492,
      "plausibility_score": 0.4160790446308642,
      "overall_score": 0.4136911645236781,
      "composite_score": 0.4136911645236781,
      "mrr_mean": 0.5082110412299091,
      "precision_strict": 0.1294199860237596,
      "precision_lift": 0.0,
      "precision_associative": 0.20684835779175403,
      "similarity_recall_rate": 0.6477987421383647,
      "retention_curve": {
        "40": 0.0,
        "80": 1.0,
        "120": 0.7,
        "160": 0.6,
        "200": 0.6477987421383647
      },
      "retention_auc": 0.5895597484276729,
      "selectivity_score": 0.05199161425576515,
      "robustness_score": 0.0,
      "eval_v2_score": 0.2834989517819706
    },
    {
      "tick": 200,
      "recall_rate": 0.5555555555555556,
      "precision_rate": 0.19555555555555557,
      "activation_recall_correlation": 0.9509482505695863,
      "fact_episode_delta": 0.37818181818181823,
      "forgetting_curve_smoothness": 0.11642423379295348,
      "storage_std": 0.29314629959267924,
      "storage_iqr": 0.5142203271756539,
      "storage_gini": 0.5108050806762298,
      "retrieval_std": 0.2913950980285918,
      "retrieval_iqr": 0.5142203271756539,
      "retrieval_gini": 0.509630299660553,
      "activation_std": 0.29314629959267924,
      "activation_iqr": 0.5142203271756539,
      "activation_gini": 0.5108050806762298,
      "threshold_metrics": {
        "0.1": {
          "recall_rate": 0.5555555555555556,
          "precision_rate": 0.19555555555555557
        },
        "0.2": {
          "recall_rate": 0.5555555555555556,
          "precision_rate": 0.19555555555555557
        },
        "0.3": {
          "recall_rate": 0.5555555555555556,
          "precision_rate": 0.19555555555555557
        },
        "0.4": {
          "recall_rate": 0.5555555555555556,
          "precision_rate": 0.19555555555555557
        },
        "0.5": {
          "recall_rate": 0.5555555555555556,
          "precision_rate": 0.18777777777777777
        },
        "0.6": {
          "recall_rate": 0.5611111111111111,
          "precision_rate": 0.1688888888888889
        },
        "0.7": {
          "recall_rate": 0.5611111111111111,
          "precision_rate": 0.1688888888888889
        },
        "0.8": {
          "recall_rate": 0.5611111111111111,
          "precision_rate": 0.16555555555555557
        },
        "0.9": {
          "recall_rate": 0.55,
          "precision_rate": 0.14
        }
      },
      "recall_mean": 0.5567901234567901,
      "precision_mean": 0.17925925925925926,
      "threshold_discrimination": 0.011111111111111072,
      "threshold_summary": {
        "threshold_auc": 0.5567901234567901,
        "slope": -0.005555555555555536
      },
      "corr_mean": 0.8323484577553298,
      "corr_score": 0.8323484577553298,
      "smoothness_score": 0.0,
      "retrieval_score": 0.36177469135802465,