{
  "fold_scores": [
    {
      "tick": 200,
      "recall_rate": 0.6871165644171779,
      "precision_rate": 0.26993865030674846,
      "activation_recall_correlation": 0.9523977002799041,
      "fact_episode_delta": 0.3401129943502825,
      "forgetting_curve_smoothness": 0.003962185329979154,
      "storage_std": 0.20696615743252408,
      "storage_iqr": 0.299746874601266,
      "storage_gini": 0.21866999898251988,
      "retrieval_std": 0.20696615743252408,
      "retrieval_iqr": 0.299746874601266,
      "retrieval_gini": 0.21866999898251988,
      "activation_std": 0.20696615743252408,
      "activation_iqr": 0.299746874601266,
      "activation_gini": 0.21866999898251988,
      "threshold_metrics": {
        "0.1": {
          "recall_rate": 0.6871165644171779,
          "precision_rate": 0.26993865030674846
        },
        "0.2": {
          "recall_rate": 0.6871165644171779,
          "precision_rate": 0.26993865030674846
        },
        "0.3": {
          "recall_rate": 0.6871165644171779,
          "precision_rate": 0.26993865030674846
        },
        "0.4": {
          "recall_rate": 0.6871165644171779,
          "precision_rate": 0.26993865030674846
        },
        "0.5": {
          "recall_rate": 0.6871165644171779,
          "precision_rate": 0.26993865030674846
        },
        "0.6": {
          "recall_rate": 0.6871165644171779,
          "precision_rate": 0.26993865030674846
        },
        "0.7": {
          "recall_rate": 0.7177914110429447,
          "precision_rate": 0.28588957055214725
        },
        "0.8": {
          "recall_rate": 0.7300613496932515,
          "precision_rate": 0.21595092024539878
        },
        "0.9": {
          "recall_rate": 0.7055214723926381,
          "precision_rate": 0.2
        }
      },
      "recall_mean": 0.6973415132924335,
      "precision_mean": 0.25794137695978187,
      "threshold_discrimination": 0.042944785276073594,
      "threshold_summary": {
        "threshold_auc": 0.6973415132924335,
        "slope": 0.018404907975460127
      },
      "corr_mean": 0.886466327560262,
      "corr_score": 0.886466327560262,
      "smoothness_score": 0.9603781467002085,
      "retrieval_score": 0.4386571233810498,
      "plausibility_score": 0.9234222371302352,
      "overall_score": 0.6810396802556424,
      "composite_score": 0.6810396802556424,
      "mrr_mean": 0.5324017268802544,
      "precision_strict": 0.13946830265848675,
      "precision_lift": 5.551115123125783e-17,
      "precision_associative": 0.25794137695978187,
      "similarity_recall_rate": 0.6871165644171779,
      "retention_curve": {
        "40": 1.0,
        "80": 1.0,
        "120": 0.8125,
        "160": 0.6623376623376623,
        "200": 0.6871165644171779
      },
      "retention_auc": 0.8323908453509681,
      "selectivity_score": 0.020995228357191642,
      "robustness_score": 0.0,
      "eval_v2_score": 0.3819242103329527
    },
    {
      "tick": 200,
      "recall_rate": 0.6540880503144654,
      "precision_rate": 0.2591194968553459,
      "activation_recall_correlation": 0.9154385569078849,
      "fact_episode_delta": 0.30036697247706423,
      "forgetting_curve_smoothness": 0.10123086546178875,
      "storage_std": 0.20603037835250976,
      "storage_iqr": 0.299746874601266,
      "storage_gini": 0.21808671941933253,
      "retrieval_std": 0.2059978300825063,
      "retrieval_iqr": 0.299746874601266,
      "retrieval_gini": 0.21806537591873468,
      "activation_std": 0.20603037835250976,
      "activation_iqr": 0.299746874601266,
      "activation_gini": 0.21808671941933253,
      "threshold_metrics": {
        "0.1": {
          "recall_rate": 0.6540880503144654,
          "precision_rate": 0.2591194968553459
        },
        "0.2": {
          "recall_rate": 0.6540880503144654,
          "precision_rate": 0.2591194968553459
        },
        "0.3": {
          "recall_rate": 0.6540880503144654,
          "precision_rate": 0.2591194968553459
        },
        "0.4": {
          "recall_rate": 0.6540880503144654,
          "precision_rate": 0.2591194968553459
        },
        "0.5": {
          "recall_rate": 0.6540880503144654,
          "precision_rate": 0.2591194968553459
        },
        "0.6": {
          "recall_rate": 0.6540880503144654,
          "precision_rate": 0.2591194968553459
        },
        "0.7": {
          "recall_rate": 0.6666666666666666,
          "precision_rate": 0.2691823899371069
        },
        "0.8": {
          "recall_rate": 0.710691823899371,
          "precision_rate": 0.21635220125786164
        },
        "0.9": {
          "recall_rate": 0.6792452830188679,
          "precision_rate": 0.19119496855345913
        }
      },
      "recall_mean": 0.6645702306079664,
      "precision_mean": 0.24793850454227812,
      "threshold_discrimination": 0.05660377358490565,
      "threshold_summary": {
        "threshold_auc": 0.6645702306079664,
        "slope": 0.02515723270440251
      },
      "corr_mean": 0.8636376146186652,
      "corr_score": 0.8636376146186652,
      "smoothness_score": 0.0,
      "retrieval_score": 0.41409503843466106,
      "plausibility_score": 0.4318188073093326,
      "overall_score": 0.4229569228719968,
      "composite_score": 0.4229569228719968,
      "mrr_mean": 0.49422315397158173,
      "precision_strict": 0.1329140461215933,
      "precision_lift": 2.7755575615628914e-17,
      "precision_associative": 0.24793850454227812,
      "similarity_recall_rate": 0.6540880503144654,
      "retention_curve": {
        "40": 0.0,
        "80": 1.0,
        "120": 0.8,
        "160": 0.6344827586206897,
        "200": 0.6540880503144654
      },
      "retention_auc": 0.617714161787031,
      "selectivity_score": 0.017889587700908482,
      "robustness_score": 0.0,
      "eval_v2_score": 0.28423272849948195
    },
    {
      "tick": 200,
      "recall_rate": 0.6111111111111112,
      "precision_rate": 0.26555555555555554,
      "activation_recall_correlation": 0.9216883148760372,
      "fact_episode_delta": 0.19345454545454543,
      "forgetting_curve_smoothness": 0.1084705451219854,
      "storage_std": 0.2064468020965345,
      "storage_iqr": 0.299746874601266,
      "storage_gini": 0.21837724823940163,
      "retrieval_std": 0.20641361593137006,
      "retrieval_iqr": 0.299746874601266,
      "retrieval_gini": 0.21835553796048257,
      "activation_std": 0.2064468020965345,
      "activation_iqr": 0.299746874601266,
      "activation_gini": 0.21837724823940163,
      "threshold_metrics": {
        "0.1": {
          "recall_rate": 0.6111111111111112,
          "precision_rate": 0.26555555555555554
        },
        "0.2": {
          "recall_rate": 0.6111111111111112,
          "precision_rate": 0.26555555555555554
        },
        "0.3": {
          "recall_rate": 0.6111111111111112,
          "precision_rate": 0.26555555555555554
        },
        "0.4": {
          "recall_rate": 0.6111111111111112,
          "precision_rate": 0.26555555555555554
        },
        "0.5": {
          "recall_rate": 0.6111111111111112,
          "precision_rate": 0.26555555555555554
        },
        "0.6": {
          "recall_rate": 0.6166666666666667,
          "precision_rate": 0.26666666666666666
        },
        "0.7": {
          "recall_rate": 0.6277777777777778,
          "precision_rate": 0.2733333333333333
        },
        "0.8": {
          "recall_rate": 0.65,
          "precision_rate": 0.20555555555555555
        },
        "0.9": {
          "recall_rate": 0.6388888888888888,
          "precision_rate": 0.19444444444444445
        }
      },
      "recall_mean": 0.6209876543209876,
      "precision_mean": 0.2519753086419753,
      "threshold_discrimination": 0.03888888888888886,
      "threshold_summary": {
        "threshold_auc": 0.6209876543209876,
        "slope": 0.02777777777777768
      },
      "corr_mean": 0.8929212036298393,
      "corr_score": 0.8929212036298393,
      "smoothness_score": 0.0,