{
  "fold_scores": [
    {
      "tick": 200,
      "recall_rate": 0.6932515337423313,
      "precision_rate": 0.2687116564417178,
      "activation_recall_correlation": 0.8561515765145499,
      "fact_episode_delta": 0.3316384180790961,
      "forgetting_curve_smoothness": 0.004029055241028372,
      "storage_std": 0.2042091993414258,
      "storage_iqr": 0.299746874601266,
      "storage_gini": 0.21677496619431808,
      "retrieval_std": 0.20658210175009875,
      "retrieval_iqr": 0.299746874601266,
      "retrieval_gini": 0.21835226672799196,
      "activation_std": 0.2042091993414258,
      "activation_iqr": 0.299746874601266,
      "activation_gini": 0.21677496619431808,
      "threshold_metrics": {
        "0.1": {
          "recall_rate": 0.6932515337423313,
          "precision_rate": 0.2687116564417178
        },
        "0.2": {
          "recall_rate": 0.6932515337423313,
          "precision_rate": 0.2687116564417178
        },
        "0.3": {
          "recall_rate": 0.6932515337423313,
          "precision_rate": 0.2687116564417178
        },
        "0.4": {
          "recall_rate": 0.6932515337423313,
          "precision_rate": 0.2687116564417178
        },
        "0.5": {
          "recall_rate": 0.6932515337423313,
          "precision_rate": 0.2687116564417178
        },
        "0.6": {
          "recall_rate": 0.6932515337423313,
          "precision_rate": 0.2687116564417178
        },
        "0.7": {
          "recall_rate": 0.7116564417177914,
          "precision_rate": 0.27975460122699386
        },
        "0.8": {
          "recall_rate": 0.7239263803680982,
          "precision_rate": 0.2085889570552147
        },
        "0.9": {
          "recall_rate": 0.6687116564417178,
          "precision_rate": 0.18159509202453988
        }
      },
      "recall_mean": 0.6959781867757328,
      "precision_mean": 0.2535787321063394,
      "threshold_discrimination": 0.05521472392638038,
      "threshold_summary": {
        "threshold_auc": 0.6959781867757328,
        "slope": -0.024539877300613466
      },
      "corr_mean": 0.7161871664987708,
      "corr_score": 0.7161871664987708,
      "smoothness_score": 0.9597094475897163,
      "retrieval_score": 0.6203084526244036,
      "forgetting_score": 0.503662985547086,
      "non_target_mean_storage": 0.496337014452914,
      "plausibility_score": 0.7161871664987708,
      "overall_score": 0.6034522176159343,
      "composite_score": 0.6034522176159343,
      "mrr_mean": 0.5278232219950011,
      "precision_strict": 0.1391956373551466,
      "precision_lift": 2.7755575615628914e-17,
      "precision_associative": 0.2535787321063394,
      "similarity_recall_rate": 0.6932515337423313,
      "retention_curve": {
        "40": 1.0,
        "80": 1.0,
        "120": 0.8125,
        "160": 0.6623376623376623,
        "200": 0.6932515337423313
      },
      "retention_auc": 0.8336178392159986,
      "selectivity_score": 0.02481254260395377,
      "robustness_score": 0.0
    },
    {
      "tick": 200,
      "recall_rate": 0.6477987421383647,
      "precision_rate": 0.25660377358490566,
      "activation_recall_correlation": 0.79584447995802,
      "fact_episode_delta": 0.3095412844036697,
      "forgetting_curve_smoothness": 0.10142966509607503,
      "storage_std": 0.2037023445535499,
      "storage_iqr": 0.299746874601266,
      "storage_gini": 0.21650871647199288,
      "retrieval_std": 0.20570406147895126,
      "retrieval_iqr": 0.299746874601266,
      "retrieval_gini": 0.21783818590096057,
      "activation_std": 0.2037023445535499,
      "activation_iqr": 0.299746874601266,
      "activation_gini": 0.21650871647199288,
      "threshold_metrics": {
        "0.1": {
          "recall_rate": 0.6477987421383647,
          "precision_rate": 0.25660377358490566
        },
        "0.2": {
          "recall_rate": 0.6477987421383647,
          "precision_rate": 0.25660377358490566
        },
        "0.3": {
          "recall_rate": 0.6477987421383647,
          "precision_rate": 0.25660377358490566
        },
        "0.4": {
          "recall_rate": 0.6477987421383647,
          "precision_rate": 0.25660377358490566
        },
        "0.5": {
          "recall_rate": 0.6477987421383647,
          "precision_rate": 0.25660377358490566
        },
        "0.6": {
          "recall_rate": 0.6477987421383647,
          "precision_rate": 0.25660377358490566
        },
        "0.7": {
          "recall_rate": 0.660377358490566,
          "precision_rate": 0.2641509433962264
        },
        "0.8": {
          "recall_rate": 0.6981132075471698,
          "precision_rate": 0.2037735849056604
        },
        "0.9": {
          "recall_rate": 0.660377358490566,
          "precision_rate": 0.18490566037735848
        }
      },
      "recall_mean": 0.6561844863731656,
      "precision_mean": 0.24360587002096437,
      "threshold_discrimination": 0.05031446540880502,
      "threshold_summary": {
        "threshold_auc": 0.6561844863731656,
        "slope": 0.012578616352201255
      },
      "corr_mean": 0.6666769376943497,
      "corr_score": 0.6666769376943497,
      "smoothness_score": 0.0,
      "retrieval_score": 0.5827044025157233,
      "forgetting_score": 0.5040515826054441,
      "non_target_mean_storage": 0.4959484173945558,
      "plausibility_score": 0.6666769376943497,
      "overall_score": 0.5761690493417821,
      "composite_score": 0.5761690493417821,
      "mrr_mean": 0.4928954111344049,
      "precision_strict": 0.1312368972746331,
      "precision_lift": 0.0,
      "precision_associative": 0.24360587002096437,
      "similarity_recall_rate": 0.6477987421383647,
      "retention_curve": {
        "40": 0.0,
        "80": 1.0,
        "120": 0.8,
        "160": 0.6275862068965518,
        "200": 0.6477987421383647
      },
      "retention_auc": 0.6150769898069833,
      "selectivity_score": 0.018867924528301855,
      "robustness_score": 0.0
    },
    {
      "tick": 200,
      "recall_rate": 0.6111111111111112,
      "precision_rate": 0.26555555555555554,
      "activation_recall_correlation": 0.7524908372228192,
      "fact_episode_delta": 0.19345454545454543,
      "forgetting_curve_smoothness": 0.10695955557429257,
      "storage_std": 0.20414178769995453,
      "storage_iqr": 0.299746874601266,
      "storage_gini": 0.21687528343680537,
      "retrieval_std": 0.20650675064993765,
      "retrieval_iqr": 0.299746874601266,
      "retrieval_gini": 0.21845017484526943,
      "activation_std": 0.20414178769995453,
      "activation_iqr": 0.299746874601266,
      "activation_gini": 0.21687528343680537,
      "threshold_metrics": {
        "0.1": {
          "recall_rate": 0.6111111111111112,
          "precision_rate": 0.26555555555555554
        },
        "0.2": {
          "recall_rate": 0.6111111111111112,
          "precision_rate": 0.26555555555555554
        },
        "0.3": {
          "recall_rate": 0.6111111111111112,
          "precision_rate": 0.26555555555555554
        },
        "0.4": {
          "recall_rate": 0.6111111111111112,
          "precision_rate": 0.26555555555555554
        },
        "0.5": {
          "recall_rate": 0.6111111111111112,
          "precision_rate": 0.26555555555555554
        },
        "0.6": {
          "recall_rate": 0.6166666666666667,
          "precision_rate": 0.26666666666666666
        },
        "0.7": {
          "recall_rate": 0.6277777777777778,
          "precision_rate": 0.27444444444444444
        },
        "0.8": {
          "recall_rate": 0.65,
          "precision_rate": 0.2088888888888889
        },
        "0.9": {
          "recall_rate": 0.6166666666666667,
          "precision_rate": 0.18333333333333332
        }
      },
      "recall_mean": 0.6185185185185185,
      "precision_mean": 0.2512345679012345,
      "threshold_discrimination": 0.03888888888888886,
      "threshold_summary": {
        "threshold_auc": 0.6185185185185185,
        "slope": 0.005555555555555536
      },