{
  "fold_scores": [
    {
      "tick": 200,
      "recall_rate": 0.5828220858895705,
      "precision_rate": 0.18282208588957055,
      "activation_recall_correlation": 0.9665669731482401,
      "fact_episode_delta": 0.5455743879472692,
      "forgetting_curve_smoothness": 0.009022694132092602,
      "storage_std": 0.2913474017113752,
      "storage_iqr": 0.5142203271756539,
      "storage_gini": 0.5094912568816146,
      "retrieval_std": 0.2883335268716221,
      "retrieval_iqr": 0.5142203271756539,
      "retrieval_gini": 0.5073069665277624,
      "activation_std": 0.2913474017113752,
      "activation_iqr": 0.5142203271756539,
      "activation_gini": 0.5094912568816146,
      "threshold_metrics": {
        "0.1": {
          "recall_rate": 0.5828220858895705,
          "precision_rate": 0.18282208588957055
        },
        "0.2": {
          "recall_rate": 0.5828220858895705,
          "precision_rate": 0.18282208588957055
        },
        "0.3": {
          "recall_rate": 0.5828220858895705,
          "precision_rate": 0.18282208588957055
        },
        "0.4": {
          "recall_rate": 0.5828220858895705,
          "precision_rate": 0.18282208588957055
        },
        "0.5": {
          "recall_rate": 0.5828220858895705,
          "precision_rate": 0.17791411042944785
        },
        "0.6": {
          "recall_rate": 0.588957055214724,
          "precision_rate": 0.17177914110429449
        },
        "0.7": {
          "recall_rate": 0.588957055214724,
          "precision_rate": 0.16441717791411042
        },
        "0.8": {
          "recall_rate": 0.5828220858895705,
          "precision_rate": 0.1607361963190184
        },
        "0.9": {
          "recall_rate": 0.4539877300613497,
          "precision_rate": 0.11411042944785275
        }
      },
      "recall_mean": 0.5698704839809134,
      "precision_mean": 0.1689161554192229,
      "threshold_discrimination": 0.1349693251533743,
      "threshold_summary": {
        "threshold_auc": 0.5698704839809134,
        "slope": -0.12883435582822084
      },
      "corr_mean": 0.7197286210194331,
      "corr_score": 0.7197286210194331,
      "smoothness_score": 0.909773058679074,
      "retrieval_score": 0.3616359918200409,
      "plausibility_score": 0.8147508398492536,
      "overall_score": 0.5881934158346472,
      "composite_score": 0.5881934158346472,
      "mrr_mean": 0.4456259940922518,
      "precision_strict": 0.11397409679618267,
      "precision_lift": 0.0,
      "precision_associative": 0.1689161554192229,
      "similarity_recall_rate": 0.5828220858895705,
      "retention_curve": {
        "40": 1.0,
        "80": 1.0,
        "120": 0.6875,
        "160": 0.5844155844155844,
        "200": 0.5828220858895705
      },
      "retention_auc": 0.7709475340610309,
      "selectivity_score": 0.059032038173142454,
      "robustness_score": 0.0,
      "eval_v2_score": 0.36758760368806376
    },
    {
      "tick": 200,
      "recall_rate": 0.5849056603773585,
      "precision_rate": 0.20125786163522014,
      "activation_recall_correlation": 0.9359004015041898,
      "fact_episode_delta": 0.5179816513761467,
      "forgetting_curve_smoothness": 0.11548353360044401,
      "storage_std": 0.29055708961089016,
      "storage_iqr": 0.5142203271756539,
      "storage_gini": 0.5092658132122722,
      "retrieval_std": 0.28800778545564815,
      "retrieval_iqr": 0.5142203271756539,
      "retrieval_gini": 0.5074182754523576,
      "activation_std": 0.29055708961089016,
      "activation_iqr": 0.5142203271756539,
      "activation_gini": 0.5092658132122722,
      "threshold_metrics": {
        "0.1": {
          "recall_rate": 0.5849056603773585,
          "precision_rate": 0.20125786163522014
        },
        "0.2": {
          "recall_rate": 0.5849056603773585,
          "precision_rate": 0.20125786163522014
        },
        "0.3": {
          "recall_rate": 0.5849056603773585,
          "precision_rate": 0.20125786163522014
        },
        "0.4": {
          "recall_rate": 0.5849056603773585,
          "precision_rate": 0.20125786163522014
        },
        "0.5": {
          "recall_rate": 0.5849056603773585,
          "precision_rate": 0.1949685534591195
        },
        "0.6": {
          "recall_rate": 0.5911949685534591,
          "precision_rate": 0.17484276729559747
        },
        "0.7": {
          "recall_rate": 0.5849056603773585,
          "precision_rate": 0.1710691823899371
        },
        "0.8": {
          "recall_rate": 0.5786163522012578,
          "precision_rate": 0.16477987421383647
        },
        "0.9": {
          "recall_rate": 0.44654088050314467,
          "precision_rate": 0.10817610062893082
        }
      },
      "recall_mean": 0.5695317959468903,
      "precision_mean": 0.179874213836478,
      "threshold_discrimination": 0.14465408805031443,
      "threshold_summary": {
        "threshold_auc": 0.5695317959468903,
        "slope": -0.1383647798742138
      },
      "corr_mean": 0.6974576520713631,
      "corr_score": 0.6974576520713631,
      "smoothness_score": 0.0,
      "retrieval_score": 0.35534241788958776,
      "plausibility_score": 0.34872882603568156,
      "overall_score": 0.35203562196263466,
      "composite_score": 0.35203562196263466,
      "mrr_mean": 0.42509899836943865,
      "precision_strict": 0.11390635918937805,
      "precision_lift": 0.0,
      "precision_associative": 0.179874213836478,
      "similarity_recall_rate": 0.5849056603773585,
      "retention_curve": {
        "40": 0.0,
        "80": 1.0,
        "120": 0.6,
        "160": 0.5586206896551724,
        "200": 0.5849056603773585
      },
      "retention_auc": 0.5487052700065063,
      "selectivity_score": 0.047938504542278104,
      "robustness_score": 0.0,
      "eval_v2_score": 0.26369584809272517
    },
    {
      "tick": 200,
      "recall_rate": 0.5055555555555555,
      "precision_rate": 0.17,
      "activation_recall_correlation": 0.937330787601987,
      "fact_episode_delta": 0.5025454545454545,
      "forgetting_curve_smoothness": 0.12495431523656927,
      "storage_std": 0.2905091128763477,
      "storage_iqr": 0.5142203271756539,
      "storage_gini": 0.5090397082208673,
      "retrieval_std": 0.28795557992810544,
      "retrieval_iqr": 0.5142203271756539,
      "retrieval_gini": 0.5071903575847265,
      "activation_std": 0.2905091128763477,
      "activation_iqr": 0.5142203271756539,
      "activation_gini": 0.5090397082208673,
      "threshold_metrics": {
        "0.1": {
          "recall_rate": 0.5055555555555555,
          "precision_rate": 0.17
        },
        "0.2": {
          "recall_rate": 0.5055555555555555,
          "precision_rate": 0.17
        },
        "0.3": {
          "recall_rate": 0.5055555555555555,
          "precision_rate": 0.17
        },
        "0.4": {
          "recall_rate": 0.5055555555555555,
          "precision_rate": 0.17
        },
        "0.5": {
          "recall_rate": 0.5055555555555555,
          "precision_rate": 0.16666666666666666
        },
        "0.6": {
          "recall_rate": 0.5055555555555555,
          "precision_rate": 0.15333333333333332
        },
        "0.7": {
          "recall_rate": 0.5055555555555555,
          "precision_rate": 0.15444444444444444
        },
        "0.8": {
          "recall_rate": 0.5,
          "precision_rate": 0.15
        },
        "0.9": {
          "recall_rate": 0.38333333333333336,
          "precision_rate": 0.09555555555555556
        }
      },
      "recall_mean": 0.49135802469135803,
      "precision_mean": 0.15555555555555556,
      "threshold_discrimination": 0.12222222222222218,
      "threshold_summary": {
        "threshold_auc": 0.49135802469135803,
        "slope": -0.12222222222222218
      },
      "corr_mean": 0.7570356191065232,
      "corr_score": 0.7570356191065232,
      "smoothness_score": 0.0,
      "retrieval_score": 0.3146327160493827,
      "plausibility_score": 0.3785178095532616,