{
  "status": "completed",
  "tick": 200,
  "recall_rate": 0.5947712418300654,
  "precision_rate": 0.2601307189542484,
  "activation_recall_correlation": 0.2084172467653236,
  "fact_episode_delta": 0.25654761904761914,
  "forgetting_curve_smoothness": 0.006739254917808006,
  "storage_std": 0.18840933001395344,
  "storage_iqr": 0.21250017675772861,
  "storage_gini": 0.26032538063276317,
  "retrieval_std": 0.18840933001395344,
  "retrieval_iqr": 0.21250017675772861,
  "retrieval_gini": 0.26032538063276317,
  "activation_std": 0.18840933001395344,
  "activation_iqr": 0.21250017675772861,
  "activation_gini": 0.26032538063276317,
  "threshold_metrics": {
    "0.1": {
      "recall_rate": 0.5882352941176471,
      "precision_rate": 0.257516339869281
    },
    "0.2": {
      "recall_rate": 0.5882352941176471,
      "precision_rate": 0.257516339869281
    },
    "0.3": {
      "recall_rate": 0.5947712418300654,
      "precision_rate": 0.2601307189542484
    },
    "0.4": {
      "recall_rate": 0.5947712418300654,
      "precision_rate": 0.2601307189542484
    },
    "0.5": {
      "recall_rate": 0.6209150326797386,
      "precision_rate": 0.269281045751634
    },
    "0.6": {
      "recall_rate": 0.6078431372549019,
      "precision_rate": 0.2679738562091503
    },
    "0.7": {
      "recall_rate": 0.2875816993464052,
      "precision_rate": 0.10457516339869281
    },
    "0.8": {
      "recall_rate": 0.26143790849673204,
      "precision_rate": 0.0915032679738562
    },
    "0.9": {
      "recall_rate": 0.026143790849673203,
      "precision_rate": 0.011764705882352941
    }
  },
  "recall_mean": 0.46332607116920843,
  "precision_mean": 0.19782135076252721,
  "threshold_discrimination": 0.5947712418300654,
  "threshold_summary": {
    "threshold_auc": 0.46332607116920843,
    "slope": -0.5620915032679739
  },
  "corr_mean": 0.119125961213642,
  "corr_score": 0.119125961213642,
  "smoothness_score": 0.93260745082192,
  "retrieval_score": 0.4050254175744372,
  "forgetting_score": 0.6310608281354055,
  "non_target_mean_storage": 0.3689391718645945,
  "plausibility_score": 0.119125961213642,
  "overall_score": 0.4126629471805773,
  "composite_score": 0.4126629471805773,
  "mrr_mean": 0.3337690631808279,
  "precision_strict": 0.09266521423384168,
  "precision_lift": 0.0,
  "precision_associative": 0.19782135076252721,
  "similarity_recall_rate": 0.673202614379085,
  "retention_curve": {
    "40": 1.0,
    "80": 1.0,
    "120": 0.8181818181818182,
    "160": 0.5467625899280576,
    "200": 0.5947712418300654
  },
  "retention_auc": 0.7919431299879883,
  "selectivity_score": 0.0,
  "robustness_score": 0.0,
  "snapshots": [
    {
      "tick": 0,
      "recall_rate": 1.0,
      "precision_rate": 0.2,
      "activation_recall_correlation": 0.0,
      "fact_episode_delta": 1.0,
      "forgetting_curve_smoothness": 0.0
    },
    {
      "tick": 20,
      "recall_rate": 1.0,
      "precision_rate": 0.2,
      "activation_recall_correlation": 0.0,
      "fact_episode_delta": 1.0,
      "forgetting_curve_smoothness": 0.0
    },
    {
      "tick": 40,
      "recall_rate": 1.0,
      "precision_rate": 0.2,
      "activation_recall_correlation": 0.0,
      "fact_episode_delta": 1.0,
      "forgetting_curve_smoothness": 0.0
    },
    {
      "tick": 60,
      "recall_rate": 1.0,
      "precision_rate": 0.4,
      "activation_recall_correlation": 0.0,
      "fact_episode_delta": 1.0,
      "forgetting_curve_smoothness": 0.0
    },
    {
      "tick": 80,
      "recall_rate": 1.0,
      "precision_rate": 0.4,
      "activation_recall_correlation": 0.0,
      "fact_episode_delta": 1.0,
      "forgetting_curve_smoothness": 0.0
    },
    {
      "tick": 100,
      "recall_rate": 1.0,
      "precision_rate": 0.43333333333333335,
      "activation_recall_correlation": 0.0,
      "fact_episode_delta": 1.0,
      "forgetting_curve_smoothness": 0.0
    },
    {
      "tick": 120,
      "recall_rate": 0.8181818181818182,
      "precision_rate": 0.2909090909090909,
      "activation_recall_correlation": -0.3500750899431839,
      "fact_episode_delta": 0.19999999999999996,
      "forgetting_curve_smoothness": 0.0
    },
    {
      "tick": 140,
      "recall_rate": 0.6041666666666666,
      "precision_rate": 0.2791666666666667,
      "activation_recall_correlation": -0.16634332826923418,
      "fact_episode_delta": 0.06666666666666665,
      "forgetting_curve_smoothness": 0.0045913682277318605
    },
    {
      "tick": 160,
      "recall_rate": 0.5467625899280576,
      "precision_rate": 0.2316546762589928,
      "activation_recall_correlation": 0.1251849429709379,
      "fact_episode_delta": 0.2125066242713302,
      "forgetting_curve_smoothness": 0.008068129111148592
    },
    {
      "tick": 180,
      "recall_rate": 0.5866666666666667,
      "precision_rate": 0.256,
      "activation_recall_correlation": 0.2204847434398916,
      "fact_episode_delta": 0.25125418060200677,
      "forgetting_curve_smoothness": 0.00705969320098057
    },
    {
      "tick": 200,
      "recall_rate": 0.5947712418300654,
      "precision_rate": 0.2601307189542484,
      "activation_recall_correlation": 0.2084172467653236,
      "fact_episode_delta": 0.25654761904761914,
      "forgetting_curve_smoothness": 0.007196131514990323
    }
  ],
  "duration_seconds": 60.82,
  "timing_breakdown": {
    "simulation_seconds": 55.551,
    "final_score_summary_seconds": 13.106,
    "query_similarity_total_seconds": 59.521,
    "query_similarity_call_count": 594
  }
}