{
  "fold_scores": [
    {
      "tick": 200,
      "recall_rate": 0.6932515337423313,
      "precision_rate": 0.2687116564417178,
      "activation_recall_correlation": 0.7005191209670191,
      "fact_episode_delta": 0.3316384180790961,
      "forgetting_curve_smoothness": 0.004029055241028372,
      "storage_std": 0.2026323227884774,
      "storage_iqr": 0.299746874601266,
      "storage_gini": 0.21566938108589248,
      "retrieval_std": 0.20659059682665779,
      "retrieval_iqr": 0.299746874601266,
      "retrieval_gini": 0.2183653795756052,
      "activation_std": 0.2026323227884774,
      "activation_iqr": 0.299746874601266,
      "activation_gini": 0.21566938108589248,
      "threshold_metrics": {
        "0.1": {
          "recall_rate": 0.6932515337423313,
          "precision_rate": 0.2687116564417178
        },
        "0.2": {
          "recall_rate": 0.6932515337423313,
          "precision_rate": 0.2687116564417178
        },
        "0.3": {
          "recall_rate": 0.6932515337423313,
          "precision_rate": 0.2687116564417178
        },
        "0.4": {
          "recall_rate": 0.6932515337423313,
          "precision_rate": 0.2687116564417178
        },
        "0.5": {
          "recall_rate": 0.6932515337423313,
          "precision_rate": 0.2687116564417178
        },
        "0.6": {
          "recall_rate": 0.6932515337423313,
          "precision_rate": 0.2687116564417178
        },
        "0.7": {
          "recall_rate": 0.7116564417177914,
          "precision_rate": 0.27975460122699386
        },
        "0.8": {
          "recall_rate": 0.7177914110429447,
          "precision_rate": 0.20613496932515338
        },
        "0.9": {
          "recall_rate": 0.3067484662576687,
          "precision_rate": 0.09693251533742331
        }
      },
      "recall_mean": 0.6550783912747103,
      "precision_mean": 0.2438991138377641,
      "threshold_discrimination": 0.41104294478527603,
      "threshold_summary": {
        "threshold_auc": 0.6550783912747103,
        "slope": -0.38650306748466257
      },
      "corr_mean": 0.598348317813525,
      "corr_score": 0.598348317813525,
      "smoothness_score": 0.9597094475897163,
      "retrieval_score": 0.5815712338104976,
      "forgetting_score": 0.5036167696069722,
      "non_target_mean_storage": 0.49638323039302784,
      "plausibility_score": 0.598348317813525,
      "overall_score": 0.5584814423400205,
      "composite_score": 0.5584814423400205,
      "mrr_mean": 0.4917291524653487,
      "precision_strict": 0.1310156782549421,
      "precision_lift": 2.7755575615628914e-17,
      "precision_associative": 0.2438991138377641,
      "similarity_recall_rate": 0.6932515337423313,
      "retention_curve": {
        "40": 1.0,
        "80": 1.0,
        "120": 0.8125,
        "160": 0.6623376623376623,
        "200": 0.6932515337423313
      },
      "retention_auc": 0.8336178392159986,
      "selectivity_score": 0.018132242672120075,
      "robustness_score": 0.0
    },
    {
      "tick": 200,
      "recall_rate": 0.6477987421383647,
      "precision_rate": 0.25660377358490566,
      "activation_recall_correlation": 0.6249869089453269,
      "fact_episode_delta": 0.3095412844036697,
      "forgetting_curve_smoothness": 0.10142966509607503,
      "storage_std": 0.20230890253840986,
      "storage_iqr": 0.299746874601266,
      "storage_gini": 0.21553102953235564,
      "retrieval_std": 0.20571276340002242,
      "retrieval_iqr": 0.299746874601266,
      "retrieval_gini": 0.21784248050015073,
      "activation_std": 0.20230890253840986,
      "activation_iqr": 0.299746874601266,
      "activation_gini": 0.21553102953235564,
      "threshold_metrics": {
        "0.1": {
          "recall_rate": 0.6477987421383647,
          "precision_rate": 0.25660377358490566
        },
        "0.2": {
          "recall_rate": 0.6477987421383647,
          "precision_rate": 0.25660377358490566
        },
        "0.3": {
          "recall_rate": 0.6477987421383647,
          "precision_rate": 0.25660377358490566
        },
        "0.4": {
          "recall_rate": 0.6477987421383647,
          "precision_rate": 0.25660377358490566
        },
        "0.5": {
          "recall_rate": 0.6477987421383647,
          "precision_rate": 0.25660377358490566
        },
        "0.6": {
          "recall_rate": 0.6477987421383647,
          "precision_rate": 0.25660377358490566
        },
        "0.7": {
          "recall_rate": 0.660377358490566,
          "precision_rate": 0.2641509433962264
        },
        "0.8": {
          "recall_rate": 0.6918238993710691,
          "precision_rate": 0.20251572327044026
        },
        "0.9": {
          "recall_rate": 0.3270440251572327,
          "precision_rate": 0.10943396226415095
        }
      },
      "recall_mean": 0.6184486373165619,
      "precision_mean": 0.23508036338225016,
      "threshold_discrimination": 0.36477987421383645,
      "threshold_summary": {
        "threshold_auc": 0.6184486373165619,
        "slope": -0.32075471698113206
      },
      "corr_mean": 0.5468366162418224,
      "corr_score": 0.5468366162418224,
      "smoothness_score": 0.0,
      "retrieval_score": 0.5466090146750524,
      "forgetting_score": 0.5040403442657161,
      "non_target_mean_storage": 0.4959596557342839,
      "plausibility_score": 0.5468366162418224,
      "overall_score": 0.5317668804234772,
      "composite_score": 0.5317668804234772,
      "mrr_mean": 0.4588050314465409,
      "precision_strict": 0.12368972746331236,
      "precision_lift": 0.0,
      "precision_associative": 0.23508036338225016,
      "similarity_recall_rate": 0.6477987421383647,
      "retention_curve": {
        "40": 0.0,
        "80": 1.0,
        "120": 0.8,
        "160": 0.6275862068965518,
        "200": 0.6477987421383647
      },
      "retention_auc": 0.6150769898069833,
      "selectivity_score": 0.012299091544374557,
      "robustness_score": 0.0
    },
    {
      "tick": 200,
      "recall_rate": 0.6111111111111112,
      "precision_rate": 0.26555555555555554,
      "activation_recall_correlation": 0.5740306263988589,
      "fact_episode_delta": 0.19345454545454543,
      "forgetting_curve_smoothness": 0.10695955557429257,
      "storage_std": 0.20273990486250548,
      "storage_iqr": 0.299746874601266,
      "storage_gini": 0.2158826244222186,
      "retrieval_std": 0.20651543135949574,
      "retrieval_iqr": 0.299746874601266,
      "retrieval_gini": 0.21845238220911314,
      "activation_std": 0.20273990486250548,
      "activation_iqr": 0.299746874601266,
      "activation_gini": 0.2158826244222186,
      "threshold_metrics": {
        "0.1": {
          "recall_rate": 0.6111111111111112,
          "precision_rate": 0.26555555555555554
        },
        "0.2": {
          "recall_rate": 0.6111111111111112,
          "precision_rate": 0.26555555555555554
        },
        "0.3": {
          "recall_rate": 0.6111111111111112,
          "precision_rate": 0.26555555555555554
        },
        "0.4": {
          "recall_rate": 0.6111111111111112,
          "precision_rate": 0.26555555555555554
        },
        "0.5": {
          "recall_rate": 0.6111111111111112,
          "precision_rate": 0.26555555555555554
        },
        "0.6": {
          "recall_rate": 0.6166666666666667,
          "precision_rate": 0.26666666666666666
        },
        "0.7": {
          "recall_rate": 0.6277777777777778,
          "precision_rate": 0.27444444444444444
        },
        "0.8": {
          "recall_rate": 0.6388888888888888,
          "precision_rate": 0.20444444444444446
        },
        "0.9": {
          "recall_rate": 0.3111111111111111,
          "precision_rate": 0.10333333333333333
        }
      },
      "recall_mean": 0.5833333333333334,
      "precision_mean": 0.24185185185185187,
      "threshold_discrimination": 0.3277777777777777,
      "threshold_summary": {
        "threshold_auc": 0.5833333333333334,