{
  "fold_scores": [
    {
      "tick": 200,
      "recall_rate": 0.6993865030674846,
      "precision_rate": 0.2723926380368098,
      "activation_recall_correlation": 0.9523651479925875,
      "fact_episode_delta": 0.3231638418079096,
      "forgetting_curve_smoothness": 0.004074899305840973,
      "storage_std": 0.20694593008804016,
      "storage_iqr": 0.299746874601266,
      "storage_gini": 0.2186410959881823,
      "retrieval_std": 0.20693575931494518,
      "retrieval_iqr": 0.299746874601266,
      "retrieval_gini": 0.21863472336745074,
      "activation_std": 0.20694593008804016,
      "activation_iqr": 0.299746874601266,
      "activation_gini": 0.2186410959881823,
      "threshold_metrics": {
        "0.1": {
          "recall_rate": 0.6993865030674846,
          "precision_rate": 0.2723926380368098
        },
        "0.2": {
          "recall_rate": 0.6993865030674846,
          "precision_rate": 0.2723926380368098
        },
        "0.3": {
          "recall_rate": 0.6993865030674846,
          "precision_rate": 0.2723926380368098
        },
        "0.4": {
          "recall_rate": 0.6993865030674846,
          "precision_rate": 0.2723926380368098
        },
        "0.5": {
          "recall_rate": 0.6993865030674846,
          "precision_rate": 0.2723926380368098
        },
        "0.6": {
          "recall_rate": 0.6993865030674846,
          "precision_rate": 0.2723926380368098
        },
        "0.7": {
          "recall_rate": 0.7239263803680982,
          "precision_rate": 0.28588957055214725
        },
        "0.8": {
          "recall_rate": 0.7361963190184049,
          "precision_rate": 0.21717791411042944
        },
        "0.9": {
          "recall_rate": 0.7177914110429447,
          "precision_rate": 0.2
        }
      },
      "recall_mean": 0.7082481254260395,
      "precision_mean": 0.25971370143149286,
      "threshold_discrimination": 0.036809815950920255,
      "threshold_summary": {
        "threshold_auc": 0.7082481254260395,
        "slope": 0.018404907975460127
      },
      "corr_mean": 0.8903659589130218,
      "corr_score": 0.8903659589130218,
      "smoothness_score": 0.9592510069415903,
      "retrieval_score": 0.44401499659168375,
      "plausibility_score": 0.924808482927306,
      "overall_score": 0.6844117397594949,
      "composite_score": 0.6844117397594949,
      "mrr_mean": 0.5357191547375596,
      "precision_strict": 0.14164962508520793,
      "precision_lift": 2.7755575615628914e-17,
      "precision_associative": 0.25971370143149286,
      "similarity_recall_rate": 0.6993865030674846,
      "retention_curve": {
        "40": 1.0,
        "80": 1.0,
        "120": 0.8125,
        "160": 0.6623376623376623,
        "200": 0.6993865030674846
      },
      "retention_auc": 0.8348448330810294,
      "selectivity_score": 0.02358554873892299,
      "robustness_score": 0.0,
      "eval_v2_score": 0.3839351169450863
    },
    {
      "tick": 200,
      "recall_rate": 0.6540880503144654,
      "precision_rate": 0.2591194968553459,
      "activation_recall_correlation": 0.9187983406218233,
      "fact_episode_delta": 0.30036697247706423,
      "forgetting_curve_smoothness": 0.10123086546178875,
      "storage_std": 0.20589401764372672,
      "storage_iqr": 0.299746874601266,
      "storage_gini": 0.21797822726073207,
      "retrieval_std": 0.20586144163218179,
      "retrieval_iqr": 0.299746874601266,
      "retrieval_gini": 0.21795687304103015,
      "activation_std": 0.20589401764372672,
      "activation_iqr": 0.299746874601266,
      "activation_gini": 0.21797822726073207,
      "threshold_metrics": {
        "0.1": {
          "recall_rate": 0.6540880503144654,
          "precision_rate": 0.2591194968553459
        },
        "0.2": {
          "recall_rate": 0.6540880503144654,
          "precision_rate": 0.2591194968553459
        },
        "0.3": {
          "recall_rate": 0.6540880503144654,
          "precision_rate": 0.2591194968553459
        },
        "0.4": {
          "recall_rate": 0.6540880503144654,
          "precision_rate": 0.2591194968553459
        },
        "0.5": {
          "recall_rate": 0.6540880503144654,
          "precision_rate": 0.2591194968553459
        },
        "0.6": {
          "recall_rate": 0.6540880503144654,
          "precision_rate": 0.2591194968553459
        },
        "0.7": {
          "recall_rate": 0.6666666666666666,
          "precision_rate": 0.26666666666666666
        },
        "0.8": {
          "recall_rate": 0.7169811320754716,
          "precision_rate": 0.21132075471698114
        },
        "0.9": {
          "recall_rate": 0.6792452830188679,
          "precision_rate": 0.18867924528301888
        }
      },
      "recall_mean": 0.6652690426275332,
      "precision_mean": 0.24682040531097135,
      "threshold_discrimination": 0.06289308176100628,
      "threshold_summary": {
        "threshold_auc": 0.6652690426275332,
        "slope": 0.02515723270440251
      },
      "corr_mean": 0.8510074058131711,
      "corr_score": 0.8510074058131711,
      "smoothness_score": 0.0,
      "retrieval_score": 0.4152900069881202,
      "plausibility_score": 0.42550370290658557,
      "overall_score": 0.4203968549473529,
      "composite_score": 0.4203968549473529,
      "mrr_mean": 0.49727463312368975,
      "precision_strict": 0.13305380852550663,
      "precision_lift": 0.0,
      "precision_associative": 0.24682040531097135,
      "similarity_recall_rate": 0.6540880503144654,
      "retention_curve": {
        "40": 0.0,
        "80": 1.0,
        "120": 0.8,
        "160": 0.6344827586206897,
        "200": 0.6540880503144654
      },
      "retention_auc": 0.617714161787031,
      "selectivity_score": 0.019287211740041915,
      "robustness_score": 0.0,
      "eval_v2_score": 0.2847218969131786
    },
    {
      "tick": 200,
      "recall_rate": 0.6111111111111112,
      "precision_rate": 0.26555555555555554,
      "activation_recall_correlation": 0.9222128764396079,
      "fact_episode_delta": 0.19345454545454543,
      "forgetting_curve_smoothness": 0.1084705451219854,
      "storage_std": 0.20633834484899935,
      "storage_iqr": 0.299746874601266,
      "storage_gini": 0.21828852514767005,
      "retrieval_std": 0.2063051357740756,
      "retrieval_iqr": 0.299746874601266,
      "retrieval_gini": 0.21826680306500426,
      "activation_std": 0.20633834484899935,
      "activation_iqr": 0.299746874601266,
      "activation_gini": 0.21828852514767005,
      "threshold_metrics": {
        "0.1": {
          "recall_rate": 0.6111111111111112,
          "precision_rate": 0.26555555555555554
        },
        "0.2": {
          "recall_rate": 0.6111111111111112,
          "precision_rate": 0.26555555555555554
        },
        "0.3": {
          "recall_rate": 0.6111111111111112,
          "precision_rate": 0.26555555555555554
        },
        "0.4": {
          "recall_rate": 0.6111111111111112,
          "precision_rate": 0.26555555555555554
        },
        "0.5": {
          "recall_rate": 0.6111111111111112,
          "precision_rate": 0.26555555555555554
        },
        "0.6": {
          "recall_rate": 0.6166666666666667,
          "precision_rate": 0.26666666666666666
        },
        "0.7": {
          "recall_rate": 0.6277777777777778,
          "precision_rate": 0.2733333333333333
        },
        "0.8": {
          "recall_rate": 0.65,
          "precision_rate": 0.20555555555555555
        },
        "0.9": {
          "recall_rate": 0.6388888888888888,
          "precision_rate": 0.19444444444444445
        }
      },
      "recall_mean": 0.6209876543209876,
      "precision_mean": 0.2519753086419753,
      "threshold_discrimination": 0.03888888888888886,
      "threshold_summary": {
        "threshold_auc": 0.6209876543209876,
        "slope": 0.02777777777777768
      },
      "corr_mean": 0.8925034103806924,
      "corr_score": 0.8925034103806924,
      "smoothness_score": 0.0,