{
  "fold_scores": [
    {
      "tick": 200,
      "recall_rate": 0.6932515337423313,
      "precision_rate": 0.27116564417177913,
      "activation_recall_correlation": 0.959560681589305,
      "fact_episode_delta": 0.3316384180790961,
      "forgetting_curve_smoothness": 0.003980675732635193,
      "storage_std": 0.20670600337241746,
      "storage_iqr": 0.299746874601266,
      "storage_gini": 0.2184232554959344,
      "retrieval_std": 0.20670278636934833,
      "retrieval_iqr": 0.299746874601266,
      "retrieval_gini": 0.21842127173706002,
      "activation_std": 0.20670600337241746,
      "activation_iqr": 0.299746874601266,
      "activation_gini": 0.2184232554959344,
      "threshold_metrics": {
        "0.1": {
          "recall_rate": 0.6932515337423313,
          "precision_rate": 0.27116564417177913
        },
        "0.2": {
          "recall_rate": 0.6932515337423313,
          "precision_rate": 0.27116564417177913
        },
        "0.3": {
          "recall_rate": 0.6932515337423313,
          "precision_rate": 0.27116564417177913
        },
        "0.4": {
          "recall_rate": 0.6932515337423313,
          "precision_rate": 0.27116564417177913
        },
        "0.5": {
          "recall_rate": 0.6932515337423313,
          "precision_rate": 0.27116564417177913
        },
        "0.6": {
          "recall_rate": 0.6932515337423313,
          "precision_rate": 0.27116564417177913
        },
        "0.7": {
          "recall_rate": 0.7116564417177914,
          "precision_rate": 0.28343558282208586
        },
        "0.8": {
          "recall_rate": 0.7239263803680982,
          "precision_rate": 0.21717791411042944
        },
        "0.9": {
          "recall_rate": 0.7055214723926381,
          "precision_rate": 0.19631901840490798
        }
      },
      "recall_mean": 0.700068166325835,
      "precision_mean": 0.25821404226312206,
      "threshold_discrimination": 0.030674846625766916,
      "threshold_summary": {
        "threshold_auc": 0.700068166325835,
        "slope": 0.012269938650306789
      },
      "corr_mean": 0.9020459624685502,
      "corr_score": 0.9020459624685502,
      "smoothness_score": 0.960193242673648,
      "retrieval_score": 0.44066802999318333,
      "plausibility_score": 0.931119602571099,
      "overall_score": 0.6858938162821412,
      "composite_score": 0.6858938162821412,
      "mrr_mean": 0.5354692115428312,
      "precision_strict": 0.14001363326516703,
      "precision_lift": 2.7755575615628914e-17,
      "precision_associative": 0.25821404226312206,
      "similarity_recall_rate": 0.6932515337423313,
      "retention_curve": {
        "40": 1.0,
        "80": 1.0,
        "120": 0.8125,
        "160": 0.6688311688311688,
        "200": 0.6932515337423313
      },
      "retention_auc": 0.8349165405147,
      "selectivity_score": 0.021813224267211995,
      "robustness_score": 0.0,
      "eval_v2_score": 0.3833470717251392
    },
    {
      "tick": 200,
      "recall_rate": 0.6477987421383647,
      "precision_rate": 0.2578616352201258,
      "activation_recall_correlation": 0.9118622398177213,
      "fact_episode_delta": 0.3095412844036697,
      "forgetting_curve_smoothness": 0.10140568209669405,
      "storage_std": 0.2059523691058634,
      "storage_iqr": 0.299746874601266,
      "storage_gini": 0.21799712280504555,
      "retrieval_std": 0.2059523691058634,
      "retrieval_iqr": 0.299746874601266,
      "retrieval_gini": 0.21799712280504555,
      "activation_std": 0.2059523691058634,
      "activation_iqr": 0.299746874601266,
      "activation_gini": 0.21799712280504555,
      "threshold_metrics": {
        "0.1": {
          "recall_rate": 0.6477987421383647,
          "precision_rate": 0.2578616352201258
        },
        "0.2": {
          "recall_rate": 0.6477987421383647,
          "precision_rate": 0.2578616352201258
        },
        "0.3": {
          "recall_rate": 0.6477987421383647,
          "precision_rate": 0.2578616352201258
        },
        "0.4": {
          "recall_rate": 0.6477987421383647,
          "precision_rate": 0.2578616352201258
        },
        "0.5": {
          "recall_rate": 0.6477987421383647,
          "precision_rate": 0.2578616352201258
        },
        "0.6": {
          "recall_rate": 0.6477987421383647,
          "precision_rate": 0.2578616352201258
        },
        "0.7": {
          "recall_rate": 0.660377358490566,
          "precision_rate": 0.2679245283018868
        },
        "0.8": {
          "recall_rate": 0.710691823899371,
          "precision_rate": 0.21257861635220127
        },
        "0.9": {
          "recall_rate": 0.6855345911949685,
          "precision_rate": 0.19874213836477989
        }
      },
      "recall_mean": 0.660377358490566,
      "precision_mean": 0.24737945492662472,
      "threshold_discrimination": 0.06289308176100628,
      "threshold_summary": {
        "threshold_auc": 0.660377358490566,
        "slope": 0.037735849056603765
      },
      "corr_mean": 0.8338279830326579,
      "corr_score": 0.8338279830326579,
      "smoothness_score": 0.0,
      "retrieval_score": 0.413130677847659,
      "plausibility_score": 0.41691399151632896,
      "overall_score": 0.415022334681994,
      "composite_score": 0.415022334681994,
      "mrr_mean": 0.4965991148381086,
      "precision_strict": 0.1320754716981132,
      "precision_lift": 0.0,
      "precision_associative": 0.24737945492662472,
      "similarity_recall_rate": 0.6477987421383647,
      "retention_curve": {
        "40": 0.0,
        "80": 1.0,
        "120": 0.8,
        "160": 0.6275862068965518,
        "200": 0.6477987421383647
      },
      "retention_auc": 0.6150769898069833,
      "selectivity_score": 0.016771488469601692,
      "robustness_score": 0.0,
      "eval_v2_score": 0.2826546663775031
    },
    {
      "tick": 200,
      "recall_rate": 0.6166666666666667,
      "precision_rate": 0.27,
      "activation_recall_correlation": 0.8997618741765135,
      "fact_episode_delta": 0.18545454545454543,
      "forgetting_curve_smoothness": 0.10153172025924384,
      "storage_std": 0.20659471088538803,
      "storage_iqr": 0.299746874601266,
      "storage_gini": 0.21848085812163448,
      "retrieval_std": 0.20652913308624835,
      "retrieval_iqr": 0.299746874601266,
      "retrieval_gini": 0.21843794924758067,
      "activation_std": 0.20659471088538803,
      "activation_iqr": 0.299746874601266,
      "activation_gini": 0.21848085812163448,
      "threshold_metrics": {
        "0.1": {
          "recall_rate": 0.6166666666666667,
          "precision_rate": 0.27
        },
        "0.2": {
          "recall_rate": 0.6166666666666667,
          "precision_rate": 0.27
        },
        "0.3": {
          "recall_rate": 0.6166666666666667,
          "precision_rate": 0.27
        },
        "0.4": {
          "recall_rate": 0.6166666666666667,
          "precision_rate": 0.27
        },
        "0.5": {
          "recall_rate": 0.6166666666666667,
          "precision_rate": 0.27
        },
        "0.6": {
          "recall_rate": 0.6222222222222222,
          "precision_rate": 0.27111111111111114
        },
        "0.7": {
          "recall_rate": 0.6388888888888888,
          "precision_rate": 0.27666666666666667
        },
        "0.8": {
          "recall_rate": 0.6611111111111111,
          "precision_rate": 0.21222222222222223
        },
        "0.9": {
          "recall_rate": 0.6444444444444445,
          "precision_rate": 0.19777777777777777
        }
      },
      "recall_mean": 0.6277777777777778,
      "precision_mean": 0.2564197530864198,
      "threshold_discrimination": 0.0444444444444444,
      "threshold_summary": {
        "threshold_auc": 0.6277777777777778,
        "slope": 0.02777777777777779
      },
      "corr_mean": 0.8545816988907247,
      "corr_score": 0.8545816988907247,
      "smoothness_score": 0.0,
      "retrieval_score": 0.3930586419753087,
      "plausibility_score": 0.42729084944536233,