{
  "fold_scores": [
    {
      "tick": 200,
      "recall_rate": 0.6809815950920245,
      "precision_rate": 0.252760736196319,
      "activation_recall_correlation": 0.9738747096263,
      "fact_episode_delta": 0.3792843691148776,
      "forgetting_curve_smoothness": 0.0055741158024009045,
      "storage_std": 0.1750001419065681,
      "storage_iqr": 0.18039743496168184,
      "storage_gini": 0.2782395465117207,
      "retrieval_std": 0.16819804096793878,
      "retrieval_iqr": 0.18039743496168184,
      "retrieval_gini": 0.2739427703492215,
      "activation_std": 0.1750001419065681,
      "activation_iqr": 0.18039743496168184,
      "activation_gini": 0.2782395465117207,
      "threshold_metrics": {
        "0.1": {
          "recall_rate": 0.6809815950920245,
          "precision_rate": 0.25153374233128833
        },
        "0.2": {
          "recall_rate": 0.6809815950920245,
          "precision_rate": 0.252760736196319
        },
        "0.3": {
          "recall_rate": 0.6809815950920245,
          "precision_rate": 0.252760736196319
        },
        "0.4": {
          "recall_rate": 0.6932515337423313,
          "precision_rate": 0.26012269938650306
        },
        "0.5": {
          "recall_rate": 0.7055214723926381,
          "precision_rate": 0.2392638036809816
        },
        "0.6": {
          "recall_rate": 0.6748466257668712,
          "precision_rate": 0.1901840490797546
        },
        "0.7": {
          "recall_rate": 0.6748466257668712,
          "precision_rate": 0.16932515337423312
        },
        "0.8": {
          "recall_rate": 0.6748466257668712,
          "precision_rate": 0.16319018404907976
        },
        "0.9": {
          "recall_rate": 0.6748466257668712,
          "precision_rate": 0.15950920245398773
        }
      },
      "recall_mean": 0.6823449216087253,
      "precision_mean": 0.21540558963871848,
      "threshold_discrimination": 0.030674846625766916,
      "threshold_summary": {
        "threshold_auc": 0.6823449216087253,
        "slope": -0.006134969325153339
      },
      "corr_mean": 0.8996345146235889,
      "corr_score": 0.8996345146235889,
      "smoothness_score": 0.944258841975991,
      "retrieval_score": 0.6273960463531016,
      "forgetting_score": 0.7054490064831358,
      "non_target_mean_storage": 0.29455099351686415,
      "plausibility_score": 0.8996345146235889,
      "overall_score": 0.7227741994662354,
      "composite_score": 0.7227741994662354,
      "mrr_mean": 0.5602363099295614,
      "precision_strict": 0.13646898432174506,
      "precision_lift": 0.0,
      "precision_associative": 0.21540558963871848,
      "similarity_recall_rate": 0.6809815950920245,
      "retention_curve": {
        "40": 1.0,
        "80": 1.0,
        "120": 0.75,
        "160": 0.6818181818181818,
        "200": 0.6809815950920245
      },
      "retention_auc": 0.8225599553820413,
      "selectivity_score": 0.05753237900477165,
      "robustness_score": 0.0
    },
    {
      "tick": 200,
      "recall_rate": 0.6729559748427673,
      "precision_rate": 0.25660377358490566,
      "activation_recall_correlation": 0.9739193920051754,
      "fact_episode_delta": 0.3311926605504587,
      "forgetting_curve_smoothness": 0.10458477519356668,
      "storage_std": 0.1744828998013745,
      "storage_iqr": 0.18039743496168184,
      "storage_gini": 0.27767162199388123,
      "retrieval_std": 0.1680146177908349,
      "retrieval_iqr": 0.18039743496168184,
      "retrieval_gini": 0.2735846551648862,
      "activation_std": 0.1744828998013745,
      "activation_iqr": 0.18039743496168184,
      "activation_gini": 0.27767162199388123,
      "threshold_metrics": {
        "0.1": {
          "recall_rate": 0.6729559748427673,
          "precision_rate": 0.25660377358490566
        },
        "0.2": {
          "recall_rate": 0.6729559748427673,
          "precision_rate": 0.25660377358490566
        },
        "0.3": {
          "recall_rate": 0.6729559748427673,
          "precision_rate": 0.25660377358490566
        },
        "0.4": {
          "recall_rate": 0.6855345911949685,
          "precision_rate": 0.2628930817610063
        },
        "0.5": {
          "recall_rate": 0.6981132075471698,
          "precision_rate": 0.25157232704402516
        },
        "0.6": {
          "recall_rate": 0.6918238993710691,
          "precision_rate": 0.2
        },
        "0.7": {
          "recall_rate": 0.6855345911949685,
          "precision_rate": 0.16981132075471697
        },
        "0.8": {
          "recall_rate": 0.6855345911949685,
          "precision_rate": 0.16352201257861634
        },
        "0.9": {
          "recall_rate": 0.6729559748427673,
          "precision_rate": 0.15723270440251572
        }
      },
      "recall_mean": 0.6820405310971348,
      "precision_mean": 0.2194269741439553,
      "threshold_discrimination": 0.02515723270440251,
      "threshold_summary": {
        "threshold_auc": 0.6820405310971348,
        "slope": 0.0
      },
      "corr_mean": 0.7415058821934861,
      "corr_score": 0.7415058821934861,
      "smoothness_score": 0.0,
      "retrieval_score": 0.6270719776380154,
      "forgetting_score": 0.7057927231172321,
      "non_target_mean_storage": 0.2942072768827679,
      "plausibility_score": 0.7415058821934861,
      "overall_score": 0.6832327146946089,
      "composite_score": 0.6832327146946089,
      "mrr_mean": 0.5598881900768693,
      "precision_strict": 0.13640810621942698,
      "precision_lift": 2.7755575615628914e-17,
      "precision_associative": 0.2194269741439553,
      "similarity_recall_rate": 0.6729559748427673,
      "retention_curve": {
        "40": 0.0,
        "80": 1.0,
        "120": 0.7,
        "160": 0.6689655172413793,
        "200": 0.6729559748427673
      },
      "retention_auc": 0.6083842984168293,
      "selectivity_score": 0.05338923829489867,
      "robustness_score": 0.0
    },
    {
      "tick": 200,
      "recall_rate": 0.6277777777777778,
      "precision_rate": 0.2544444444444444,
      "activation_recall_correlation": 0.9614059441341449,
      "fact_episode_delta": 0.248,
      "forgetting_curve_smoothness": 0.10409423598542038,
      "storage_std": 0.17542036016226803,
      "storage_iqr": 0.18039743496168184,
      "storage_gini": 0.2785489802462068,
      "retrieval_std": 0.16847011834148454,
      "retrieval_iqr": 0.18039743496168184,
      "retrieval_gini": 0.2741475287405048,
      "activation_std": 0.17542036016226803,
      "activation_iqr": 0.18039743496168184,
      "activation_gini": 0.2785489802462068,
      "threshold_metrics": {
        "0.1": {
          "recall_rate": 0.6222222222222222,
          "precision_rate": 0.25333333333333335
        },
        "0.2": {
          "recall_rate": 0.6277777777777778,
          "precision_rate": 0.2544444444444444
        },
        "0.3": {
          "recall_rate": 0.6277777777777778,
          "precision_rate": 0.2544444444444444
        },
        "0.4": {
          "recall_rate": 0.6277777777777778,
          "precision_rate": 0.25555555555555554
        },
        "0.5": {
          "recall_rate": 0.6333333333333333,
          "precision_rate": 0.23
        },
        "0.6": {
          "recall_rate": 0.6277777777777778,
          "precision_rate": 0.19333333333333333
        },
        "0.7": {
          "recall_rate": 0.6166666666666667,
          "precision_rate": 0.17333333333333334
        },
        "0.8": {
          "recall_rate": 0.6166666666666667,
          "precision_rate": 0.1622222222222222
        },
        "0.9": {
          "recall_rate": 0.6166666666666667,
          "precision_rate": 0.16
        }
      },
      "recall_mean": 0.6240740740740741,
      "precision_mean": 0.2151851851851852,
      "threshold_discrimination": 0.016666666666666607,
      "threshold_summary": {
        "threshold_auc": 0.6240740740740741,
        "slope": -0.005555555555555536
      },
      "corr_mean": 0.6333470468559143,