{
  "fold_scores": [
    {
      "tick": 200,
      "recall_rate": 0.5766871165644172,
      "precision_rate": 0.18650306748466258,
      "activation_recall_correlation": 0.7553690126087462,
      "fact_episode_delta": 0.5540489642184557,
      "forgetting_curve_smoothness": 0.006489781962036695,
      "storage_std": 0.2843788182908365,
      "storage_iqr": 0.5142203271756539,
      "storage_gini": 0.5044039521892587,
      "retrieval_std": 0.28724954889305726,
      "retrieval_iqr": 0.5142203271756539,
      "retrieval_gini": 0.5065349037145118,
      "activation_std": 0.2843788182908365,
      "activation_iqr": 0.5142203271756539,
      "activation_gini": 0.5044039521892587,
      "threshold_metrics": {
        "0.1": {
          "recall_rate": 0.5766871165644172,
          "precision_rate": 0.18650306748466258
        },
        "0.2": {
          "recall_rate": 0.5766871165644172,
          "precision_rate": 0.18650306748466258
        },
        "0.3": {
          "recall_rate": 0.5766871165644172,
          "precision_rate": 0.18650306748466258
        },
        "0.4": {
          "recall_rate": 0.5766871165644172,
          "precision_rate": 0.18650306748466258
        },
        "0.5": {
          "recall_rate": 0.5766871165644172,
          "precision_rate": 0.18159509202453988
        },
        "0.6": {
          "recall_rate": 0.5644171779141104,
          "precision_rate": 0.16809815950920245
        },
        "0.7": {
          "recall_rate": 0.3006134969325153,
          "precision_rate": 0.09815950920245399
        },
        "0.8": {
          "recall_rate": 0.2822085889570552,
          "precision_rate": 0.09079754601226994
        },
        "0.9": {
          "recall_rate": 0.024539877300613498,
          "precision_rate": 0.012269938650306749
        }
      },
      "recall_mean": 0.4505794137695978,
      "precision_mean": 0.14410361281526926,
      "threshold_discrimination": 0.5521472392638037,
      "threshold_summary": {
        "threshold_auc": 0.4505794137695978,
        "slope": -0.5521472392638037
      },
      "corr_mean": 0.49426849629414615,
      "corr_score": 0.49426849629414615,
      "smoothness_score": 0.9351021803796331,
      "retrieval_score": 0.2858214042263122,
      "plausibility_score": 0.7146853383368896,
      "overall_score": 0.5002533712816009,
      "composite_score": 0.5002533712816009,
      "mrr_mean": 0.3519654623949102,
      "precision_strict": 0.09011588275391956,
      "precision_lift": 0.0,
      "precision_associative": 0.14410361281526926,
      "similarity_recall_rate": 0.5766871165644172,
      "retention_curve": {
        "40": 1.0,
        "80": 1.0,
        "120": 0.75,
        "160": 0.5584415584415584,
        "200": 0.5766871165644172
      },
      "retention_auc": 0.7770257350011951,
      "selectivity_score": 0.03612815269256986,
      "robustness_score": 0.0,
      "eval_v2_score": 0.3623064341929373
    },
    {
      "tick": 200,
      "recall_rate": 0.5911949685534591,
      "precision_rate": 0.2037735849056604,
      "activation_recall_correlation": 0.71375092392986,
      "fact_episode_delta": 0.5088073394495412,
      "forgetting_curve_smoothness": 0.10779091124697344,
      "storage_std": 0.2844104468206992,
      "storage_iqr": 0.5142203271756539,
      "storage_gini": 0.5046712064490362,
      "retrieval_std": 0.2870684756810073,
      "retrieval_iqr": 0.5142203271756539,
      "retrieval_gini": 0.5066611142012932,
      "activation_std": 0.2844104468206992,
      "activation_iqr": 0.5142203271756539,
      "activation_gini": 0.5046712064490362,
      "threshold_metrics": {
        "0.1": {
          "recall_rate": 0.5911949685534591,
          "precision_rate": 0.2037735849056604
        },
        "0.2": {
          "recall_rate": 0.5911949685534591,
          "precision_rate": 0.2037735849056604
        },
        "0.3": {
          "recall_rate": 0.5911949685534591,
          "precision_rate": 0.2037735849056604
        },
        "0.4": {
          "recall_rate": 0.5911949685534591,
          "precision_rate": 0.2037735849056604
        },
        "0.5": {
          "recall_rate": 0.5911949685534591,
          "precision_rate": 0.19874213836477989
        },
        "0.6": {
          "recall_rate": 0.5911949685534591,
          "precision_rate": 0.17358490566037735
        },
        "0.7": {
          "recall_rate": 0.34591194968553457,
          "precision_rate": 0.11572327044025157
        },
        "0.8": {
          "recall_rate": 0.3270440251572327,
          "precision_rate": 0.1069182389937107
        },
        "0.9": {
          "recall_rate": 0.06289308176100629,
          "precision_rate": 0.01761006289308176
        }
      },
      "recall_mean": 0.47589098532494756,
      "precision_mean": 0.1586303284416492,
      "threshold_discrimination": 0.5283018867924528,
      "threshold_summary": {
        "threshold_auc": 0.47589098532494756,
        "slope": -0.5283018867924528
      },
      "corr_mean": 0.45187209752877283,
      "corr_score": 0.45187209752877283,
      "smoothness_score": 0.0,
      "retrieval_score": 0.29744234800838576,
      "plausibility_score": 0.22593604876438642,
      "overall_score": 0.2616891983863861,
      "composite_score": 0.2616891983863861,
      "mrr_mean": 0.356953179594689,
      "precision_strict": 0.09517819706498952,
      "precision_lift": 1.3877787807814457e-17,
      "precision_associative": 0.1586303284416492,
      "similarity_recall_rate": 0.5911949685534591,
      "retention_curve": {
        "40": 0.0,
        "80": 1.0,
        "120": 0.7,
        "160": 0.5517241379310345,
        "200": 0.5911949685534591
      },
      "retention_auc": 0.5685838212968987,
      "selectivity_score": 0.031726065688329835,
      "robustness_score": 0.0,
      "eval_v2_score": 0.26696684257451986
    },
    {
      "tick": 200,
      "recall_rate": 0.5166666666666667,
      "precision_rate": 0.17333333333333334,
      "activation_recall_correlation": 0.7085412993526673,
      "fact_episode_delta": 0.4603636363636363,
      "forgetting_curve_smoothness": 0.10951984308598035,
      "storage_std": 0.2845403995882958,
      "storage_iqr": 0.5142203271756539,
      "storage_gini": 0.504508760030831,
      "retrieval_std": 0.2871795201572303,
      "retrieval_iqr": 0.5142203271756539,
      "retrieval_gini": 0.506472287791553,
      "activation_std": 0.2845403995882958,
      "activation_iqr": 0.5142203271756539,
      "activation_gini": 0.504508760030831,
      "threshold_metrics": {
        "0.1": {
          "recall_rate": 0.5166666666666667,
          "precision_rate": 0.17333333333333334
        },
        "0.2": {
          "recall_rate": 0.5166666666666667,
          "precision_rate": 0.17333333333333334
        },
        "0.3": {
          "recall_rate": 0.5166666666666667,
          "precision_rate": 0.17333333333333334
        },
        "0.4": {
          "recall_rate": 0.5166666666666667,
          "precision_rate": 0.17333333333333334
        },
        "0.5": {
          "recall_rate": 0.5166666666666667,
          "precision_rate": 0.17
        },
        "0.6": {
          "recall_rate": 0.5166666666666667,
          "precision_rate": 0.15888888888888889
        },
        "0.7": {
          "recall_rate": 0.29444444444444445,
          "precision_rate": 0.10333333333333333
        },
        "0.8": {
          "recall_rate": 0.2833333333333333,
          "precision_rate": 0.09777777777777778
        },
        "0.9": {
          "recall_rate": 0.022222222222222223,
          "precision_rate": 0.01
        }
      },
      "recall_mean": 0.41111111111111115,
      "precision_mean": 0.13703703703703704,
      "threshold_discrimination": 0.4944444444444445,
      "threshold_summary": {
        "threshold_auc": 0.41111111111111115,
        "slope": -0.4944444444444445
      },
      "corr_mean": 0.4950876196552303,
      "corr_score": 0.4950876196552303,
      "smoothness_score": 0.0,