{
  "fold_scores": [
    {
      "tick": 200,
      "recall_rate": 0.44785276073619634,
      "precision_rate": 0.14846625766871166,
      "activation_recall_correlation": 0.7890629684177437,
      "fact_episode_delta": 0.732015065913371,
      "forgetting_curve_smoothness": 0.014093168837763978,
      "storage_std": 0.2845482194111441,
      "storage_iqr": 0.5142203271756539,
      "storage_gini": 0.5051959063359007,
      "retrieval_std": 0.28650008369564944,
      "retrieval_iqr": 0.5142203271756539,
      "retrieval_gini": 0.5066037802933447,
      "activation_std": 0.2845482194111441,
      "activation_iqr": 0.5142203271756539,
      "activation_gini": 0.5051959063359007,
      "threshold_metrics": {
        "0.1": {
          "recall_rate": 0.44785276073619634,
          "precision_rate": 0.14846625766871166
        },
        "0.2": {
          "recall_rate": 0.44785276073619634,
          "precision_rate": 0.14846625766871166
        },
        "0.3": {
          "recall_rate": 0.44785276073619634,
          "precision_rate": 0.14846625766871166
        },
        "0.4": {
          "recall_rate": 0.44785276073619634,
          "precision_rate": 0.14846625766871166
        },
        "0.5": {
          "recall_rate": 0.44171779141104295,
          "precision_rate": 0.1423312883435583
        },
        "0.6": {
          "recall_rate": 0.38650306748466257,
          "precision_rate": 0.12147239263803682
        },
        "0.7": {
          "recall_rate": 0.3128834355828221,
          "precision_rate": 0.09938650306748466
        },
        "0.8": {
          "recall_rate": 0.2822085889570552,
          "precision_rate": 0.08957055214723926
        },
        "0.9": {
          "recall_rate": 0.17177914110429449,
          "precision_rate": 0.044171779141104296
        }
      },
      "recall_mean": 0.37627811860940696,
      "precision_mean": 0.12119972733469668,
      "threshold_discrimination": 0.27607361963190186,
      "threshold_summary": {
        "threshold_auc": 0.37627811860940696,
        "slope": -0.27607361963190186
      },
      "corr_mean": 0.5015880060760206,
      "corr_score": 0.5015880060760206,
      "smoothness_score": 0.8590683116223602,
      "retrieval_score": 0.24038513974096798,
      "plausibility_score": 0.6803281588491904,
      "overall_score": 0.4603566492950792,
      "composite_score": 0.4603566492950792,
      "mrr_mean": 0.2995796409906839,
      "precision_strict": 0.0752556237218814,
      "precision_lift": 0.0,
      "precision_associative": 0.12119972733469668,
      "similarity_recall_rate": 0.44785276073619634,
      "retention_curve": {
        "40": 1.0,
        "80": 1.0,
        "120": 0.625,
        "160": 0.5324675324675324,
        "200": 0.44785276073619634
      },
      "retention_auc": 0.7210640586407457,
      "selectivity_score": 0.02931152010906611,
      "robustness_score": 0.0,
      "eval_v2_score": 0.3347378584265087
    },
    {
      "tick": 200,
      "recall_rate": 0.4591194968553459,
      "precision_rate": 0.1710691823899371,
      "activation_recall_correlation": 0.7433367512849504,
      "fact_episode_delta": 0.6722935779816515,
      "forgetting_curve_smoothness": 0.1175799617404217,
      "storage_std": 0.2843143437695197,
      "storage_iqr": 0.5142203271756539,
      "storage_gini": 0.5051493589923431,
      "retrieval_std": 0.2860221702135305,
      "retrieval_iqr": 0.5142203271756539,
      "retrieval_gini": 0.5063989302630633,
      "activation_std": 0.2843143437695197,
      "activation_iqr": 0.5142203271756539,
      "activation_gini": 0.5051493589923431,
      "threshold_metrics": {
        "0.1": {
          "recall_rate": 0.4591194968553459,
          "precision_rate": 0.1710691823899371
        },
        "0.2": {
          "recall_rate": 0.4591194968553459,
          "precision_rate": 0.1710691823899371
        },
        "0.3": {
          "recall_rate": 0.4591194968553459,
          "precision_rate": 0.1710691823899371
        },
        "0.4": {
          "recall_rate": 0.4591194968553459,
          "precision_rate": 0.1710691823899371
        },
        "0.5": {
          "recall_rate": 0.4591194968553459,
          "precision_rate": 0.1660377358490566
        },
        "0.6": {
          "recall_rate": 0.4025157232704403,
          "precision_rate": 0.12955974842767295
        },
        "0.7": {
          "recall_rate": 0.3333333333333333,
          "precision_rate": 0.1119496855345912
        },
        "0.8": {
          "recall_rate": 0.3081761006289308,
          "precision_rate": 0.1018867924528302
        },
        "0.9": {
          "recall_rate": 0.16981132075471697,
          "precision_rate": 0.04150943396226415
        }
      },
      "recall_mean": 0.389937106918239,
      "precision_mean": 0.13724668064290704,
      "threshold_discrimination": 0.289308176100629,
      "threshold_summary": {
        "threshold_auc": 0.389937106918239,
        "slope": -0.289308176100629
      },
      "corr_mean": 0.5087488981082169,
      "corr_score": 0.5087488981082169,
      "smoothness_score": 0.0,
      "retrieval_score": 0.24329839273235504,
      "plausibility_score": 0.25437444905410844,
      "overall_score": 0.24883642089323174,
      "composite_score": 0.24883642089323174,
      "mrr_mean": 0.29107849988353135,
      "precision_strict": 0.0779874213836478,
      "precision_lift": 0.0,
      "precision_associative": 0.13724668064290704,
      "similarity_recall_rate": 0.4591194968553459,
      "retention_curve": {
        "40": 0.0,
        "80": 1.0,
        "120": 0.6,
        "160": 0.5448275862068965,
        "200": 0.4591194968553459
      },
      "retention_auc": 0.5207894166124485,
      "selectivity_score": 0.018728162124388548,
      "robustness_score": 0.0,
      "eval_v2_score": 0.2409100942191378
    },
    {
      "tick": 200,
      "recall_rate": 0.4111111111111111,
      "precision_rate": 0.14555555555555555,
      "activation_recall_correlation": 0.7382617811309004,
      "fact_episode_delta": 0.6123636363636363,
      "forgetting_curve_smoothness": 0.11983334855317426,
      "storage_std": 0.2845211240252978,
      "storage_iqr": 0.5142203271756539,
      "storage_gini": 0.5050975395040768,
      "retrieval_std": 0.28615230336558833,
      "retrieval_iqr": 0.5142203271756539,
      "retrieval_gini": 0.5062899612731349,
      "activation_std": 0.2845211240252978,
      "activation_iqr": 0.5142203271756539,
      "activation_gini": 0.5050975395040768,
      "threshold_metrics": {
        "0.1": {
          "recall_rate": 0.4111111111111111,
          "precision_rate": 0.14555555555555555
        },
        "0.2": {
          "recall_rate": 0.4111111111111111,
          "precision_rate": 0.14555555555555555
        },
        "0.3": {
          "recall_rate": 0.4111111111111111,
          "precision_rate": 0.14555555555555555
        },
        "0.4": {
          "recall_rate": 0.4111111111111111,
          "precision_rate": 0.14555555555555555
        },
        "0.5": {
          "recall_rate": 0.40555555555555556,
          "precision_rate": 0.1411111111111111
        },
        "0.6": {
          "recall_rate": 0.3611111111111111,
          "precision_rate": 0.11777777777777777
        },
        "0.7": {
          "recall_rate": 0.28888888888888886,
          "precision_rate": 0.10222222222222223
        },
        "0.8": {
          "recall_rate": 0.2611111111111111,
          "precision_rate": 0.09222222222222222
        },
        "0.9": {
          "recall_rate": 0.13333333333333333,
          "precision_rate": 0.035555555555555556
        }
      },
      "recall_mean": 0.34382716049382717,
      "precision_mean": 0.11901234567901235,
      "threshold_discrimination": 0.2777777777777778,
      "threshold_summary": {
        "threshold_auc": 0.34382716049382717,
        "slope": -0.2777777777777778
      },
      "corr_mean": 0.5186105746867983,
      "corr_score": 0.5186105746867983,
      "smoothness_score": 0.0,