{
  "0251": {
    "fold_scores": [
      {
        "tick": 200,
        "recall_rate": 0.7239263803680982,
        "precision_rate": 0.23803680981595093,
        "activation_recall_correlation": 0.9879343116721705,
        "fact_episode_delta": 0.35065913370998114,
        "forgetting_curve_smoothness": 0.0022030795726870915,
        "storage_std": 0.20231930103721352,
        "storage_iqr": 0.21250017675772861,
        "storage_gini": 0.2702503420714537,
        "retrieval_std": 0.20229456057504275,
        "retrieval_iqr": 0.21250017675772861,
        "retrieval_gini": 0.27023527518063545,
        "activation_std": 0.20231930103721352,
        "activation_iqr": 0.21250017675772861,
        "activation_gini": 0.2702503420714537,
        "threshold_metrics": {
          "0.1": {
            "recall_rate": 0.7239263803680982,
            "precision_rate": 0.23803680981595093
          },
          "0.2": {
            "recall_rate": 0.7239263803680982,
            "precision_rate": 0.23803680981595093
          },
          "0.3": {
            "recall_rate": 0.7239263803680982,
            "precision_rate": 0.23803680981595093
          },
          "0.4": {
            "recall_rate": 0.7239263803680982,
            "precision_rate": 0.23803680981595093
          },
          "0.5": {
            "recall_rate": 0.7239263803680982,
            "precision_rate": 0.2392638036809816
          },
          "0.6": {
            "recall_rate": 0.7239263803680982,
            "precision_rate": 0.2392638036809816
          },
          "0.7": {
            "recall_rate": 0.7300613496932515,
            "precision_rate": 0.2049079754601227
          },
          "0.8": {
            "recall_rate": 0.7239263803680982,
            "precision_rate": 0.19877300613496932
          },
          "0.9": {
            "recall_rate": 0.7177914110429447,
            "precision_rate": 0.17423312883435582
          }
        },
        "recall_mean": 0.7239263803680981,
        "precision_mean": 0.22317655078391274,
        "threshold_discrimination": 0.012269938650306789,
        "threshold_summary": {
          "threshold_auc": 0.7239263803680981,
          "slope": -0.00613496932515345
        },
        "corr_mean": 0.848601430780691,
        "corr_score": 0.848601430780691,
        "smoothness_score": 0.9779692042731291,
        "retrieval_score": 0.6700051124744376,
        "forgetting_score": 0.6313655641354194,
        "non_target_mean_storage": 0.36863443586458056,
        "plausibility_score": 0.848601430780691,
        "overall_score": 0.7011303501323446,
        "composite_score": 0.7011303501323446,
        "mrr_mean": 0.6041013406044081,
        "precision_strict": 0.14478527607361963,
        "precision_lift": 0.0,
        "precision_associative": 0.22317655078391274,
        "similarity_recall_rate": 0.7239263803680982,
        "retention_curve": {
          "40": 1.0,
          "80": 1.0,
          "120": 0.875,
          "160": 0.7142857142857143,
          "200": 0.7239263803680982
        },
        "retention_auc": 0.8626424189307625,
        "selectivity_score": 0.06639400136332652,
        "robustness_score": 0.0
      },
      {
        "tick": 200,
        "recall_rate": 0.6855345911949685,
        "precision_rate": 0.24150943396226415,
        "activation_recall_correlation": 0.948147896679395,
        "fact_episode_delta": 0.37119266055045863,
        "forgetting_curve_smoothness": 0.10480474159610578,
        "storage_std": 0.2010062840587284,
        "storage_iqr": 0.21250017675772861,
        "storage_gini": 0.26935682931451493,
        "retrieval_std": 0.2010062840587284,
        "retrieval_iqr": 0.21250017675772861,
        "retrieval_gini": 0.26935682931451493,
        "activation_std": 0.2010062840587284,
        "activation_iqr": 0.21250017675772861,
        "activation_gini": 0.26935682931451493,
        "threshold_metrics": {
          "0.1": {
            "recall_rate": 0.6855345911949685,
            "precision_rate": 0.24150943396226415
          },
          "0.2": {
            "recall_rate": 0.6855345911949685,
            "precision_rate": 0.24150943396226415
          },
          "0.3": {
            "recall_rate": 0.6855345911949685,
            "precision_rate": 0.24150943396226415
          },
          "0.4": {
            "recall_rate": 0.6855345911949685,
            "precision_rate": 0.24150943396226415
          },
          "0.5": {
            "recall_rate": 0.6855345911949685,
            "precision_rate": 0.24150943396226415
          },
          "0.6": {
            "recall_rate": 0.6855345911949685,
            "precision_rate": 0.24150943396226415
          },
          "0.7": {
            "recall_rate": 0.6918238993710691,
            "precision_rate": 0.2
          },
          "0.8": {
            "recall_rate": 0.6855345911949685,
            "precision_rate": 0.189937106918239
          },
          "0.9": {
            "recall_rate": 0.6792452830188679,
            "precision_rate": 0.15974842767295597
          }
        },
        "recall_mean": 0.6855345911949686,
        "precision_mean": 0.22208245981830887,
        "threshold_discrimination": 0.012578616352201255,
        "threshold_summary": {
          "threshold_auc": 0.6855345911949686,
          "slope": -0.0062893081761006275
        },
        "corr_mean": 0.8430068194637497,
        "corr_score": 0.8430068194637497,
        "smoothness_score": 0.0,
        "retrieval_score": 0.6345283018867925,
        "forgetting_score": 0.6317061686252308,
        "non_target_mean_storage": 0.3682938313747693,
        "plausibility_score": 0.8430068194637497,
        "overall_score": 0.6856601846394852,
        "composite_score": 0.6856601846394852,
        "mrr_mean": 0.5721872816212439,
        "precision_strict": 0.1371069182389937,
        "precision_lift": 0.0,
        "precision_associative": 0.22208245981830887,
        "similarity_recall_rate": 0.6855345911949685,
        "retention_curve": {
          "40": 0.0,
          "80": 1.0,
          "120": 0.7,
          "160": 0.6689655172413793,
          "200": 0.6855345911949685
        },
        "retention_auc": 0.6109000216872695,
        "selectivity_score": 0.05213137665967854,
        "robustness_score": 0.0
      },
      {
        "tick": 200,
        "recall_rate": 0.6555555555555556,
        "precision_rate": 0.2477777777777778,
        "activation_recall_correlation": 0.9697394338570418,
        "fact_episode_delta": 0.31272727272727263,
        "forgetting_curve_smoothness": 0.10028108827499813,
        "storage_std": 0.20256606609623182,
        "storage_iqr": 0.21250017675772861,
        "storage_gini": 0.2705275696365672,
        "retrieval_std": 0.20252220307803206,
        "retrieval_iqr": 0.21250017675772861,
        "retrieval_gini": 0.2705007478692487,
        "activation_std": 0.20256606609623182,
        "activation_iqr": 0.21250017675772861,
        "activation_gini": 0.2705275696365672,
        "threshold_metrics": {
          "0.1": {
            "recall_rate": 0.6555555555555556,
            "precision_rate": 0.2477777777777778
          },
          "0.2": {
            "recall_rate": 0.6555555555555556,
            "precision_rate": 0.2477777777777778
          },
          "0.3": {
            "recall_rate": 0.6555555555555556,
            "precision_rate": 0.2477777777777778
          },
          "0.4": {
            "recall_rate": 0.6555555555555556,
            "precision_rate": 0.2477777777777778
          },
          "0.5": {
            "recall_rate": 0.6555555555555556,
            "precision_rate": 0.2477777777777778
          },
          "0.6": {
            "recall_rate": 0.6555555555555556,
            "precision_rate": 0.2477777777777778
          },
          "0.7": {
            "recall_rate": 0.6611111111111111,
            "precision_rate": 0.21
          },
          "0.8": {
            "recall_rate": 0.6555555555555556,