{
  "fold_scores": [
    {
      "tick": 200,
      "recall_rate": 0.6871165644171779,
      "precision_rate": 0.2687116564417178,
      "activation_recall_correlation": 0.955884129827677,
      "fact_episode_delta": 0.3401129943502825,
      "forgetting_curve_smoothness": 0.003949818556085562,
      "storage_std": 0.20694238098362774,
      "storage_iqr": 0.299746874601266,
      "storage_gini": 0.2188067653577934,
      "retrieval_std": 0.20690929480570594,
      "retrieval_iqr": 0.299746874601266,
      "retrieval_gini": 0.21878505946652577,
      "activation_std": 0.20694238098362774,
      "activation_iqr": 0.299746874601266,
      "activation_gini": 0.2188067653577934,
      "threshold_metrics": {
        "0.1": {
          "recall_rate": 0.6871165644171779,
          "precision_rate": 0.2687116564417178
        },
        "0.2": {
          "recall_rate": 0.6871165644171779,
          "precision_rate": 0.2687116564417178
        },
        "0.3": {
          "recall_rate": 0.6871165644171779,
          "precision_rate": 0.2687116564417178
        },
        "0.4": {
          "recall_rate": 0.6871165644171779,
          "precision_rate": 0.2687116564417178
        },
        "0.5": {
          "recall_rate": 0.6871165644171779,
          "precision_rate": 0.2687116564417178
        },
        "0.6": {
          "recall_rate": 0.6932515337423313,
          "precision_rate": 0.27116564417177913
        },
        "0.7": {
          "recall_rate": 0.7239263803680982,
          "precision_rate": 0.2871165644171779
        },
        "0.8": {
          "recall_rate": 0.7361963190184049,
          "precision_rate": 0.21717791411042944
        },
        "0.9": {
          "recall_rate": 0.7055214723926381,
          "precision_rate": 0.19631901840490798
        }
      },
      "recall_mean": 0.6993865030674846,
      "precision_mean": 0.25725971370143147,
      "threshold_discrimination": 0.04907975460122693,
      "threshold_summary": {
        "threshold_auc": 0.6993865030674846,
        "slope": 0.018404907975460127
      },
      "corr_mean": 0.8754282392605539,
      "corr_score": 0.8754282392605539,
      "smoothness_score": 0.9605018144391444,
      "retrieval_score": 0.4388445807770961,
      "plausibility_score": 0.9179650268498492,
      "overall_score": 0.6784048038134727,
      "composite_score": 0.6784048038134727,
      "mrr_mean": 0.5302999318336742,
      "precision_strict": 0.13987730061349696,
      "precision_lift": 2.7755575615628914e-17,
      "precision_associative": 0.25725971370143147,
      "similarity_recall_rate": 0.6871165644171779,
      "retention_curve": {
        "40": 1.0,
        "80": 1.0,
        "120": 0.8125,
        "160": 0.6623376623376623,
        "200": 0.6871165644171779
      },
      "retention_auc": 0.8323908453509681,
      "selectivity_score": 0.022494887525562446,
      "robustness_score": 0.0,
      "eval_v2_score": 0.3824490910418825
    },
    {
      "tick": 200,
      "recall_rate": 0.6540880503144654,
      "precision_rate": 0.2591194968553459,
      "activation_recall_correlation": 0.9193962511915221,
      "fact_episode_delta": 0.30036697247706423,
      "forgetting_curve_smoothness": 0.10127474912143539,
      "storage_std": 0.2059998272736415,
      "storage_iqr": 0.299746874601266,
      "storage_gini": 0.21815541299127314,
      "retrieval_std": 0.20596726171815613,
      "retrieval_iqr": 0.299746874601266,
      "retrieval_gini": 0.21813406112112035,
      "activation_std": 0.2059998272736415,
      "activation_iqr": 0.299746874601266,
      "activation_gini": 0.21815541299127314,
      "threshold_metrics": {
        "0.1": {
          "recall_rate": 0.6540880503144654,
          "precision_rate": 0.2591194968553459
        },
        "0.2": {
          "recall_rate": 0.6540880503144654,
          "precision_rate": 0.2591194968553459
        },
        "0.3": {
          "recall_rate": 0.6540880503144654,
          "precision_rate": 0.2591194968553459
        },
        "0.4": {
          "recall_rate": 0.6540880503144654,
          "precision_rate": 0.2591194968553459
        },
        "0.5": {
          "recall_rate": 0.6540880503144654,
          "precision_rate": 0.2591194968553459
        },
        "0.6": {
          "recall_rate": 0.6540880503144654,
          "precision_rate": 0.2591194968553459
        },
        "0.7": {
          "recall_rate": 0.6666666666666666,
          "precision_rate": 0.2691823899371069
        },
        "0.8": {
          "recall_rate": 0.710691823899371,
          "precision_rate": 0.21635220125786164
        },
        "0.9": {
          "recall_rate": 0.6792452830188679,
          "precision_rate": 0.18867924528301888
        }
      },
      "recall_mean": 0.6645702306079664,
      "precision_mean": 0.24765897973445142,
      "threshold_discrimination": 0.05660377358490565,
      "threshold_summary": {
        "threshold_auc": 0.6645702306079664,
        "slope": 0.02515723270440251
      },
      "corr_mean": 0.8601871861176791,
      "corr_score": 0.8601871861176791,
      "smoothness_score": 0.0,
      "retrieval_score": 0.41259259259259257,
      "plausibility_score": 0.43009359305883954,
      "overall_score": 0.421343092825716,
      "composite_score": 0.421343092825716,
      "mrr_mean": 0.48921500116468675,
      "precision_strict": 0.1329140461215933,
      "precision_lift": 2.7755575615628914e-17,
      "precision_associative": 0.24765897973445142,
      "similarity_recall_rate": 0.6540880503144654,
      "retention_curve": {
        "40": 0.0,
        "80": 1.0,
        "120": 0.8,
        "160": 0.6344827586206897,
        "200": 0.6540880503144654
      },
      "retention_auc": 0.617714161787031,
      "selectivity_score": 0.01816911250873518,
      "robustness_score": 0.0,
      "eval_v2_score": 0.28433056218222125
    },
    {
      "tick": 200,
      "recall_rate": 0.6111111111111112,
      "precision_rate": 0.26666666666666666,
      "activation_recall_correlation": 0.9239849857517447,
      "fact_episode_delta": 0.19345454545454543,
      "forgetting_curve_smoothness": 0.10845955557429257,
      "storage_std": 0.2064248353057398,
      "storage_iqr": 0.299746874601266,
      "storage_gini": 0.21845077429840512,
      "retrieval_std": 0.20638851904601774,
      "retrieval_iqr": 0.299746874601266,
      "retrieval_gini": 0.218427136533996,
      "activation_std": 0.2064248353057398,
      "activation_iqr": 0.299746874601266,
      "activation_gini": 0.21845077429840512,
      "threshold_metrics": {
        "0.1": {
          "recall_rate": 0.6111111111111112,
          "precision_rate": 0.26666666666666666
        },
        "0.2": {
          "recall_rate": 0.6111111111111112,
          "precision_rate": 0.26666666666666666
        },
        "0.3": {
          "recall_rate": 0.6111111111111112,
          "precision_rate": 0.26666666666666666
        },
        "0.4": {
          "recall_rate": 0.6111111111111112,
          "precision_rate": 0.26666666666666666
        },
        "0.5": {
          "recall_rate": 0.6111111111111112,
          "precision_rate": 0.26666666666666666
        },
        "0.6": {
          "recall_rate": 0.6166666666666667,
          "precision_rate": 0.2677777777777778
        },
        "0.7": {
          "recall_rate": 0.6277777777777778,
          "precision_rate": 0.27444444444444444
        },
        "0.8": {
          "recall_rate": 0.65,
          "precision_rate": 0.20555555555555555
        },
        "0.9": {
          "recall_rate": 0.6388888888888888,
          "precision_rate": 0.19444444444444445
        }
      },
      "recall_mean": 0.6209876543209876,
      "precision_mean": 0.25283950617283957,
      "threshold_discrimination": 0.03888888888888886,
      "threshold_summary": {
        "threshold_auc": 0.6209876543209876,
        "slope": 0.02777777777777768
      },
      "corr_mean": 0.8892031561652102,
      "corr_score": 0.8892031561652102,
      "smoothness_score": 0.0,