{
  "fold_scores": [
    {
      "tick": 200,
      "recall_rate": 0.7116564417177914,
      "precision_rate": 0.2294478527607362,
      "activation_recall_correlation": 0.972694495612714,
      "fact_episode_delta": 0.367608286252354,
      "forgetting_curve_smoothness": 0.0032665731714322374,
      "storage_std": 0.20227332892746974,
      "storage_iqr": 0.21250017675772861,
      "storage_gini": 0.27023014853605404,
      "retrieval_std": 0.20224858244027186,
      "retrieval_iqr": 0.21250017675772861,
      "retrieval_gini": 0.27021507106249437,
      "activation_std": 0.20227332892746974,
      "activation_iqr": 0.21250017675772861,
      "activation_gini": 0.27023014853605404,
      "threshold_metrics": {
        "0.1": {
          "recall_rate": 0.7116564417177914,
          "precision_rate": 0.2294478527607362
        },
        "0.2": {
          "recall_rate": 0.7116564417177914,
          "precision_rate": 0.2294478527607362
        },
        "0.3": {
          "recall_rate": 0.7116564417177914,
          "precision_rate": 0.2294478527607362
        },
        "0.4": {
          "recall_rate": 0.7116564417177914,
          "precision_rate": 0.2294478527607362
        },
        "0.5": {
          "recall_rate": 0.7116564417177914,
          "precision_rate": 0.2294478527607362
        },
        "0.6": {
          "recall_rate": 0.7116564417177914,
          "precision_rate": 0.2294478527607362
        },
        "0.7": {
          "recall_rate": 0.7116564417177914,
          "precision_rate": 0.20122699386503068
        },
        "0.8": {
          "recall_rate": 0.7116564417177914,
          "precision_rate": 0.19263803680981595
        },
        "0.9": {
          "recall_rate": 0.7055214723926381,
          "precision_rate": 0.1705521472392638
        }
      },
      "recall_mean": 0.710974778459441,
      "precision_mean": 0.2156782549420586,
      "threshold_discrimination": 0.006134969325153339,
      "threshold_summary": {
        "threshold_auc": 0.710974778459441,
        "slope": -0.006134969325153339
      },
      "corr_mean": 0.9209758541839277,
      "corr_score": 0.9209758541839277,
      "smoothness_score": 0.9673342682856776,
      "retrieval_score": 0.6576772324471711,
      "forgetting_score": 0.6313039619839016,
      "non_target_mean_storage": 0.36869603801609835,
      "plausibility_score": 0.9209758541839277,
      "overall_score": 0.714271243219216,
      "composite_score": 0.714271243219216,
      "mrr_mean": 0.5925357873210635,
      "precision_strict": 0.14219495569188823,
      "precision_lift": 2.7755575615628914e-17,
      "precision_associative": 0.2156782549420586,
      "similarity_recall_rate": 0.7116564417177914,
      "retention_curve": {
        "40": 1.0,
        "80": 1.0,
        "120": 0.8125,
        "160": 0.7077922077922078,
        "200": 0.7116564417177914
      },
      "retention_auc": 0.8463897299019999,
      "selectivity_score": 0.06871165644171784,
      "robustness_score": 0.0
    },
    {
      "tick": 200,
      "recall_rate": 0.6792452830188679,
      "precision_rate": 0.24528301886792453,
      "activation_recall_correlation": 0.961042884038467,
      "fact_episode_delta": 0.3803669724770642,
      "forgetting_curve_smoothness": 0.10012826391418883,
      "storage_std": 0.2008481496410128,
      "storage_iqr": 0.21250017675772861,
      "storage_gini": 0.2692255267127796,
      "retrieval_std": 0.2008481496410128,
      "retrieval_iqr": 0.21250017675772861,
      "retrieval_gini": 0.2692255267127796,
      "activation_std": 0.2008481496410128,
      "activation_iqr": 0.21250017675772861,
      "activation_gini": 0.2692255267127796,
      "threshold_metrics": {
        "0.1": {
          "recall_rate": 0.6792452830188679,
          "precision_rate": 0.24528301886792453
        },
        "0.2": {
          "recall_rate": 0.6792452830188679,
          "precision_rate": 0.24528301886792453
        },
        "0.3": {
          "recall_rate": 0.6792452830188679,
          "precision_rate": 0.24528301886792453
        },
        "0.4": {
          "recall_rate": 0.6792452830188679,
          "precision_rate": 0.24528301886792453
        },
        "0.5": {
          "recall_rate": 0.6792452830188679,
          "precision_rate": 0.24528301886792453
        },
        "0.6": {
          "recall_rate": 0.6792452830188679,
          "precision_rate": 0.24528301886792453
        },
        "0.7": {
          "recall_rate": 0.6792452830188679,
          "precision_rate": 0.2
        },
        "0.8": {
          "recall_rate": 0.6792452830188679,
          "precision_rate": 0.19119496855345913
        },
        "0.9": {
          "recall_rate": 0.6855345911949685,
          "precision_rate": 0.16226415094339622
        }
      },
      "recall_mean": 0.6799440950384346,
      "precision_mean": 0.22501747030048916,
      "threshold_discrimination": 0.0062893081761006275,
      "threshold_summary": {
        "threshold_auc": 0.6799440950384346,
        "slope": 0.0062893081761006275
      },
      "corr_mean": 0.8801656978711019,
      "corr_score": 0.8801656978711019,
      "smoothness_score": 0.0,
      "retrieval_score": 0.6319252271139063,
      "forgetting_score": 0.6317142351087555,
      "non_target_mean_storage": 0.3682857648912445,
      "plausibility_score": 0.8801656978711019,
      "overall_score": 0.6939114976014025,
      "composite_score": 0.6939114976014025,
      "mrr_mean": 0.573235499650594,
      "precision_strict": 0.13598881900768692,
      "precision_lift": 0.0,
      "precision_associative": 0.22501747030048916,
      "similarity_recall_rate": 0.6792452830188679,
      "retention_curve": {
        "40": 0.0,
        "80": 1.0,
        "120": 0.8,
        "160": 0.6827586206896552,
        "200": 0.6792452830188679
      },
      "retention_auc": 0.6324007807417046,
      "selectivity_score": 0.046960167714884676,
      "robustness_score": 0.0
    },
    {
      "tick": 200,
      "recall_rate": 0.6388888888888888,
      "precision_rate": 0.23222222222222222,
      "activation_recall_correlation": 0.9762689435373245,
      "fact_episode_delta": 0.33672727272727265,
      "forgetting_curve_smoothness": 0.10225901172539087,
      "storage_std": 0.20204919302886531,
      "storage_iqr": 0.21250017675772861,
      "storage_gini": 0.2701539714651786,
      "retrieval_std": 0.2020058898018152,
      "retrieval_iqr": 0.21250017675772861,
      "retrieval_gini": 0.27012769249383023,
      "activation_std": 0.20204919302886531,
      "activation_iqr": 0.21250017675772861,
      "activation_gini": 0.2701539714651786,
      "threshold_metrics": {
        "0.1": {
          "recall_rate": 0.6388888888888888,
          "precision_rate": 0.23222222222222222
        },
        "0.2": {
          "recall_rate": 0.6388888888888888,
          "precision_rate": 0.23222222222222222
        },
        "0.3": {
          "recall_rate": 0.6388888888888888,
          "precision_rate": 0.23222222222222222
        },
        "0.4": {
          "recall_rate": 0.6388888888888888,
          "precision_rate": 0.23222222222222222
        },
        "0.5": {
          "recall_rate": 0.6388888888888888,
          "precision_rate": 0.23222222222222222
        },
        "0.6": {
          "recall_rate": 0.6388888888888888,
          "precision_rate": 0.23222222222222222
        },
        "0.7": {
          "recall_rate": 0.6444444444444445,
          "precision_rate": 0.20333333333333334
        },
        "0.8": {
          "recall_rate": 0.6388888888888888,
          "precision_rate": 0.19777777777777777
        },
        "0.9": {
          "recall_rate": 0.6388888888888888,
          "precision_rate": 0.1711111111111111
        }
      },
      "recall_mean": 0.6395061728395061,
      "precision_mean": 0.21839506172839507,
      "threshold_discrimination": 0.005555555555555647,
      "threshold_summary": {
        "threshold_auc": 0.6395061728395061,
        "slope": 0.0
      },