{
  "lambda_fact": 0.01152041244720621,
  "lambda_episode": 0.035,
  "beta_fact": 0.13813810951187572,
  "beta_episode": 0.12,
  "alpha": 0.044695829157105516,
  "stability_weight": 0.4372759496072067,
  "stability_decay": 0.05053552881033624,
  "reinforcement_gain_direct": 0.06194118635773863,
  "reinforcement_gain_assoc": 0.05,
  "stability_cap": 0.7982564760299727
}