{
  "fold_scores": [
    {
      "tick": 200,
      "recall_rate": 0.6687116564417178,
      "precision_rate": 0.24539877300613497,
      "activation_recall_correlation": 0.9652131885161648,
      "fact_episode_delta": 0.3655367231638418,
      "forgetting_curve_smoothness": 0.0042689327862370525,
      "storage_std": 0.27331823179110787,
      "storage_iqr": 0.47982501024968427,
      "storage_gini": 0.32668993471245467,
      "retrieval_std": 0.2732769931420263,
      "retrieval_iqr": 0.47982501024968427,
      "retrieval_gini": 0.32665978475164054,
      "activation_std": 0.27331823179110787,
      "activation_iqr": 0.47982501024968427,
      "activation_gini": 0.32668993471245467,
      "threshold_metrics": {
        "0.1": {
          "recall_rate": 0.6687116564417178,
          "precision_rate": 0.24539877300613497
        },
        "0.2": {
          "recall_rate": 0.6687116564417178,
          "precision_rate": 0.24539877300613497
        },
        "0.3": {
          "recall_rate": 0.6687116564417178,
          "precision_rate": 0.24539877300613497
        },
        "0.4": {
          "recall_rate": 0.6687116564417178,
          "precision_rate": 0.24539877300613497
        },
        "0.5": {
          "recall_rate": 0.6687116564417178,
          "precision_rate": 0.24539877300613497
        },
        "0.6": {
          "recall_rate": 0.6687116564417178,
          "precision_rate": 0.23803680981595093
        },
        "0.7": {
          "recall_rate": 0.6809815950920245,
          "precision_rate": 0.19386503067484662
        },
        "0.8": {
          "recall_rate": 0.6809815950920245,
          "precision_rate": 0.19263803680981595
        },
        "0.9": {
          "recall_rate": 0.6687116564417178,
          "precision_rate": 0.1668711656441718
        }
      },
      "recall_mean": 0.6714383094751193,
      "precision_mean": 0.22426721199727334,
      "threshold_discrimination": 0.012269938650306678,
      "threshold_summary": {
        "threshold_auc": 0.6714383094751193,
        "slope": 0.0
      },
      "corr_mean": 0.8169180079743872,
      "corr_score": 0.8169180079743872,
      "smoothness_score": 0.9573106721376294,
      "retrieval_score": 0.43050783912747104,
      "plausibility_score": 0.8871143400560083,
      "overall_score": 0.6588110895917396,
      "composite_score": 0.6588110895917396,
      "mrr_mean": 0.5397750511247444,
      "precision_strict": 0.13428766189502386,
      "precision_lift": 0.0,
      "precision_associative": 0.22426721199727334,
      "similarity_recall_rate": 0.6687116564417178,
      "retention_curve": {
        "40": 1.0,
        "80": 1.0,
        "120": 0.8125,
        "160": 0.6428571428571429,
        "200": 0.6687116564417178
      },
      "retention_auc": 0.824813759859772,
      "selectivity_score": 0.044308111792774385,
      "robustness_score": 0.0,
      "eval_v2_score": 0.3866740310643685
    },
    {
      "tick": 200,
      "recall_rate": 0.6226415094339622,
      "precision_rate": 0.23773584905660378,
      "activation_recall_correlation": 0.9107098624978376,
      "fact_episode_delta": 0.28788990825688066,
      "forgetting_curve_smoothness": 0.1067256565761124,
      "storage_std": 0.27248751376271657,
      "storage_iqr": 0.47982501024968427,
      "storage_gini": 0.32644454037203036,
      "retrieval_std": 0.2724297965502257,
      "retrieval_iqr": 0.47982501024968427,
      "retrieval_gini": 0.32639971299489984,
      "activation_std": 0.27248751376271657,
      "activation_iqr": 0.47982501024968427,
      "activation_gini": 0.32644454037203036,
      "threshold_metrics": {
        "0.1": {
          "recall_rate": 0.6226415094339622,
          "precision_rate": 0.23773584905660378
        },
        "0.2": {
          "recall_rate": 0.6226415094339622,
          "precision_rate": 0.23773584905660378
        },
        "0.3": {
          "recall_rate": 0.6226415094339622,
          "precision_rate": 0.23773584905660378
        },
        "0.4": {
          "recall_rate": 0.6226415094339622,
          "precision_rate": 0.23773584905660378
        },
        "0.5": {
          "recall_rate": 0.6226415094339622,
          "precision_rate": 0.23773584905660378
        },
        "0.6": {
          "recall_rate": 0.6226415094339622,
          "precision_rate": 0.23018867924528302
        },
        "0.7": {
          "recall_rate": 0.6352201257861635,
          "precision_rate": 0.18867924528301888
        },
        "0.8": {
          "recall_rate": 0.6729559748427673,
          "precision_rate": 0.19245283018867926
        },
        "0.9": {
          "recall_rate": 0.6352201257861635,
          "precision_rate": 0.1610062893081761
        }
      },
      "recall_mean": 0.6310272536687631,
      "precision_mean": 0.21788958770090847,
      "threshold_discrimination": 0.05031446540880502,
      "threshold_summary": {
        "threshold_auc": 0.6310272536687631,
        "slope": 0.012578616352201255
      },
      "corr_mean": 0.7739151759044376,
      "corr_score": 0.7739151759044376,
      "smoothness_score": 0.0,
      "retrieval_score": 0.39929769392033543,
      "plausibility_score": 0.3869575879522188,
      "overall_score": 0.3931276409362771,
      "composite_score": 0.3931276409362771,
      "mrr_mean": 0.4896226415094339,
      "precision_strict": 0.1262054507337526,
      "precision_lift": 0.0,
      "precision_associative": 0.21788958770090847,
      "similarity_recall_rate": 0.6226415094339622,
      "retention_curve": {
        "40": 0.0,
        "80": 1.0,
        "120": 0.7,
        "160": 0.5793103448275863,
        "200": 0.6226415094339622
      },
      "retention_auc": 0.5803903708523097,
      "selectivity_score": 0.034521313766596756,
      "robustness_score": 0.0,
      "eval_v2_score": 0.27325812670184824
    },
    {
      "tick": 200,
      "recall_rate": 0.5722222222222222,
      "precision_rate": 0.22666666666666666,
      "activation_recall_correlation": 0.9200433991716193,
      "fact_episode_delta": 0.24945454545454548,
      "forgetting_curve_smoothness": 0.1186480426169044,
      "storage_std": 0.2729789243656945,
      "storage_iqr": 0.47982501024968427,
      "storage_gini": 0.326643472217554,
      "retrieval_std": 0.2729599854916189,
      "retrieval_iqr": 0.47982501024968427,
      "retrieval_gini": 0.3266297417338202,
      "activation_std": 0.2729789243656945,
      "activation_iqr": 0.47982501024968427,
      "activation_gini": 0.326643472217554,
      "threshold_metrics": {
        "0.1": {
          "recall_rate": 0.5722222222222222,
          "precision_rate": 0.22666666666666666
        },
        "0.2": {
          "recall_rate": 0.5722222222222222,
          "precision_rate": 0.22666666666666666
        },
        "0.3": {
          "recall_rate": 0.5722222222222222,
          "precision_rate": 0.22666666666666666
        },
        "0.4": {
          "recall_rate": 0.5722222222222222,
          "precision_rate": 0.22666666666666666
        },
        "0.5": {
          "recall_rate": 0.5722222222222222,
          "precision_rate": 0.22666666666666666
        },
        "0.6": {
          "recall_rate": 0.5777777777777777,
          "precision_rate": 0.21888888888888888
        },
        "0.7": {
          "recall_rate": 0.5777777777777777,
          "precision_rate": 0.17777777777777778
        },
        "0.8": {
          "recall_rate": 0.6055555555555555,
          "precision_rate": 0.18444444444444444
        },
        "0.9": {
          "recall_rate": 0.5777777777777777,
          "precision_rate": 0.15777777777777777
        }
      },
      "recall_mean": 0.5777777777777777,
      "precision_mean": 0.20802469135802468,
      "threshold_discrimination": 0.033333333333333326,
      "threshold_summary": {
        "threshold_auc": 0.5777777777777777,
        "slope": 0.005555555555555536
      },
      "corr_mean": 0.7946293797803244,
      "corr_score": 0.7946293797803244,
      "smoothness_score": 0.0,