{
  "status": "completed",
  "tick": 200,
  "recall_rate": 0.6928104575163399,
  "precision_rate": 0.3150326797385621,
  "activation_recall_correlation": 0.1766756468118618,
  "fact_episode_delta": 0.2047619047619048,
  "forgetting_curve_smoothness": 0.0031806611500066464,
  "storage_std": 0.3188397747925457,
  "storage_iqr": 0.0021705989632894935,
  "storage_gini": 0.827072538322913,
  "retrieval_std": 0.3188397747925457,
  "retrieval_iqr": 0.0021705989632894935,
  "retrieval_gini": 0.827072538322913,
  "activation_std": 0.3188397747925457,
  "activation_iqr": 0.0021705989632894935,
  "activation_gini": 0.827072538322913,
  "threshold_metrics": {
    "0.1": {
      "recall_rate": 0.6928104575163399,
      "precision_rate": 0.3150326797385621
    },
    "0.2": {
      "recall_rate": 0.6928104575163399,
      "precision_rate": 0.3150326797385621
    },
    "0.3": {
      "recall_rate": 0.6928104575163399,
      "precision_rate": 0.3150326797385621
    },
    "0.4": {
      "recall_rate": 0.6928104575163399,
      "precision_rate": 0.3150326797385621
    },
    "0.5": {
      "recall_rate": 0.6928104575163399,
      "precision_rate": 0.3150326797385621
    },
    "0.6": {
      "recall_rate": 0.6928104575163399,
      "precision_rate": 0.3150326797385621
    },
    "0.7": {
      "recall_rate": 0.6928104575163399,
      "precision_rate": 0.3150326797385621
    },
    "0.8": {
      "recall_rate": 0.673202614379085,
      "precision_rate": 0.3084967320261438
    },
    "0.9": {
      "recall_rate": 0.3006535947712418,
      "precision_rate": 0.1116951379763469
    }
  },
  "recall_mean": 0.6470588235294117,
  "precision_mean": 0.2917134031302695,
  "threshold_discrimination": 0.39215686274509803,
  "threshold_summary": {
    "threshold_auc": 0.6470588235294117,
    "slope": -0.39215686274509803
  },
  "corr_mean": 0.1530010614053353,
  "corr_score": 0.1530010614053353,
  "smoothness_score": 0.9681933884999335,
  "retrieval_score": 0.546677559912854,
  "forgetting_score": 0.8753326567162529,
  "non_target_mean_storage": 0.1246673432837471,
  "plausibility_score": 0.1530010614053353,
  "overall_score": 0.5632877191671639,
  "composite_score": 0.5632877191671639,
  "mrr_mean": 0.42398934882595013,
  "precision_strict": 0.12944688266117757,
  "precision_lift": 3.511795529523298e-05,
  "precision_associative": 0.2917134031302695,
  "similarity_recall_rate": 0.6405228758169934,
  "retention_curve": {
    "40": 1.0,
    "80": 1.0,
    "120": 0.8181818181818182,
    "160": 0.7050359712230215,
    "200": 0.6928104575163399
  },
  "retention_auc": 0.843205649384236,
  "selectivity_score": 0.0,
  "robustness_score": 0.0,
  "snapshots": [
    {
      "tick": 0,
      "recall_rate": 1.0,
      "precision_rate": 0.2,
      "activation_recall_correlation": 0.0,
      "fact_episode_delta": 1.0,
      "forgetting_curve_smoothness": 0.0
    },
    {
      "tick": 20,
      "recall_rate": 1.0,
      "precision_rate": 0.5,
      "activation_recall_correlation": 0.0,
      "fact_episode_delta": 1.0,
      "forgetting_curve_smoothness": 0.0
    },
    {
      "tick": 40,
      "recall_rate": 1.0,
      "precision_rate": 0.3333333333333333,
      "activation_recall_correlation": 0.0,
      "fact_episode_delta": 1.0,
      "forgetting_curve_smoothness": 0.0
    },
    {
      "tick": 60,
      "recall_rate": 1.0,
      "precision_rate": 0.5,
      "activation_recall_correlation": 0.0,
      "fact_episode_delta": 1.0,
      "forgetting_curve_smoothness": 0.0
    },
    {
      "tick": 80,
      "recall_rate": 1.0,
      "precision_rate": 0.48,
      "activation_recall_correlation": 0.0,
      "fact_episode_delta": 1.0,
      "forgetting_curve_smoothness": 0.0
    },
    {
      "tick": 100,
      "recall_rate": 1.0,
      "precision_rate": 0.4666666666666667,
      "activation_recall_correlation": 0.0,
      "fact_episode_delta": 1.0,
      "forgetting_curve_smoothness": 0.0
    },
    {
      "tick": 120,
      "recall_rate": 0.8181818181818182,
      "precision_rate": 0.2727272727272727,
      "activation_recall_correlation": -0.02466322337066491,
      "fact_episode_delta": 0.19999999999999996,
      "forgetting_curve_smoothness": 0.0
    },
    {
      "tick": 140,
      "recall_rate": 0.7708333333333334,
      "precision_rate": 0.35833333333333334,
      "activation_recall_correlation": -0.0009132197977871721,
      "fact_episode_delta": 0.24444444444444446,
      "forgetting_curve_smoothness": 0.0045913682277318605
    },
    {
      "tick": 160,
      "recall_rate": 0.7050359712230215,
      "precision_rate": 0.31654676258992803,
      "activation_recall_correlation": 0.15515440643656467,
      "fact_episode_delta": 0.14414414414414423,
      "forgetting_curve_smoothness": 0.003971035728340921
    },
    {
      "tick": 180,
      "recall_rate": 0.7266666666666667,
      "precision_rate": 0.32,
      "activation_recall_correlation": 0.2176613310659106,
      "fact_episode_delta": 0.2061036789297659,
      "forgetting_curve_smoothness": 0.0035941938542186046
    },
    {
      "tick": 200,
      "recall_rate": 0.6928104575163399,
      "precision_rate": 0.3150326797385621,
      "activation_recall_correlation": 0.1766756468118618,
      "fact_episode_delta": 0.2047619047619048,
      "forgetting_curve_smoothness": 0.003532852837251844
    }
  ],
  "duration_seconds": 39.11,
  "timing_breakdown": {
    "simulation_seconds": 27.29,
    "final_score_summary_seconds": 5.499,
    "query_similarity_total_seconds": 24.427,
    "query_similarity_call_count": 594
  }
}