{
  "fold_scores": [
    {
      "tick": 200,
      "recall_rate": 0.6993865030674846,
      "precision_rate": 0.27361963190184047,
      "activation_recall_correlation": 0.9653820089284741,
      "fact_episode_delta": 0.3231638418079096,
      "forgetting_curve_smoothness": 0.004062920805786242,
      "storage_std": 0.20779859616598081,
      "storage_iqr": 0.2957269103769002,
      "storage_gini": 0.2259621772297215,
      "retrieval_std": 0.20776008128531556,
      "retrieval_iqr": 0.2957269103769002,
      "retrieval_gini": 0.22593693721196723,
      "activation_std": 0.20779859616598081,
      "activation_iqr": 0.2957269103769002,
      "activation_gini": 0.2259621772297215,
      "threshold_metrics": {
        "0.1": {
          "recall_rate": 0.6993865030674846,
          "precision_rate": 0.27361963190184047
        },
        "0.2": {
          "recall_rate": 0.6993865030674846,
          "precision_rate": 0.27361963190184047
        },
        "0.3": {
          "recall_rate": 0.6993865030674846,
          "precision_rate": 0.27361963190184047
        },
        "0.4": {
          "recall_rate": 0.6993865030674846,
          "precision_rate": 0.27361963190184047
        },
        "0.5": {
          "recall_rate": 0.6993865030674846,
          "precision_rate": 0.27361963190184047
        },
        "0.6": {
          "recall_rate": 0.7055214723926381,
          "precision_rate": 0.2748466257668712
        },
        "0.7": {
          "recall_rate": 0.7116564417177914,
          "precision_rate": 0.2809815950920245
        },
        "0.8": {
          "recall_rate": 0.7300613496932515,
          "precision_rate": 0.21226993865030674
        },
        "0.9": {
          "recall_rate": 0.7116564417177914,
          "precision_rate": 0.19631901840490798
        }
      },
      "recall_mean": 0.7062031356509884,
      "precision_mean": 0.25916837082481253,
      "threshold_discrimination": 0.030674846625766916,
      "threshold_summary": {
        "threshold_auc": 0.7062031356509884,
        "slope": 0.012269938650306789
      },
      "corr_mean": 0.8805202676380612,
      "corr_score": 0.8805202676380612,
      "smoothness_score": 0.9593707919421376,
      "retrieval_score": 0.44601226993865023,
      "plausibility_score": 0.9199455297900994,
      "overall_score": 0.6829788998643748,
      "composite_score": 0.6829788998643748,
      "mrr_mean": 0.545103385594183,
      "precision_strict": 0.1412406271301977,
      "precision_lift": 2.7755575615628914e-17,
      "precision_associative": 0.25916837082481253,
      "similarity_recall_rate": 0.6993865030674846,
      "retention_curve": {
        "40": 1.0,
        "80": 1.0,
        "120": 0.8125,
        "160": 0.6623376623376623,
        "200": 0.6993865030674846
      },
      "retention_auc": 0.8348448330810294,
      "selectivity_score": 0.023312883435582854,
      "robustness_score": 0.0,
      "eval_v2_score": 0.3838396840889173
    },
    {
      "tick": 200,
      "recall_rate": 0.6477987421383647,
      "precision_rate": 0.26037735849056604,
      "activation_recall_correlation": 0.9085878498502012,
      "fact_episode_delta": 0.3095412844036697,
      "forgetting_curve_smoothness": 0.10125963988519984,
      "storage_std": 0.20719657050765225,
      "storage_iqr": 0.2957269103769002,
      "storage_gini": 0.22566676607540995,
      "retrieval_std": 0.20719657050765225,
      "retrieval_iqr": 0.2957269103769002,
      "retrieval_gini": 0.22566676607540995,
      "activation_std": 0.20719657050765225,
      "activation_iqr": 0.2957269103769002,
      "activation_gini": 0.22566676607540995,
      "threshold_metrics": {
        "0.1": {
          "recall_rate": 0.6477987421383647,
          "precision_rate": 0.26037735849056604
        },
        "0.2": {
          "recall_rate": 0.6477987421383647,
          "precision_rate": 0.26037735849056604
        },
        "0.3": {
          "recall_rate": 0.6477987421383647,
          "precision_rate": 0.26037735849056604
        },
        "0.4": {
          "recall_rate": 0.6477987421383647,
          "precision_rate": 0.26037735849056604
        },
        "0.5": {
          "recall_rate": 0.6477987421383647,
          "precision_rate": 0.26037735849056604
        },
        "0.6": {
          "recall_rate": 0.6477987421383647,
          "precision_rate": 0.26037735849056604
        },
        "0.7": {
          "recall_rate": 0.6666666666666666,
          "precision_rate": 0.2691823899371069
        },
        "0.8": {
          "recall_rate": 0.6981132075471698,
          "precision_rate": 0.20754716981132076
        },
        "0.9": {
          "recall_rate": 0.6792452830188679,
          "precision_rate": 0.19119496855345913
        }
      },
      "recall_mean": 0.6589797344514325,
      "precision_mean": 0.2477987421383648,
      "threshold_discrimination": 0.05031446540880502,
      "threshold_summary": {
        "threshold_auc": 0.6589797344514325,
        "slope": 0.03144654088050314
      },
      "corr_mean": 0.8274516684324863,
      "corr_score": 0.8274516684324863,
      "smoothness_score": 0.0,
      "retrieval_score": 0.4133577917540182,
      "plausibility_score": 0.41372583421624315,
      "overall_score": 0.4135418129851307,
      "composite_score": 0.4135418129851307,
      "mrr_mean": 0.49921965991148387,
      "precision_strict": 0.1317959468902865,
      "precision_lift": 0.0,
      "precision_associative": 0.2477987421383648,
      "similarity_recall_rate": 0.6477987421383647,
      "retention_curve": {
        "40": 0.0,
        "80": 1.0,
        "120": 0.8,
        "160": 0.6344827586206897,
        "200": 0.6477987421383647
      },
      "retention_auc": 0.616456300151811,
      "selectivity_score": 0.01579315164220821,
      "robustness_score": 0.0,
      "eval_v2_score": 0.2829329381430878
    },
    {
      "tick": 200,
      "recall_rate": 0.6111111111111112,
      "precision_rate": 0.26555555555555554,
      "activation_recall_correlation": 0.9056171466019319,
      "fact_episode_delta": 0.19345454545454543,
      "forgetting_curve_smoothness": 0.1068713093453714,
      "storage_std": 0.20768678462153692,
      "storage_iqr": 0.2957269103769002,
      "storage_gini": 0.2260191346719477,
      "retrieval_std": 0.20768678462153692,
      "retrieval_iqr": 0.2957269103769002,
      "retrieval_gini": 0.2260191346719477,
      "activation_std": 0.20768678462153692,
      "activation_iqr": 0.2957269103769002,
      "activation_gini": 0.2260191346719477,
      "threshold_metrics": {
        "0.1": {
          "recall_rate": 0.6111111111111112,
          "precision_rate": 0.26555555555555554
        },
        "0.2": {
          "recall_rate": 0.6111111111111112,
          "precision_rate": 0.26555555555555554
        },
        "0.3": {
          "recall_rate": 0.6111111111111112,
          "precision_rate": 0.26555555555555554
        },
        "0.4": {
          "recall_rate": 0.6111111111111112,
          "precision_rate": 0.26555555555555554
        },
        "0.5": {
          "recall_rate": 0.6111111111111112,
          "precision_rate": 0.26555555555555554
        },
        "0.6": {
          "recall_rate": 0.6166666666666667,
          "precision_rate": 0.2677777777777778
        },
        "0.7": {
          "recall_rate": 0.6277777777777778,
          "precision_rate": 0.2733333333333333
        },
        "0.8": {
          "recall_rate": 0.6555555555555556,
          "precision_rate": 0.20333333333333334
        },
        "0.9": {
          "recall_rate": 0.6444444444444445,
          "precision_rate": 0.19333333333333333
        }
      },
      "recall_mean": 0.6222222222222222,
      "precision_mean": 0.2517283950617284,
      "threshold_discrimination": 0.0444444444444444,
      "threshold_summary": {
        "threshold_auc": 0.6222222222222222,
        "slope": 0.033333333333333326
      },
      "corr_mean": 0.8694377325244654,
      "corr_score": 0.8694377325244654,