{
  "status": "completed",
  "tick": 200,
  "recall_rate": 0.6535947712418301,
  "precision_rate": 0.30196078431372547,
  "activation_recall_correlation": 0.23569512563504447,
  "fact_episode_delta": 0.261904761904762,
  "forgetting_curve_smoothness": 0.013802355873027796,
  "storage_std": 0.2483389433948644,
  "storage_iqr": 0.17228584920640536,
  "storage_gini": 0.3473470170913731,
  "retrieval_std": 0.2483389433948644,
  "retrieval_iqr": 0.17228584920640536,
  "retrieval_gini": 0.3473470170913731,
  "activation_std": 0.2483389433948644,
  "activation_iqr": 0.17228584920640536,
  "activation_gini": 0.3473470170913731,
  "threshold_metrics": {
    "0.1": {
      "recall_rate": 0.6535947712418301,
      "precision_rate": 0.30196078431372547
    },
    "0.2": {
      "recall_rate": 0.6535947712418301,
      "precision_rate": 0.30196078431372547
    },
    "0.3": {
      "recall_rate": 0.6535947712418301,
      "precision_rate": 0.30196078431372547
    },
    "0.4": {
      "recall_rate": 0.6535947712418301,
      "precision_rate": 0.30196078431372547
    },
    "0.5": {
      "recall_rate": 0.6535947712418301,
      "precision_rate": 0.30196078431372547
    },
    "0.6": {
      "recall_rate": 0.6535947712418301,
      "precision_rate": 0.30196078431372547
    },
    "0.7": {
      "recall_rate": 0.6535947712418301,
      "precision_rate": 0.30196078431372547
    },
    "0.8": {
      "recall_rate": 0.6405228758169934,
      "precision_rate": 0.29934640522875816
    },
    "0.9": {
      "recall_rate": 0.30718954248366015,
      "precision_rate": 0.11372549019607843
    }
  },
  "recall_mean": 0.6136528685548293,
  "precision_mean": 0.28075526506899057,
  "threshold_discrimination": 0.3464052287581699,
  "threshold_summary": {
    "threshold_auc": 0.6136528685548293,
    "slope": -0.3464052287581699
  },
  "corr_mean": 0.22018758008666872,
  "corr_score": 0.22018758008666872,
  "smoothness_score": 0.8619764412697221,
  "retrieval_score": 0.5126289034132171,
  "forgetting_score": 0.672299349264377,
  "non_target_mean_storage": 0.32770065073562304,
  "plausibility_score": 0.22018758008666872,
  "overall_score": 0.49540322862948594,
  "composite_score": 0.49540322862948594,
  "mrr_mean": 0.3891551682401355,
  "precision_strict": 0.12273057371096585,
  "precision_lift": 0.0,
  "precision_associative": 0.28075526506899057,
  "similarity_recall_rate": 0.6274509803921569,
  "retention_curve": {
    "40": 1.0,
    "80": 1.0,
    "120": 0.6363636363636364,
    "160": 0.697841726618705,
    "200": 0.6535947712418301
  },
  "retention_auc": 0.7975600268448343,
  "selectivity_score": 0.0,
  "robustness_score": 0.0,
  "snapshots": [
    {
      "tick": 0,
      "recall_rate": 1.0,
      "precision_rate": 0.2,
      "activation_recall_correlation": 0.0,
      "fact_episode_delta": 1.0,
      "forgetting_curve_smoothness": 0.0
    },
    {
      "tick": 20,
      "recall_rate": 1.0,
      "precision_rate": 0.2,
      "activation_recall_correlation": 0.0,
      "fact_episode_delta": 1.0,
      "forgetting_curve_smoothness": 0.0
    },
    {
      "tick": 40,
      "recall_rate": 1.0,
      "precision_rate": 0.2,
      "activation_recall_correlation": 0.0,
      "fact_episode_delta": 1.0,
      "forgetting_curve_smoothness": 0.0
    },
    {
      "tick": 60,
      "recall_rate": 1.0,
      "precision_rate": 0.5,
      "activation_recall_correlation": 0.0,
      "fact_episode_delta": 1.0,
      "forgetting_curve_smoothness": 0.0
    },
    {
      "tick": 80,
      "recall_rate": 1.0,
      "precision_rate": 0.48,
      "activation_recall_correlation": 0.0,
      "fact_episode_delta": 1.0,
      "forgetting_curve_smoothness": 0.0
    },
    {
      "tick": 100,
      "recall_rate": 1.0,
      "precision_rate": 0.4666666666666667,
      "activation_recall_correlation": 0.0,
      "fact_episode_delta": 1.0,
      "forgetting_curve_smoothness": 0.0
    },
    {
      "tick": 120,
      "recall_rate": 0.6363636363636364,
      "precision_rate": 0.21818181818181817,
      "activation_recall_correlation": 0.2632815879107345,
      "fact_episode_delta": 0.4,
      "forgetting_curve_smoothness": 0.0
    },
    {
      "tick": 140,
      "recall_rate": 0.75,
      "precision_rate": 0.3458333333333333,
      "activation_recall_correlation": 0.11957927879641547,
      "fact_episode_delta": 0.2666666666666667,
      "forgetting_curve_smoothness": 0.018365472910927456
    },
    {
      "tick": 160,
      "recall_rate": 0.697841726618705,
      "precision_rate": 0.31366906474820144,
      "activation_recall_correlation": 0.2822879357244972,
      "fact_episode_delta": 0.22760996290408064,
      "forgetting_curve_smoothness": 0.019459436667228876
    },
    {
      "tick": 180,
      "recall_rate": 0.7,
      "precision_rate": 0.31333333333333335,
      "activation_recall_correlation": 0.2823859996095377,
      "fact_episode_delta": 0.24456521739130432,
      "forgetting_curve_smoothness": 0.017056582601211973
    },
    {
      "tick": 200,
      "recall_rate": 0.6535947712418301,
      "precision_rate": 0.30196078431372547,
      "activation_recall_correlation": 0.23569512563504447,
      "fact_episode_delta": 0.261904761904762,
      "forgetting_curve_smoothness": 0.015318863525031097
    }
  ],
  "duration_seconds": 56.09,
  "timing_breakdown": {
    "simulation_seconds": 47.588,
    "final_score_summary_seconds": 6.331,
    "query_similarity_total_seconds": 41.248,
    "query_similarity_call_count": 594
  }
}