{
  "fold_scores": [
    {
      "tick": 200,
      "recall_rate": 0.6871165644171779,
      "precision_rate": 0.26134969325153373,
      "activation_recall_correlation": 0.9201578043622071,
      "fact_episode_delta": 0.3401129943502825,
      "forgetting_curve_smoothness": 0.004023232247807459,
      "storage_std": 0.18404763696619292,
      "storage_iqr": 0.24939678832832712,
      "storage_gini": 0.2090871821037493,
      "retrieval_std": 0.18673729680980983,
      "retrieval_iqr": 0.24939678832832712,
      "retrieval_gini": 0.2107523194864616,
      "activation_std": 0.18404763696619292,
      "activation_iqr": 0.24939678832832712,
      "activation_gini": 0.2090871821037493,
      "threshold_metrics": {
        "0.1": {
          "recall_rate": 0.6871165644171779,
          "precision_rate": 0.26134969325153373
        },
        "0.2": {
          "recall_rate": 0.6871165644171779,
          "precision_rate": 0.26134969325153373
        },
        "0.3": {
          "recall_rate": 0.6871165644171779,
          "precision_rate": 0.26134969325153373
        },
        "0.4": {
          "recall_rate": 0.6871165644171779,
          "precision_rate": 0.2625766871165644
        },
        "0.5": {
          "recall_rate": 0.6871165644171779,
          "precision_rate": 0.2625766871165644
        },
        "0.6": {
          "recall_rate": 0.7055214723926381,
          "precision_rate": 0.2723926380368098
        },
        "0.7": {
          "recall_rate": 0.7239263803680982,
          "precision_rate": 0.2098159509202454
        },
        "0.8": {
          "recall_rate": 0.6932515337423313,
          "precision_rate": 0.19631901840490798
        },
        "0.9": {
          "recall_rate": 0.5766871165644172,
          "precision_rate": 0.1423312883435583
        }
      },
      "recall_mean": 0.6816632583503749,
      "precision_mean": 0.2366734832992502,
      "threshold_discrimination": 0.14723926380368102,
      "threshold_summary": {
        "threshold_auc": 0.6816632583503749,
        "slope": -0.11042944785276076
      },
      "corr_mean": 0.706680606404288,
      "corr_score": 0.706680606404288,
      "smoothness_score": 0.9597676775219254,
      "retrieval_score": 0.6178749147920928,
      "forgetting_score": 0.5412294749798556,
      "non_target_mean_storage": 0.45877052502014437,
      "plausibility_score": 0.706680606404288,
      "overall_score": 0.6132504337608586,
      "composite_score": 0.6132504337608586,
      "mrr_mean": 0.5399113837764146,
      "precision_strict": 0.13633265167007502,
      "precision_lift": 5.551115123125783e-17,
      "precision_associative": 0.2366734832992502,
      "similarity_recall_rate": 0.6871165644171779,
      "retention_curve": {
        "40": 1.0,
        "80": 1.0,
        "120": 0.8125,
        "160": 0.6558441558441559,
        "200": 0.6871165644171779
      },
      "retention_auc": 0.8310921440522667,
      "selectivity_score": 0.03599182004089985,
      "robustness_score": 0.0
    },
    {
      "tick": 200,
      "recall_rate": 0.6540880503144654,
      "precision_rate": 0.2540880503144654,
      "activation_recall_correlation": 0.8772449957439393,
      "fact_episode_delta": 0.30036697247706423,
      "forgetting_curve_smoothness": 0.10521414306082932,
      "storage_std": 0.18339120930240202,
      "storage_iqr": 0.24939678832832712,
      "storage_gini": 0.208636923847156,
      "retrieval_std": 0.18577583156437127,
      "retrieval_iqr": 0.24939678832832712,
      "retrieval_gini": 0.21010481955838867,
      "activation_std": 0.18339120930240202,
      "activation_iqr": 0.24939678832832712,
      "activation_gini": 0.208636923847156,
      "threshold_metrics": {
        "0.1": {
          "recall_rate": 0.6540880503144654,
          "precision_rate": 0.2540880503144654
        },
        "0.2": {
          "recall_rate": 0.6540880503144654,
          "precision_rate": 0.2540880503144654
        },
        "0.3": {
          "recall_rate": 0.6540880503144654,
          "precision_rate": 0.2540880503144654
        },
        "0.4": {
          "recall_rate": 0.6540880503144654,
          "precision_rate": 0.25534591194968553
        },
        "0.5": {
          "recall_rate": 0.6540880503144654,
          "precision_rate": 0.25534591194968553
        },
        "0.6": {
          "recall_rate": 0.6666666666666666,
          "precision_rate": 0.2628930817610063
        },
        "0.7": {
          "recall_rate": 0.6855345911949685,
          "precision_rate": 0.20628930817610064
        },
        "0.8": {
          "recall_rate": 0.6792452830188679,
          "precision_rate": 0.1949685534591195
        },
        "0.9": {
          "recall_rate": 0.5911949685534591,
          "precision_rate": 0.14088050314465408
        }
      },
      "recall_mean": 0.6547868623340322,
      "precision_mean": 0.23088749126484975,
      "threshold_discrimination": 0.09433962264150941,
      "threshold_summary": {
        "threshold_auc": 0.6547868623340322,
        "slope": -0.06289308176100628
      },
      "corr_mean": 0.687342798379055,
      "corr_score": 0.687342798379055,
      "smoothness_score": 0.0,
      "retrieval_score": 0.5894304682040532,
      "forgetting_score": 0.5416887661750842,
      "non_target_mean_storage": 0.45831123382491573,
      "plausibility_score": 0.687342798379055,
      "overall_score": 0.5971989550376645,
      "composite_score": 0.5971989550376645,
      "mrr_mean": 0.5095504309340788,
      "precision_strict": 0.13095737246680642,
      "precision_lift": 0.0,
      "precision_associative": 0.23088749126484975,
      "similarity_recall_rate": 0.6540880503144654,
      "retention_curve": {
        "40": 0.0,
        "80": 1.0,
        "120": 0.7,
        "160": 0.6344827586206897,
        "200": 0.6540880503144654
      },
      "retention_auc": 0.597714161787031,
      "selectivity_score": 0.031027253668763077,
      "robustness_score": 0.0
    },
    {
      "tick": 200,
      "recall_rate": 0.6,
      "precision_rate": 0.2588888888888889,
      "activation_recall_correlation": 0.8732952333146895,
      "fact_episode_delta": 0.23563636363636364,
      "forgetting_curve_smoothness": 0.10721049722355007,
      "storage_std": 0.1837705326704766,
      "storage_iqr": 0.24939678832832712,
      "storage_gini": 0.20900534379221591,
      "retrieval_std": 0.18645165336338695,
      "retrieval_iqr": 0.24939678832832712,
      "retrieval_gini": 0.210662869775743,
      "activation_std": 0.1837705326704766,
      "activation_iqr": 0.24939678832832712,
      "activation_gini": 0.20900534379221591,
      "threshold_metrics": {
        "0.1": {
          "recall_rate": 0.6,
          "precision_rate": 0.2588888888888889
        },
        "0.2": {
          "recall_rate": 0.6,
          "precision_rate": 0.2588888888888889
        },
        "0.3": {
          "recall_rate": 0.6,
          "precision_rate": 0.2588888888888889
        },
        "0.4": {
          "recall_rate": 0.6111111111111112,
          "precision_rate": 0.2644444444444444
        },
        "0.5": {
          "recall_rate": 0.6111111111111112,
          "precision_rate": 0.2644444444444444
        },
        "0.6": {
          "recall_rate": 0.6222222222222222,
          "precision_rate": 0.27111111111111114
        },
        "0.7": {
          "recall_rate": 0.6388888888888888,
          "precision_rate": 0.20333333333333334
        },
        "0.8": {
          "recall_rate": 0.6166666666666667,
          "precision_rate": 0.18777777777777777
        },
        "0.9": {
          "recall_rate": 0.5333333333333333,
          "precision_rate": 0.13444444444444445
        }
      },
      "recall_mean": 0.6037037037037037,
      "precision_mean": 0.23358024691358026,
      "threshold_discrimination": 0.10555555555555551,
      "threshold_summary": {
        "threshold_auc": 0.6037037037037037,
        "slope": -0.06666666666666665
      },
      "corr_mean": 0.6936550042715457,