{
  "fold_scores": [
    {
      "tick": 200,
      "recall_rate": 0.6809815950920245,
      "precision_rate": 0.25398773006134967,
      "activation_recall_correlation": 0.7640372931891386,
      "fact_episode_delta": 0.34858757062146895,
      "forgetting_curve_smoothness": 0.0039673359907073,
      "storage_std": 0.17346304268709556,
      "storage_iqr": 0.24052020181774642,
      "storage_gini": 0.211864652822709,
      "retrieval_std": 0.18054540449265985,
      "retrieval_iqr": 0.24052020181774642,
      "retrieval_gini": 0.21657510241349137,
      "activation_std": 0.17346304268709556,
      "activation_iqr": 0.24052020181774642,
      "activation_gini": 0.211864652822709,
      "threshold_metrics": {
        "0.1": {
          "recall_rate": 0.6809815950920245,
          "precision_rate": 0.25398773006134967
        },
        "0.2": {
          "recall_rate": 0.6809815950920245,
          "precision_rate": 0.25398773006134967
        },
        "0.3": {
          "recall_rate": 0.6809815950920245,
          "precision_rate": 0.25398773006134967
        },
        "0.4": {
          "recall_rate": 0.6809815950920245,
          "precision_rate": 0.25644171779141106
        },
        "0.5": {
          "recall_rate": 0.6809815950920245,
          "precision_rate": 0.25766871165644173
        },
        "0.6": {
          "recall_rate": 0.6993865030674846,
          "precision_rate": 0.25030674846625767
        },
        "0.7": {
          "recall_rate": 0.6871165644171779,
          "precision_rate": 0.19631901840490798
        },
        "0.8": {
          "recall_rate": 0.3312883435582822,
          "precision_rate": 0.09938650306748466
        },
        "0.9": {
          "recall_rate": 0.27607361963190186,
          "precision_rate": 0.0687116564417178
        }
      },
      "recall_mean": 0.5998636673483299,
      "precision_mean": 0.21008861622358554,
      "threshold_discrimination": 0.42331288343558277,
      "threshold_summary": {
        "threshold_auc": 0.5998636673483299,
        "slope": -0.40490797546012264
      },
      "corr_mean": 0.5449990693176906,
      "corr_score": 0.5449990693176906,
      "smoothness_score": 0.960326640092927,
      "retrieval_score": 0.543283912747103,
      "forgetting_score": 0.5738991923746931,
      "non_target_mean_storage": 0.4261008076253069,
      "plausibility_score": 0.5449990693176906,
      "overall_score": 0.5544280497594064,
      "composite_score": 0.5544280497594064,
      "mrr_mean": 0.4741308793456033,
      "precision_strict": 0.11997273346966596,
      "precision_lift": 0.0,
      "precision_associative": 0.21008861622358554,
      "similarity_recall_rate": 0.6809815950920245,
      "retention_curve": {
        "40": 1.0,
        "80": 1.0,
        "120": 0.8125,
        "160": 0.6558441558441559,
        "200": 0.6809815950920245
      },
      "retention_auc": 0.8298651501872361,
      "selectivity_score": 0.02985685071574637,
      "robustness_score": 0.0
    },
    {
      "tick": 200,
      "recall_rate": 0.6477987421383647,
      "precision_rate": 0.25157232704402516,
      "activation_recall_correlation": 0.7183436436624919,
      "fact_episode_delta": 0.3095412844036697,
      "forgetting_curve_smoothness": 0.10545022205730906,
      "storage_std": 0.17307915838747112,
      "storage_iqr": 0.24052020181774642,
      "storage_gini": 0.21156580271585615,
      "retrieval_std": 0.17952875357058437,
      "retrieval_iqr": 0.24052020181774642,
      "retrieval_gini": 0.21581344369752306,
      "activation_std": 0.17307915838747112,
      "activation_iqr": 0.24052020181774642,
      "activation_gini": 0.21156580271585615,
      "threshold_metrics": {
        "0.1": {
          "recall_rate": 0.6477987421383647,
          "precision_rate": 0.25157232704402516
        },
        "0.2": {
          "recall_rate": 0.6477987421383647,
          "precision_rate": 0.25157232704402516
        },
        "0.3": {
          "recall_rate": 0.6477987421383647,
          "precision_rate": 0.25157232704402516
        },
        "0.4": {
          "recall_rate": 0.6540880503144654,
          "precision_rate": 0.2540880503144654
        },
        "0.5": {
          "recall_rate": 0.6540880503144654,
          "precision_rate": 0.2540880503144654
        },
        "0.6": {
          "recall_rate": 0.6855345911949685,
          "precision_rate": 0.2540880503144654
        },
        "0.7": {
          "recall_rate": 0.6792452830188679,
          "precision_rate": 0.2
        },
        "0.8": {
          "recall_rate": 0.3522012578616352,
          "precision_rate": 0.11320754716981132
        },
        "0.9": {
          "recall_rate": 0.3018867924528302,
          "precision_rate": 0.07421383647798742
        }
      },
      "recall_mean": 0.5856044723969253,
      "precision_mean": 0.21160027952480784,
      "threshold_discrimination": 0.38364779874213834,
      "threshold_summary": {
        "threshold_auc": 0.5856044723969253,
        "slope": -0.34591194968553457
      },
      "corr_mean": 0.5256123942847738,
      "corr_score": 0.5256123942847738,
      "smoothness_score": 0.0,
      "retrieval_score": 0.5240950384346611,
      "forgetting_score": 0.5743701869788047,
      "non_target_mean_storage": 0.42562981302119524,
      "plausibility_score": 0.5256123942847738,
      "overall_score": 0.5420706793876395,
      "composite_score": 0.5420706793876395,
      "mrr_mean": 0.4489168413696716,
      "precision_strict": 0.11712089447938505,
      "precision_lift": 0.0,
      "precision_associative": 0.21160027952480784,
      "similarity_recall_rate": 0.6477987421383647,
      "retention_curve": {
        "40": 0.0,
        "80": 1.0,
        "120": 0.7,
        "160": 0.6275862068965518,
        "200": 0.6477987421383647
      },
      "retention_auc": 0.5950769898069833,
      "selectivity_score": 0.02264150943396226,
      "robustness_score": 0.0
    },
    {
      "tick": 200,
      "recall_rate": 0.5944444444444444,
      "precision_rate": 0.2511111111111111,
      "activation_recall_correlation": 0.7294921143442175,
      "fact_episode_delta": 0.26981818181818185,
      "forgetting_curve_smoothness": 0.10304059550505776,
      "storage_std": 0.17350319075966944,
      "storage_iqr": 0.24052020181774642,
      "storage_gini": 0.2119619432813412,
      "retrieval_std": 0.18026212232217062,
      "retrieval_iqr": 0.24052020181774642,
      "retrieval_gini": 0.21643569163239249,
      "activation_std": 0.17350319075966944,
      "activation_iqr": 0.24052020181774642,
      "activation_gini": 0.2119619432813412,
      "threshold_metrics": {
        "0.1": {
          "recall_rate": 0.5944444444444444,
          "precision_rate": 0.2511111111111111
        },
        "0.2": {
          "recall_rate": 0.5944444444444444,
          "precision_rate": 0.2511111111111111
        },
        "0.3": {
          "recall_rate": 0.5944444444444444,
          "precision_rate": 0.2511111111111111
        },
        "0.4": {
          "recall_rate": 0.6055555555555555,
          "precision_rate": 0.25555555555555554
        },
        "0.5": {
          "recall_rate": 0.6055555555555555,
          "precision_rate": 0.25555555555555554
        },
        "0.6": {
          "recall_rate": 0.6333333333333333,
          "precision_rate": 0.24666666666666667
        },
        "0.7": {
          "recall_rate": 0.6222222222222222,
          "precision_rate": 0.19555555555555557
        },
        "0.8": {
          "recall_rate": 0.3111111111111111,
          "precision_rate": 0.10222222222222223
        },
        "0.9": {
          "recall_rate": 0.25,
          "precision_rate": 0.06222222222222222
        }
      },
      "recall_mean": 0.534567901234568,
      "precision_mean": 0.20790123456790124,
      "threshold_discrimination": 0.3833333333333333,
      "threshold_summary": {
        "threshold_auc": 0.534567901234568,
        "slope": -0.34444444444444444
      },