{
  "fold_scores": [
    {
      "tick": 200,
      "recall_rate": 0.6380368098159509,
      "precision_rate": 0.2085889570552147,
      "activation_recall_correlation": 0.978656489713688,
      "fact_episode_delta": 0.43860640301318277,
      "forgetting_curve_smoothness": 0.0036861185735431214,
      "storage_std": 0.2941080988378521,
      "storage_iqr": 0.5142203271756539,
      "storage_gini": 0.5112275103612491,
      "retrieval_std": 0.29408802748986623,
      "retrieval_iqr": 0.5142203271756539,
      "retrieval_gini": 0.5112144778934018,
      "activation_std": 0.2941080988378521,
      "activation_iqr": 0.5142203271756539,
      "activation_gini": 0.5112275103612491,
      "threshold_metrics": {
        "0.1": {
          "recall_rate": 0.6380368098159509,
          "precision_rate": 0.2085889570552147
        },
        "0.2": {
          "recall_rate": 0.6380368098159509,
          "precision_rate": 0.2085889570552147
        },
        "0.3": {
          "recall_rate": 0.6380368098159509,
          "precision_rate": 0.2085889570552147
        },
        "0.4": {
          "recall_rate": 0.6380368098159509,
          "precision_rate": 0.2085889570552147
        },
        "0.5": {
          "recall_rate": 0.6380368098159509,
          "precision_rate": 0.2
        },
        "0.6": {
          "recall_rate": 0.656441717791411,
          "precision_rate": 0.18773006134969325
        },
        "0.7": {
          "recall_rate": 0.6441717791411042,
          "precision_rate": 0.18036809815950922
        },
        "0.8": {
          "recall_rate": 0.6441717791411042,
          "precision_rate": 0.17423312883435582
        },
        "0.9": {
          "recall_rate": 0.6380368098159509,
          "precision_rate": 0.15460122699386503
        }
      },
      "recall_mean": 0.6414451261077028,
      "precision_mean": 0.19236537150647579,
      "threshold_discrimination": 0.018404907975460127,
      "threshold_summary": {
        "threshold_auc": 0.6414451261077028,
        "slope": 0.0
      },
      "corr_mean": 0.788863783321181,
      "corr_score": 0.788863783321181,
      "smoothness_score": 0.9631388142645688,
      "retrieval_score": 0.4187218813905931,
      "plausibility_score": 0.8760012987928749,
      "overall_score": 0.647361590091734,
      "composite_score": 0.647361590091734,
      "mrr_mean": 0.5404794364917065,
      "precision_strict": 0.12828902522154056,
      "precision_lift": 0.0,
      "precision_associative": 0.19236537150647579,
      "similarity_recall_rate": 0.6380368098159509,
      "retention_curve": {
        "40": 1.0,
        "80": 1.0,
        "120": 0.8125,
        "160": 0.6428571428571429,
        "200": 0.6380368098159509
      },
      "retention_auc": 0.8186787905346188,
      "selectivity_score": 0.06421267893660534,
      "robustness_score": 0.0,
      "eval_v2_score": 0.39087989336839035
    },
    {
      "tick": 200,
      "recall_rate": 0.6352201257861635,
      "precision_rate": 0.23018867924528302,
      "activation_recall_correlation": 0.9534690500604969,
      "fact_episode_delta": 0.4154128440366973,
      "forgetting_curve_smoothness": 0.10844612774465714,
      "storage_std": 0.2930827422915788,
      "storage_iqr": 0.5142203271756539,
      "storage_gini": 0.5109393348609399,
      "retrieval_std": 0.29304300651155357,
      "retrieval_iqr": 0.5142203271756539,
      "retrieval_gini": 0.5109144211287625,
      "activation_std": 0.2930827422915788,
      "activation_iqr": 0.5142203271756539,
      "activation_gini": 0.5109393348609399,
      "threshold_metrics": {
        "0.1": {
          "recall_rate": 0.6352201257861635,
          "precision_rate": 0.23018867924528302
        },
        "0.2": {
          "recall_rate": 0.6352201257861635,
          "precision_rate": 0.23018867924528302
        },
        "0.3": {
          "recall_rate": 0.6352201257861635,
          "precision_rate": 0.23018867924528302
        },
        "0.4": {
          "recall_rate": 0.6352201257861635,
          "precision_rate": 0.23018867924528302
        },
        "0.5": {
          "recall_rate": 0.6352201257861635,
          "precision_rate": 0.22012578616352202
        },
        "0.6": {
          "recall_rate": 0.6415094339622641,
          "precision_rate": 0.18742138364779873
        },
        "0.7": {
          "recall_rate": 0.6415094339622641,
          "precision_rate": 0.18238993710691823
        },
        "0.8": {
          "recall_rate": 0.6352201257861635,
          "precision_rate": 0.1761006289308176
        },
        "0.9": {
          "recall_rate": 0.6289308176100629,
          "precision_rate": 0.14968553459119496
        }
      },
      "recall_mean": 0.6359189378057303,
      "precision_mean": 0.20405310971348709,
      "threshold_discrimination": 0.012578616352201255,
      "threshold_summary": {
        "threshold_auc": 0.6359189378057303,
        "slope": -0.0062893081761006275
      },
      "corr_mean": 0.8349940732358616,
      "corr_score": 0.8349940732358616,
      "smoothness_score": 0.0,
      "retrieval_score": 0.4098672257162823,
      "plausibility_score": 0.4174970366179308,
      "overall_score": 0.41368213116710656,
      "composite_score": 0.41368213116710656,
      "mrr_mean": 0.518332168646634,
      "precision_strict": 0.12718378756114604,
      "precision_lift": 0.0,
      "precision_associative": 0.20405310971348709,
      "similarity_recall_rate": 0.6352201257861635,
      "retention_curve": {
        "40": 0.0,
        "80": 1.0,
        "120": 0.7,
        "160": 0.5862068965517241,
        "200": 0.6352201257861635
      },
      "retention_auc": 0.5842854044675775,
      "selectivity_score": 0.05031446540880499,
      "robustness_score": 0.0,
      "eval_v2_score": 0.28053849490349164
    },
    {
      "tick": 200,
      "recall_rate": 0.5722222222222222,
      "precision_rate": 0.20333333333333334,
      "activation_recall_correlation": 0.9390733063929607,
      "fact_episode_delta": 0.3541818181818182,
      "forgetting_curve_smoothness": 0.10416853799454265,
      "storage_std": 0.2935536468583068,
      "storage_iqr": 0.5142203271756539,
      "storage_gini": 0.5110700599337705,
      "retrieval_std": 0.29349322081576873,
      "retrieval_iqr": 0.5142203271756539,
      "retrieval_gini": 0.5110324843115379,
      "activation_std": 0.2935536468583068,
      "activation_iqr": 0.5142203271756539,
      "activation_gini": 0.5110700599337705,
      "threshold_metrics": {
        "0.1": {
          "recall_rate": 0.5722222222222222,
          "precision_rate": 0.20333333333333334
        },
        "0.2": {
          "recall_rate": 0.5722222222222222,
          "precision_rate": 0.20333333333333334
        },
        "0.3": {
          "recall_rate": 0.5722222222222222,
          "precision_rate": 0.20333333333333334
        },
        "0.4": {
          "recall_rate": 0.5722222222222222,
          "precision_rate": 0.20333333333333334
        },
        "0.5": {
          "recall_rate": 0.5722222222222222,
          "precision_rate": 0.19666666666666666
        },
        "0.6": {
          "recall_rate": 0.5888888888888889,
          "precision_rate": 0.1811111111111111
        },
        "0.7": {
          "recall_rate": 0.5777777777777777,
          "precision_rate": 0.17444444444444446
        },
        "0.8": {
          "recall_rate": 0.5722222222222222,
          "precision_rate": 0.17
        },
        "0.9": {
          "recall_rate": 0.5666666666666667,
          "precision_rate": 0.14555555555555555
        }
      },
      "recall_mean": 0.574074074074074,
      "precision_mean": 0.1867901234567901,
      "threshold_discrimination": 0.022222222222222254,
      "threshold_summary": {
        "threshold_auc": 0.574074074074074,
        "slope": -0.005555555555555536
      },
      "corr_mean": 0.8987073707369024,
      "corr_score": 0.8987073707369024,
      "smoothness_score": 0.0,
      "retrieval_score": 0.3772716049382716,