{
  "fold_scores": [
    {
      "tick": 200,
      "recall_rate": 0.6809815950920245,
      "precision_rate": 0.2650306748466258,
      "activation_recall_correlation": 0.4757992939441033,
      "fact_episode_delta": 0.34858757062146895,
      "forgetting_curve_smoothness": 0.003979640048290882,
      "storage_std": 0.20053556131179578,
      "storage_iqr": 0.299746874601266,
      "storage_gini": 0.2140801948357829,
      "retrieval_std": 0.206336998955106,
      "retrieval_iqr": 0.299746874601266,
      "retrieval_gini": 0.2181793388622584,
      "activation_std": 0.20053556131179578,
      "activation_iqr": 0.299746874601266,
      "activation_gini": 0.2140801948357829,
      "threshold_metrics": {
        "0.1": {
          "recall_rate": 0.6809815950920245,
          "precision_rate": 0.2650306748466258
        },
        "0.2": {
          "recall_rate": 0.6809815950920245,
          "precision_rate": 0.2650306748466258
        },
        "0.3": {
          "recall_rate": 0.6809815950920245,
          "precision_rate": 0.2650306748466258
        },
        "0.4": {
          "recall_rate": 0.6809815950920245,
          "precision_rate": 0.2650306748466258
        },
        "0.5": {
          "recall_rate": 0.6809815950920245,
          "precision_rate": 0.2650306748466258
        },
        "0.6": {
          "recall_rate": 0.6871165644171779,
          "precision_rate": 0.2674846625766871
        },
        "0.7": {
          "recall_rate": 0.7116564417177914,
          "precision_rate": 0.27975460122699386
        },
        "0.8": {
          "recall_rate": 0.4294478527607362,
          "precision_rate": 0.1361963190184049
        },
        "0.9": {
          "recall_rate": 0.2883435582822086,
          "precision_rate": 0.09325153374233129
        }
      },
      "recall_mean": 0.6134969325153373,
      "precision_mean": 0.23353783231083847,
      "threshold_discrimination": 0.4233128834355828,
      "threshold_summary": {
        "threshold_auc": 0.6134969325153373,
        "slope": -0.3926380368098159
      },
      "corr_mean": 0.39853953643849777,
      "corr_score": 0.39853953643849777,
      "smoothness_score": 0.9602035995170912,
      "retrieval_score": 0.5405316973415133,
      "forgetting_score": 0.503621917119361,
      "non_target_mean_storage": 0.49637808288063906,
      "plausibility_score": 0.39853953643849777,
      "overall_score": 0.4921152340380061,
      "composite_score": 0.4921152340380061,
      "mrr_mean": 0.451351965462395,
      "precision_strict": 0.12269938650306747,
      "precision_lift": 0.0,
      "precision_associative": 0.23353783231083847,
      "similarity_recall_rate": 0.6809815950920245,
      "retention_curve": {
        "40": 1.0,
        "80": 1.0,
        "120": 0.8125,
        "160": 0.6558441558441559,
        "200": 0.6809815950920245
      },
      "retention_auc": 0.8298651501872361,
      "selectivity_score": 0.011860940695296474,
      "robustness_score": 0.0
    },
    {
      "tick": 200,
      "recall_rate": 0.6477987421383647,
      "precision_rate": 0.25660377358490566,
      "activation_recall_correlation": 0.3642131490000293,
      "fact_episode_delta": 0.3095412844036697,
      "forgetting_curve_smoothness": 0.10132170251779538,
      "storage_std": 0.20042199073876585,
      "storage_iqr": 0.299746874601266,
      "storage_gini": 0.21411253443759046,
      "retrieval_std": 0.2056680256141643,
      "retrieval_iqr": 0.299746874601266,
      "retrieval_gini": 0.21780543652231724,
      "activation_std": 0.20042199073876585,
      "activation_iqr": 0.299746874601266,
      "activation_gini": 0.21411253443759046,
      "threshold_metrics": {
        "0.1": {
          "recall_rate": 0.6477987421383647,
          "precision_rate": 0.25660377358490566
        },
        "0.2": {
          "recall_rate": 0.6477987421383647,
          "precision_rate": 0.25660377358490566
        },
        "0.3": {
          "recall_rate": 0.6477987421383647,
          "precision_rate": 0.25660377358490566
        },
        "0.4": {
          "recall_rate": 0.6477987421383647,
          "precision_rate": 0.25660377358490566
        },
        "0.5": {
          "recall_rate": 0.6477987421383647,
          "precision_rate": 0.25660377358490566
        },
        "0.6": {
          "recall_rate": 0.6477987421383647,
          "precision_rate": 0.25660377358490566
        },
        "0.7": {
          "recall_rate": 0.660377358490566,
          "precision_rate": 0.2641509433962264
        },
        "0.8": {
          "recall_rate": 0.5031446540880503,
          "precision_rate": 0.15974842767295597
        },
        "0.9": {
          "recall_rate": 0.31446540880503143,
          "precision_rate": 0.10566037735849057
        }
      },
      "recall_mean": 0.5960866526904263,
      "precision_mean": 0.22990915443745635,
      "threshold_discrimination": 0.34591194968553457,
      "threshold_summary": {
        "threshold_auc": 0.5960866526904263,
        "slope": -0.3333333333333333
      },
      "corr_mean": 0.27979274585915137,
      "corr_score": 0.27979274585915137,
      "smoothness_score": 0.0,
      "retrieval_score": 0.5222973445143256,
      "forgetting_score": 0.5040403442657161,
      "non_target_mean_storage": 0.4959596557342839,
      "plausibility_score": 0.27979274585915137,
      "overall_score": 0.4552812447635187,
      "composite_score": 0.4552812447635187,
      "mrr_mean": 0.43211041229909153,
      "precision_strict": 0.11921733053808525,
      "precision_lift": 0.0,
      "precision_associative": 0.22990915443745635,
      "similarity_recall_rate": 0.6477987421383647,
      "retention_curve": {
        "40": 0.0,
        "80": 1.0,
        "120": 0.8,
        "160": 0.6344827586206897,
        "200": 0.6477987421383647
      },
      "retention_auc": 0.616456300151811,
      "selectivity_score": 0.008525506638714153,
      "robustness_score": 0.0
    },
    {
      "tick": 200,
      "recall_rate": 0.6055555555555555,
      "precision_rate": 0.2633333333333333,
      "activation_recall_correlation": 0.3083039160750179,
      "fact_episode_delta": 0.20145454545454544,
      "forgetting_curve_smoothness": 0.10848160008283977,
      "storage_std": 0.20073223829921782,
      "storage_iqr": 0.299746874601266,
      "storage_gini": 0.2143709660512649,
      "retrieval_std": 0.20640629950832082,
      "retrieval_iqr": 0.299746874601266,
      "retrieval_gini": 0.21837235693190418,
      "activation_std": 0.20073223829921782,
      "activation_iqr": 0.299746874601266,
      "activation_gini": 0.2143709660512649,
      "threshold_metrics": {
        "0.1": {
          "recall_rate": 0.6055555555555555,
          "precision_rate": 0.2633333333333333
        },
        "0.2": {
          "recall_rate": 0.6055555555555555,
          "precision_rate": 0.2633333333333333
        },
        "0.3": {
          "recall_rate": 0.6055555555555555,
          "precision_rate": 0.2633333333333333
        },
        "0.4": {
          "recall_rate": 0.6055555555555555,
          "precision_rate": 0.2633333333333333
        },
        "0.5": {
          "recall_rate": 0.6055555555555555,
          "precision_rate": 0.2633333333333333
        },
        "0.6": {
          "recall_rate": 0.6111111111111112,
          "precision_rate": 0.2644444444444444
        },
        "0.7": {
          "recall_rate": 0.6222222222222222,
          "precision_rate": 0.2722222222222222
        },
        "0.8": {
          "recall_rate": 0.46111111111111114,
          "precision_rate": 0.15666666666666668
        },
        "0.9": {
          "recall_rate": 0.29444444444444445,
          "precision_rate": 0.1
        }
      },
      "recall_mean": 0.5574074074074074,
      "precision_mean": 0.23444444444444443,
      "threshold_discrimination": 0.3277777777777778,
      "threshold_summary": {
        "threshold_auc": 0.5574074074074074,
        "slope": -0.31111111111111106
      },